CreateMeshBuilder
AddVertex,1.3, 4.7, 0.0
AddVertex,7.5, 4.7, 0.0
AddVertex,7.5, 4.7,25.0
AddVertex,1.3, 4.7,25.0
AddFace2,0,1,2,3
LoadTexture,../../../EDtozai/Roof1/MzRoof1.bmp
SetTextureCoordinates,0, 0, 1
SetTextureCoordinates,1, 0, 0
SetTextureCoordinates,2, 35, 0
SetTextureCoordinates,3, 35, 1
GenerateNormals
SetEmissiveColor,115,115,115,

CreateMeshBuilder
AddVertex,7.5, 6.4, 0.0
AddVertex,1.3, 6.4, 0.0
AddVertex,1.3, 6.4,25.0
AddVertex,1.3, 4.7,25.0
AddVertex,1.3, 4.7, 0.0
AddVertex,7.5, 4.7, 0.0
AddFace2,5,4,1,0,
AddFace2,4,3,2,1,
LoadTexture,../../../EDtozai/Wall/bordwall_A.bmp,
SetTextureCoordinates,0,0,0,
SetTextureCoordinates,1,1,0,
SetTextureCoordinates,2,3,0,
SetTextureCoordinates,3,3,1,
SetTextureCoordinates,4,1,1,
SetTextureCoordinates,5,0,1,
GenerateNormals
SetEmissiveColor,115,115,115,