CreateMeshBuilder,
AddVertex,-4.6, 0.14, 10.4,
AddVertex, 4.6, 0.14, 10.4,
AddVertex, 4.6, 0.14, 0,
AddVertex,-4.6, 0.14, 0,
AddFace,0,1,2,3
LoadTexture,intersection.bmp
SetTextureCoordinates,0,0,0
SetTextureCoordinates,1,1,0
SetTextureCoordinates,2,1,1
SetTextureCoordinates,3,0,1
SetDecalTransparentColor,0,0,255
Setcolor,190,190,190
GenerateNormals,

CreateMeshBuilder,
AddVertex,-3.3, 0.11, 0,
AddVertex,-3.3, 0.11, 25.3,
AddVertex, 3.7, 0.11, 25.3,
AddVertex, 3.7, 0.11, 0,
AddFace,0,1,2,3
LoadTexture,roadA.bmp,
SetTextureCoordinates,0,0,0
SetTextureCoordinates,1,0,5
SetTextureCoordinates,2,1,5
SetTextureCoordinates,3,1,0
Rotate,0,1,0,270
Translate,-0.4,0,5
Setcolor,190,190,190
GenerateNormals,

CreateMeshBuilder,
AddVertex,-3.2, 0.11, 0,
AddVertex,-3.1, 0.11, 25.3,
AddVertex, 3.3, 0.11, 25.3,
AddVertex, 3.2, 0.11, 0,
AddFace,0,1,2,3
LoadTexture,roadA.bmp,
SetTextureCoordinates,0,0,0
SetTextureCoordinates,1,0,5
SetTextureCoordinates,2,1,5
SetTextureCoordinates,3,1,0
Setcolor,190,190,190
GenerateNormals,

CreateMeshBuilder,
AddVertex,-3.1, 0.01, 8.7,
AddVertex,-3.1, 0.38, 8.7,
ADdVertex,-25.2,0.38, 8.7,
AddVertex,-25.2,0.38, 25.2,
AddVertex,-3.1, 0.38, 25.2,
AddVertex,-3.1, 0.01, 25.2,
AddVertex,-25.2,0.01, 8.7
AddFace,0,1,4,5
AddFace,1,2,3,4
AddFace,6,2,1,0
LoadTexture,roadC.bmp,
SetTextureCoordinates,0,0,1,
SetTextureCoordinates,1,0,0.5,
SetTextureCoordinates,2,0,0,
SetTextureCoordinates,3,1,0,
SetTextureCoordinates,4,1,0.5,
SetTextureCoordinates,5,1,1,
SetTextureCoordinates,6,0,1,
GenerateNormals,