CreateMeshBuilder,
AddVertex,-2.6, -0.6, -2,
AddVertex,-1.9, -0.6, -2,
AddVertex,-1.9, -1.5, -2,
AddVertex, 8.9, -1.5, -2,
AddVertex,-2.6, -0.6, 26,
AddVertex,-1.9, -0.6, 26,
AddVertex,-1.9, -1.5, 26,
AddVertex, 8.9, -1.5, 26,;;;;;;;7
AddVertex,9.6, -0.6, -2,
AddVertex,8.9, -0.6, -2,
AddVertex,8.9, -1.5, -2,
AddVertex,9.6, -0.6, 26,
AddVertex,8.9, -0.6, 26,
AddVertex,8.9, -1.5, 26,
AddFace2,0,1,5,4,
AddFace2,1,2,6,5,
AddFace2,2,3,7,6,
AddFace2,8,9,12,11,
AddFace2,9,10,13,12
LoadTexture,../../../EDtozai\bridge\kiyo_under.bmp
SetTextureCoordinates,0, 0, 0,
SetTextureCoordinates,1, 0, -0.03,
SetTextureCoordinates,2, 0, -0.08,
SetTextureCoordinates,3, 0, 1,
SetTextureCoordinates,4, 2, 0,
SetTextureCoordinates,5, 2, -0.03,
SetTextureCoordinates,6, 2, -0.08,
SetTextureCoordinates,7, 2, 1,
SetTextureCoordinates,8, 0, 1.03,
SetTextureCoordinates,9, 0, 1.08,
SetTextureCoordinates,10, 0, 1.03,
SetTextureCoordinates,11, 2, 1.03,
SetTextureCoordinates,12, 2, 1.08,
SetTextureCoordinates,13, 2, 1.03,
SetColor,195,235,255
GenerateNormals,


CreateMeshBuilder,
AddVertex,-1.9, -0.5, 0,
AddVertex,-2.5, -0.5, 0,
AddVertex,-2.5,  1.5, 0,
AddVertex,-2.6,  1.5, 0,
AddVertex,-2.6, -0.6, 0,
AddVertex,-1.9, -0.5, 25.3,
AddVertex,-2.5, -0.5, 25.3,
AddVertex,-2.5,  1.5, 25.3,
AddVertex,-2.6,  1.5, 25.3,
AddVertex,-2.6, -0.6, 25.3,
AddFace,0,1,6,5,
AddFace,1,2,7,6,
AddFace,2,3,8,7,
AddFace2,3,4,9,8,
GenerateNormals,
LoadTexture,../Con2.bmp,
SetTextureCoordinates,0, 0, 1,
SetTextureCoordinates,1, 0, 0.8,
SetTextureCoordinates,2, 0, 1,
SetTextureCoordinates,3, 0, 0.9,
SetTextureCoordinates,4, 0, 0,
SetTextureCoordinates,9, 12, 0,
SetTextureCoordinates,8, 12, 0.8,
SetTextureCoordinates,7, 12, 1,
SetTextureCoordinates,6, 12, 0.9,
SetTextureCoordinates,5, 12, 1,

CreateMeshBuilder,
AddVertex,1.9, -0.5, 0,
AddVertex,2.5, -0.5, 0,
AddVertex,2.5, 1.5, 0,
AddVertex,2.6, 1.5, 0,
AddVertex,2.6, -0.6, 0,
AddVertex,1.9, -0.5, 25.3,
AddVertex,2.5, -0.5, 25.3,
AddVertex,2.5, 1.5, 25.3,
AddVertex,2.6, 1.5, 25.3,
AddVertex,2.6, -0.6, 25.3,
AddFace,1, 0, 5, 6,
AddFace,2, 1, 6, 7,
AddFace,3, 2, 7, 8,
AddFace,4, 3, 8, 9,
GenerateNormals,
LoadTexture,../Con2.bmp,
SetTextureCoordinates,0, 0, 1,
SetTextureCoordinates,1, 0, 0.8,
SetTextureCoordinates,2, 0, 1,
SetTextureCoordinates,3, 0, 0.9,
SetTextureCoordinates,4, 0, 0,
SetTextureCoordinates,9, 12, 0,
SetTextureCoordinates,8, 12, 0.8,
SetTextureCoordinates,7, 12, 1,
SetTextureCoordinates,6, 12, 0.9,
SetTextureCoordinates,5, 12, 1,
Translate,7,0,0

CreateMeshBuilder,
AddVertex,-1.9, -1.2, 0
AddVertex,-1.9, -1.2, 26.3
AddVertex, 8.9, -1.2, 26.3
AddVertex, 8.9, -1.2, 0
AddFace,0,1,2,3
Setcolor,200,200,200
LoadTexture,road(K).bmp
SetTextureCoordinates,0,0,5,
SetTextureCoordinates,1,0,0,
SetTextureCoordinates,2,2,0,
SetTextureCoordinates,3,2,5,
GenerateNormals,

CreateMeshBuilder,
AddVertex,-3, -2, 0
AddVertex,-3,  4.2, 0
AddVertex,-0.7,  4.2, 0
AddVertex,-0.7, -2, 0
AddFace,0,1,2,3
LoadTexture,right2.bmp,
SetTextureCoordinates,0,0,1,
SetTextureCoordinates,1,0,0,
SetTextureCoordinates,2,1,0,
SetTextureCoordinates,3,1,1,
SetDecalTransparentColor,0,0,0
GenerateNormals,
Translate,0.7,1.5,0

CreateMeshBuilder
AddVertex,3, -2, 0
AddVertex,3,  4.2, 0
AddVertex,0.7,  4.2, 0
AddVertex,0.7, -2, 0
AddFace,3,2,1,0
LoadTexture,right2.bmp
SetTextureCoordinates,0,0,1
SetTextureCoordinates,1,0,0
SetTextureCoordinates,2,1,0
SetTextureCoordinates,3,1,1
SetDecalTransparentColor,0,0,0
GenerateNormals
Translate,6.3,1.5,0

CreateMeshBuilder,
AddVertex,3.05, -1.25, 0
AddVertex,3.05, -0.43, 0
AddVertex,3.87, -0.43, 0
AddVertex,3.87, -1.25, 0
AddVertex,3.87, -1.25, 24
AddVertex,3.87, -0.43, 24
AddVertex,3.05, -0.43, 24
AddVertex,3.05, -1.25, 24
AddFace,7,6,1,0
AddFace,6,5,2,1
AddFace,5,4,3,2
AddFace,0,1,2,3
Setcolor,170,170,170
LoadTexture,../..\bg1.bmp
SetTextureCoordinates,0   ,0,0
SetTextureCoordinates,1   ,0.8,0
SetTextureCoordinates,2   ,0.5,0
SetTextureCoordinates,3   ,0,0
SetTextureCoordinates,4   ,0,2
SetTextureCoordinates,5   ,0.5,2
SetTextureCoordinates,6   ,0.8,2
SetTextureCoordinates,7   ,0,2
GenerateNormals,

CreateMeshBuilder,
AddVertex,-1.85, -1.55, 0
AddVertex,8.85, -1.55, 0
AddVertex,8.85, -15.40, 0
AddVertex,-1.85, -15.40, 0
AddFace,0,1,2,3
LoadTexture,../bridge\BridgeA.bmp
SetTextureCoordinates,0   ,1,0
SetTextureCoordinates,1   ,0,0
SetTextureCoordinates,2   ,0,1
SetTextureCoordinates,3   ,1,1
SetDecalTransparentColor,0,0,255
GenerateNormals,