CreateMeshBuilder
AddVertex,9.0, 0.11, 0
AddVertex,9.0, 0.10, 27.3
AddVertex,-3.2, 0.10, 27.3
AddVertex,-3.2, 0.11, 0
AddFace,3,2,1,0
LoadTexture,roadA.bmp
SetTextureCoordinates,0,0,0
SetTextureCoordinates,1,0,5
SetTextureCoordinates,2,2,5
SetTextureCoordinates,3,2,0
Setcolor,190,190,190,
GenerateNormals

CreateMeshBuilder,
AddVertex,-5.2,12.01, 0,
AddVertex,-3.2, 0.01, 0,
AddVertex,-3.2, 0.01, 27.2,
AddVertex,-5.2,12.01, 27.2,
AddFace,3,2,1,0,
LoadTexture,roadB_wa.bmp,
SetTextureCoordinates,0,0,0,
SetTextureCoordinates,1,0,1,
SetTextureCoordinates,2,1,1,
SetTextureCoordinates,3,1,0,
GenerateNormals,
SetDecalTransparentColor,255,0,0