CreateMeshBuilder
AddVertex, 0.1, 5.0, 1.3,
AddVertex, 0.1, 5.0, 0.0,
AddVertex, 1.2, 5.0, 0.0,
AddVertex, 1.2, 1.1, 0.0,
AddVertex, 0.1, 1.1, 0.0,
AddVertex, 0.1, 1.1, 1.3,
AddFace,0,1,4,5
AddFace,1,2,3,4
LoadTexture,MSpole2.bmp
SetTextureCoordinates,0,0,0,
SetTextureCoordinates,1,0,1,
SetTextureCoordinates,2,0,2,
SetTextureCoordinates,3,1,2,
SetTextureCoordinates,4,1,1,
SetTextureCoordinates,5,1,0,
;SetColor,190,190,175
GenerateNormals,
Translate,4.5,0,0

CreateMeshBuilder
AddVertex, 0.1, 5.0, 10.9,
AddVertex, 0.1, 5.0, 9.6,
AddVertex, 1.2, 5.0, 9.6,
AddVertex, 1.2, 1.1, 9.6,
AddVertex, 0.1, 1.1, 9.6,
AddVertex, 0.1, 1.1, 10.9,
AddFace,0,1,4,5
AddFace,1,2,3,4
LoadTexture,MSpole2.bmp
SetTextureCoordinates,0,0,0,
SetTextureCoordinates,1,0,1,
SetTextureCoordinates,2,0,2,
SetTextureCoordinates,3,1,2,
SetTextureCoordinates,4,1,1,
SetTextureCoordinates,5,1,0,
;SetColor,190,190,175
GenerateNormals,
Translate,4.5,0,0

CreateMeshBuilder
AddVertex, 0.1, 5.0, 17.9,
AddVertex, 0.1, 5.0, 16.6,
AddVertex, 1.2, 5.0, 16.6,
AddVertex, 1.2, 1.1, 16.6,
AddVertex, 0.1, 1.1, 16.6,
AddVertex, 0.1, 1.1, 17.9,
AddFace,0,1,4,5
AddFace,1,2,3,4
LoadTexture,MSpole2.bmp
SetTextureCoordinates,0,0,0,
SetTextureCoordinates,1,0,1,
SetTextureCoordinates,2,0,2,
SetTextureCoordinates,3,1,2,
SetTextureCoordinates,4,1,1,
SetTextureCoordinates,5,1,0,
;SetColor,190,190,175
GenerateNormals,
Translate,4.5,0,0

CreateMeshBuilder
AddVertex,4.59, 3.5, 17.05
AddVertex,4.59, 2.1, 17.05
AddVertex,4.59, 2.1, 17.45
AddVertex,4.59, 3.5, 17.45
AddFace,0,1,2,3
GenerateNormals,
LoadTexture,MSmark.bmp
SetTextureCoordinates,0,0,1
SetTextureCoordinates,1,0,0
SetTextureCoordinates,2,1,0
SetTextureCoordinates,3,1,1

CreateMeshBuilder
AddVertex,0,0,0
AddVertex,0,0.3,0
AddVertex,0,0.3,0.6
AddVertex,0,0,0.6
AddFace,0,1,2,3
GenerateNormals,
LoadTexture,../../sta\minamisuna.bmp
SetTextureCoordinates,0,0,1
SetTextureCoordinates,1,0,0
SetTextureCoordinates,2,1,0
SetTextureCoordinates,3,1,1
Rotate,0,1,0,180
Translate,4.58 ,2.7 ,0.9

CreateMeshBuilder
AddVertex,0,0,0
AddVertex,0,0.3,0
AddVertex,0,0.3,0.6
AddVertex,0,0,0.6
AddFace,0,1,2,3
GenerateNormals,
LoadTexture,../../sta\minamisuna.bmp
SetTextureCoordinates,0,0,1
SetTextureCoordinates,1,0,0
SetTextureCoordinates,2,1,0
SetTextureCoordinates,3,1,1
Rotate,0,1,0,180
Translate,4.58 ,2.7 ,10.45

CreateMeshBuilder
AddVertex, 1.0, 1.1, 8.3,
AddVertex, 0.1, 1.1, 8.3,
AddVertex, 0.1, 1.1, 9.3,
AddVertex, 0.1, 3.8, 9.3,
AddVertex, 0.1, 3.8, 8.3,
AddVertex, 1.0, 3.8, 8.3,
AddFace,0,1,4,5
AddFace,1,2,3,4
LoadTexture,MSpole.bmp
SetTextureCoordinates,0,0,1,
SetTextureCoordinates,1,0,0.42,
SetTextureCoordinates,2,0,0,
SetTextureCoordinates,3,1,0,
SetTextureCoordinates,4,1,0.42,
SetTextureCoordinates,5,1,1,
GenerateNormals,
Translate,4.5,0,0