CreateMeshBuilder
AddVertex, 0.0, 5, 1.3,
AddVertex, 0.0, 5, 0.0,
AddVertex, 1.3, 5, 0.0,
AddVertex, 1.3, 0, 0.0,
AddVertex, 0.0, 0, 0.0,
AddVertex, 0.0, 0, 1.3,
AddFace,0,1,4,5
AddFace,1,2,3,4
LoadTexture,MSpole2.bmp
SetTextureCoordinates,0,0,1,
SetTextureCoordinates,1,0,2.5,
SetTextureCoordinates,2,0,4,
SetTextureCoordinates,3,1,4,
SetTextureCoordinates,4,1,2.5,
SetTextureCoordinates,5,1,1,
GenerateNormals,
Translate,4,0,0

CreateMeshBuilder
AddVertex, 1.3, 0, 12.5,
AddVertex, 0.0, 0, 12.5,
AddVertex, 0.0, 0, 13.8,
AddVertex, 0.0, 5, 13.8,
AddVertex, 0.0, 5, 12.5,
AddVertex, 1.3, 5, 12.5,
AddFace,0,1,4,5
AddFace,1,2,3,4
LoadTexture,MSpole2.bmp
SetTextureCoordinates,0,0,1,
SetTextureCoordinates,1,0,2.5,
SetTextureCoordinates,2,0,0,
SetTextureCoordinates,3,1,0,
SetTextureCoordinates,4,1,2.5,
SetTextureCoordinates,5,1,1,
GenerateNormals,
Translate,4,0,0

CreateMeshBuilder
AddVertex,0,0,0
AddVertex,0,0.3,0
AddVertex,0,0.3,0.6
AddVertex,0,0,0.6
AddFace,0,1,2,3
GenerateNormals,
LoadTexture,../../sta\minamisuna.bmp
SetTextureCoordinates,0,0,1
SetTextureCoordinates,1,0,0
SetTextureCoordinates,2,1,0
SetTextureCoordinates,3,1,1
Rotate,0,1,0,180
Translate,3.98 ,2.7 ,0.9

CreateMeshBuilder
AddVertex,0,0,0
AddVertex,0,0.3,0
AddVertex,0,0.3,0.6
AddVertex,0,0,0.6
AddFace,0,1,2,3
GenerateNormals,
LoadTexture,../../sta\minamisuna.bmp
SetTextureCoordinates,0,0,1
SetTextureCoordinates,1,0,0
SetTextureCoordinates,2,1,0
SetTextureCoordinates,3,1,1
Rotate,0,1,0,180
Translate,3.98 ,2.7 ,13.45

CreateMeshBuilder
AddVertex, 1.1, 1.1, 11.2,
AddVertex, 0.0, 1.1, 11.2,
AddVertex, 0.0, 1.1, 12.2,
AddVertex, 0.0, 3.8, 12.2,
AddVertex, 0.0, 3.8, 11.2,
AddVertex, 1.1, 3.8, 11.2,
AddFace,0,1,4,5
AddFace,1,2,3,4
LoadTexture,MSpole.bmp
SetTextureCoordinates,0,0,1,
SetTextureCoordinates,1,0,0.42,
SetTextureCoordinates,2,0,0,
SetTextureCoordinates,3,1,0,
SetTextureCoordinates,4,1,0.42,
SetTextureCoordinates,5,1,1,
GenerateNormals,
Translate,4,0,0