CreateMeshBuilder
AddVertex,-2.1, -1.5, -0.9,
AddVertex,-2.1, -3, -0.9,
AddVertex,-.5, -3.5, -0.9,
AddVertex,-.5, -16, -0.9,
AddVertex,5.9, -1.5, -0.9,
AddVertex,5.9, -3, -0.9,
AddVertex,4.3, -3.5, -0.9,
AddVertex,4.3, -16, -0.9,
AddFace,1,0,4,5
AddFace,2,1,5,6
AddFace,3,2,6,7
GenerateNormals
LoadTexture,con2-1.bmp,
SetTextureCoordinates,0,0.800,2
SetTextureCoordinates,1,0.235,2
SetTextureCoordinates,2,0.176,1
SetTextureCoordinates,3,0.000,1
SetTextureCoordinates,4,0.800,0
SetTextureCoordinates,5,0.235,0
SetTextureCoordinates,6,0.176,0
SetTextureCoordinates,7,0.000,0
Translate,0,0.5,0

CreateMeshBuilder
AddVertex,-2.1, -1.5, -0.9,
AddVertex,-2.1, -3, -0.9,
AddVertex,-.5, -3.5, -0.9,
AddVertex,-.5, -16, -0.9,
AddVertex,-2.1, -1.5, 0.9,
AddVertex,-2.1, -3, 0.9,
AddVertex,-.5, -3.5, 0.9,
AddVertex,-.5, -16, 0.9,
AddFace,5,4,0,1
AddFace,6,5,1,2
AddFace,7,6,2,3
GenerateNormals
LoadTexture,con2-1.bmp,
SetTextureCoordinates,0,0.800,2
SetTextureCoordinates,1,0.235,2
SetTextureCoordinates,2,0.176,1
SetTextureCoordinates,3,0.000,1
SetTextureCoordinates,4,0.800,0
SetTextureCoordinates,5,0.235,0
SetTextureCoordinates,6,0.176,0
SetTextureCoordinates,7,0.000,0
Translate,0,0.5,0

CreateMeshBuilder
AddVertex,5.9, -1.5, -0.9,
AddVertex,5.9, -3, -0.9,
AddVertex,4.3, -3.5, -0.9,
AddVertex,4.3, -16, -0.9,
AddVertex,5.9, -1.5, 0.9,
AddVertex,5.9, -3, 0.9,
AddVertex,4.3, -3.5, 0.9,
AddVertex,4.3, -16, 0.9,
AddFace,1,0,4,5
AddFace,2,1,5,6
AddFace,3,2,6,7
GenerateNormals
LoadTexture,con2-1.bmp,
SetTextureCoordinates,0,0.800,2
SetTextureCoordinates,1,0.235,2
SetTextureCoordinates,2,0.196,1
SetTextureCoordinates,3,0.000,1
SetTextureCoordinates,4,0.800,0.5
SetTextureCoordinates,5,0.235,0.5
SetTextureCoordinates,6,0.196,0
SetTextureCoordinates,7,0.000,0
Translate,0,0.5,0