CreateMeshBuilder,
AddVertex,-0.8, 0.55, -1
AddVertex,-0.8, 0.9, -1
AddVertex,-0.2, 0.9, -1
AddVertex,-0.2, 0.55, -1
AddFace,0,1,2,3
LoadTexture,l10.bmp,
SetTextureCoordinates,0,0,1,
SetTextureCoordinates,1,0,0,
SetTextureCoordinates,2,1,0,
SetTextureCoordinates,3,1,1,
GenerateNormals,
Translate,-1.5,-0.7,0

CreateMeshBuilder,
AddVertex,-0.53,-0.5, -1
AddVertex,-0.53, 0.55, -1
AddVertex,-0.47, 0.55, -1
AddVertex,-0.47,-0.5, -1
AddFace,0,1,2,3,
Setcolor,25,25,25
GenerateNormals,
Translate,-1.5,-0.7,0