<!-- BVE Highlighter Mod by Chris Lees  -->
<!-- Dunno why I can't use highlighters 3, 4 & 6  without breaking things -->

<?xml version="1.0" encoding="Windows-1252" ?>
<NotepadPlus>
    <Languages>
        <!-- Comments are the comment that is used from the context (right click) menu when you tell np++ to comment a line. -->
        <!-- You can change these to C++ comments instead of Lua ones if you want. -->
        <Language name="OpenBVE" ext ="csv">
            <!-- name must be the corresponding WordsStyle keywordClass below. -->
            <!-- instruction words must be "0" for folding to work right. -->
            <Keywords name="0">curve adhesion turn pitch fog limit ground height</Keywords>
			<Keywords name="1">rail railstart railend railtype</Keywords>
			<Keywords name="2">wall wallend dike dikeend pole poleend crack</Keywords>
			<Keywords name="5">freeobj announce</Keywords>
			<Keywords name="7">sigf section beacon marker</Keywords>
			<Keywords name="8">sta stop form forml formr</Keywords>
			

            
        </Language>
    </Languages>
    <LexerStyles>
        <!-- ext is the "user defined" one that you set within Notepad++. -->
        <LexerType name="OpenBVE" desc="OpenBVE" excluded="no" ext="">
            <WordsStyle name="Default Style" styleID="0" fgColor="000000" bgColor="FFFFFF" fontName="" fontStyle="0" fontSize="" />
            
            <!-- name is what shows up in the styler config for that style. -->
            <!-- styleID must be 20 through 29 and must be 20 plus the value of the keywordClass. -->
            <!-- keywordClass can be a number between 0 and 8 and corresponds with the group of Keywords above. -->
            <WordsStyle name="Primary Paramaters" styleID="20" fgColor="0000FF" bgColor="FFFFFF" fontName="" fontStyle="1" fontSize="" keywordClass="0" />
            <WordsStyle name="Rails & Types" styleID="21" fgColor="808000" bgColor="FFFFFF" fontName="" fontStyle="0" fontSize="" keywordClass="1" />
            <WordsStyle name="Walls & Dikes" styleID="22" fgColor="0080C0" bgColor="FFFFFF" fontName="" fontStyle="0" fontSize="" keywordClass="2" />

			
            <WordsStyle name="Freeobjects & Sounds" styleID="25" fgColor="8000FF" bgColor="FFFFFF" fontName="" fontStyle="0" fontSize="" keywordClass="5" />

            <WordsStyle name="Signalling & Markers" styleID="27" fgColor="804040" bgColor="FFFFFF" fontName="" fontStyle="1" fontSize="" keywordClass="7" />
            <WordsStyle name="Stations & Platforms" styleID="28" fgColor="FF0000" bgColor="FFFFFF" fontName="" fontStyle="0" fontSize="" keywordClass="8" />
			
        </LexerType>
	</LexerStyles>
</NotepadPlus>
