CreateMeshBuilder
AddVertex,-55.0,-3.5, -25.4
AddVertex,-15.0,-3.5, -25.4
AddVertex,-10.0,-3.5, -25.4
AddVertex,-10.0, 6.5, 25.4
AddVertex,-15.0, 8.5, 25.4
AddVertex,-55.0, 8.5, 25.4
AddFace2,5,4,1,0,
AddFace2,4,3,2,1,
LoadTexture,../../ground5.bmp,
SetTextureCoordinates,0,0,0.0,
SetTextureCoordinates,1,0,3.0,
SetTextureCoordinates,2,0,3.7,
SetTextureCoordinates,3,2,3.7,
SetTextureCoordinates,4,2,3.0,
SetTextureCoordinates,5,2,0.0,

CreateMeshBuilder
AddVertex,-10.0,-3.5, -25.4
AddVertex,-10.0, 6.5, 25.4
AddVertex,-8.0, -3.9, 25.4
AddVertex,-9.0, -3.2, -25.4
AddFace,0,1,2,3,
LoadTexture,../dike_A01.png
SetTextureCoordinates,0,0,0.0,
SetTextureCoordinates,1,1,0.0,
SetTextureCoordinates,2,1,1.0,
SetTextureCoordinates,3,0,0.14,

CreateMeshBuilder
AddVertex,-15.5, 5.0, -22
AddVertex,-15.5, 13.8, 22
AddVertex,-15.5, 8.2, 22
AddVertex,-15.5,-2.2, -22
AddFace2,0,1,2,3,
LoadTexture,../../Road\guardrail4.bmp
SetTextureCoordinates,0,0,0.0,
SetTextureCoordinates,1,0,4.0,
SetTextureCoordinates,2,1,4.0,
SetTextureCoordinates,3,1,0.0,
SetDecalTransparentColor,0,0,255
Translate,0,-0.5,0,