CreateMeshBuilder,
AddVertex,-2.6,-0.40, +0
AddVertex,-2.6,+5.68, +0
AddVertex,-2.6,+5.68, +26.12
AddVertex,-2.6,-0.40, +26.12
AddFace,0,1,2,3 
LoadTexture,../Wall7.png
SetColor,255,255,245
SetTextureCoordinates,0, 0, 1,
SetTextureCoordinates,1, 0, 0,
SetTextureCoordinates,2, 1, 0,
SetTextureCoordinates,3, 1, 1,
SetEmissiveColor,65,65,60,
GenerateNormals,

CreateMeshBuilder,
AddVertex,-2.6,-0.37,+0.0
AddVertex,+4.5,-0.38,+0.0
AddVertex,+4.5,-0.38,+26.12
AddVertex,-2.6,-0.37,+26.12
AddFace,3,2,1,0
LoadTexture,../Slab4.png
SetTextureCoordinates,0, 0, 1
SetTextureCoordinates,1, 0, 0
SetTextureCoordinates,2, 1, 0
SetTextureCoordinates,3, 1, 1
SetColor,88,98,88
SetEmissiveColor,48,48,40,
GenerateNormals,

CreateMeshBuilder,
AddVertex,-2.6,+5.68,+ 0.0
AddVertex,+11.3,+5.68,+ 0.0
AddVertex,+11.3,+5.68,+26.12
AddVertex,-2.6,+5.68,+26.12
AddFace,0,1,2,3
LoadTexture,../Wall5.png
SetTextureCoordinates,0, 0, 1,
SetTextureCoordinates,1, 0, 0,
SetTextureCoordinates,2, 1, 0,
SetTextureCoordinates,3, 1, 1,
SetColor,50,50,40
SetEmissiveColor,10,10,10,
GenerateNormals,

CreateMeshBuilder,
AddVertex,-2.58, 4.4,  11.8,
AddVertex,-2.58, 4.4,  13.8,
AddVertex,-2.53, 4.4,  11.8,
AddVertex,-2.53, 4.4,  13.8,
AddVertex,-2.58, 4.35, 11.8,
AddVertex,-2.58, 4.35, 13.8,
AddVertex,-2.53, 4.35, 11.8,
AddVertex,-2.53, 4.35, 13.8,
AddFace2,0,2,6,4,
AddFace2,2,3,7,6,
AddFace2,0,1,3,2,
AddFace2,6,7,5,4,
SetColor,254,254,254,
SetEmissiveColor,245,245,240,
SetBlendMode,Additive,1,DivideExponent2
GenerateNormals,

CreateMeshBuilder,
AddVertex,-2.50, 4.8, 10.8,
AddVertex,-2.50, 4.8, 14.8,
AddVertex,-2.50, 2.45,15.8,
AddVertex,-2.50, 2.45,9.8
ADdFace2,0,1,2,3,
SetTextureCoordinates,0,0,0.85
SetTextureCoordinates,1,0,0.15
SetTextureCoordinates,2,0.5,0.0
SetTextureCoordinates,3,0.5,1.0
LoadTexture,../glow_white2.png
setcolor,205,205,205,80
SetEmissiveColor,255,255,255,
SetBlendMode,Additive,30,DivideExponent2


CreateMeshBuilder,
AddVertex,-2.60, 3.4, 0,
AddVertex,-2.60, 3.4, 25.12,
AddVertex,-2.50, 3.4, 25.12,
AddVertex,-2.50, 2.0, 25.12,
AddVertex,-2.50, 2.0, 0
AddVertex,-2.50, 3.4, 0
AddFace,0,1,2,5,
AddFace,5,2,3,4,
LoadTexture,../Wall8.png
SetTextureCoordinates,0,  0,0,
SetTextureCoordinates,1,  0,1,
SetTextureCoordinates,2,  0.1,1,
SetTextureCoordinates,3,  1,1,
SetTextureCoordinates,4,  1,0,
SetTextureCoordinates,5,  0.1,0,
SetEmissiveColor,125,125,115,
Translate,0,-1,0

CreateMeshBuilder,
AddVertex,-2.60, 1.4, 0,
AddVertex,-2.60, 1.4, 25.12,
AddVertex,-2.40, 1.4, 25.12,
AddVertex,-2.40, 1.0, 25.12,
AddVertex,-1.90, 1.0, 25.12,
AddVertex,-1.90, 0.6, 25.12,
AddVertex,-1.90, 0.6, 0,
AddVertex,-1.90, 1.0, 0,
AddVertex,-2.40, 1.0, 0
AddVertex,-2.40, 1.4, 0
AddFace,0,1,2,9,
AddFace,9,2,3,8,
AddFace,8,3,4,7,
AddFace,7,4,5,6,
LoadTexture,../Wall91.png
SetTextureCoordinates,0,  0   ,0,
SetTextureCoordinates,1,  0   ,1,
SetTextureCoordinates,2,  0.15,1,
SetTextureCoordinates,3,  0.35,1,
SetTextureCoordinates,4,  0.65,1,
SetTextureCoordinates,5,  1   ,1, 
SetTextureCoordinates,6,  1   ,0, 
SetTextureCoordinates,7,  0.65,0,
SetTextureCoordinates,8,  0.35,0,
SetTextureCoordinates,9,  0.15,0,
SetEmissiveColor,105,105,95,
Translate,0,-1,0