CreateMeshBuilder,
AddVertex, 0.0, 0.6, 0
AddVertex, 0.1, 0.6, 0
AddVertex, 0.05, 0.6, 0.1
AddVertex, 0.05, 0.15, 0.1
AddVertex, 0.1, 0.15, 0
AddVertex, 0.0, 0.15, 0
AddVertex, 0.05, 0.6, 0.1
AddVertex, 0.05, 0.6, 0.1
AddVertex, 0.1, 0.6, 0
AddVertex, 0.0, 0.6, 0
AddFace2,0,1,4,5,
AddFace2,1,2,3,4,
AddFace2,6,7,8,9
Setcolor,230,230,210,
GenerateNormals,
Rotate,0,1,0,45

CreateMeshBuilder,
AddVertex, 0.0, 0.15, 0
AddVertex, 0.1, 0.15, 0
AddVertex, 0.05, 0.15, 0.1
AddVertex, 0.05, 0.0, 0.1
AddVertex, 0.1, 0.0, 0
AddVertex, 0.0, 0.0, 0
AddFace2,0,1,4,5,
AddFace2,1,2,3,4,
Setcolor,30,30,10,
GenerateNormals,
Rotate,0,1,0,45