CreateMeshBuilder,
AddVertex,-450,-0.0,   0,
AddVertex, 450,-0.0,   0,
AddVertex, 450,-2.25, -205,
AddVertex,-450,-2.25, -205,
AddFace,0,1,2,3,
GenerateNormals,,,,
LoadTexture,../bridge/Wall.bmp
SetTextureCoordinates,0,0,0,
SetTextureCoordinates,1,10,0
SetTextureCoordinates,2,10,3
SetTextureCoordinates,3,0,3
Setcolor,134,130,130
Translate,0,-1

CreateMeshBuilder,
AddVertex,68.0, 12.5, 0,
AddVertex, 0.0, 12.5, 0,
AddVertex, 0.0,  0.3, 0,
AddVertex,68.0,  0.3, 0,
AddFace2,0,1,2,3,
LoadTexture,buil003.bmp
SetTextureCoordinates,0, 0.01, 0.01,
SetTextureCoordinates,1, 1, 0.01,
SetTextureCoordinates,2, 1, 1,
SetTextureCoordinates,3, 0.01, 1,
SetDecalTransparentColor,255,255,255
Rotate,0,1,0,-30
Translate,-103,-3.2,-180


CreateMeshBuilder,
AddVertex,38.0, 11.5, 0,
AddVertex, 0.0, 11.5, 0,
AddVertex, 0.0,  0.3, 0,
AddVertex,38.0,  0.3, 0,
AddFace2,0,1,2,3,
LoadTexture,buil009.bmp
SetTextureCoordinates,0, 0, 0.01,
SetTextureCoordinates,1, 1, 0.01,
SetTextureCoordinates,2, 1, 1,
SetTextureCoordinates,3, 0, 1,
SetDecalTransparentColor,255,255,255
Rotate,0,1,0,-30
Translate,-98,-3.2,-80

CreateMeshBuilder,
AddVertex,58.0, 11.5, 0,
AddVertex, 0.0, 11.5, 0,
AddVertex, 0.0,  0.3, 0,
AddVertex,58.0,  0.3, 0,
AddFace2,0,1,2,3,
LoadTexture,buil012.bmp
SetTextureCoordinates,0, 0, 0.01,
SetTextureCoordinates,1, 1, 0.01,
SetTextureCoordinates,2, 1, 1,
SetTextureCoordinates,3, 0, 1,
SetDecalTransparentColor,255,255,255
Rotate,0,1,0,-30
Translate,-103,-3.2,-70

CreateMeshBuilder,
AddVertex,48.0, 12.5, 0,
AddVertex, 0.0, 12.5, 0,
AddVertex, 0.0,  0.3, 0,
AddVertex,48.0,  0.3, 0,
AddFace2,0,1,2,3,
LoadTexture,buil011.bmp
SetTextureCoordinates,0, 0.005, 0.01,
SetTextureCoordinates,1, 1, 0.01,
SetTextureCoordinates,2, 1, 1,
SetTextureCoordinates,3, 0.005, 1,
SetDecalTransparentColor,255,255,255
Rotate,0,1,0,-30
Translate,-96,-3.2,-40


CreateMeshBuilder,
AddVertex,58.0, 14.5, 0,
AddVertex, 0.0, 14.5, 0,
AddVertex, 0.0,  0.3, 0,
AddVertex,58.0,  0.3, 0,
AddFace2,0,1,2,3,
LoadTexture,buil013.bmp
SetTextureCoordinates,0, 1, 0.01,
SetTextureCoordinates,1, 0, 0.01,
SetTextureCoordinates,2, 0, 1,
SetTextureCoordinates,3, 1, 1,
SetDecalTransparentColor,255,255,255
Rotate,0,1,0,-30
Translate,-98,-2.2,-140

CreateMeshBuilder,
AddVertex,38.0, 9.5, 0,
AddVertex, 0.0, 9.5, 0,
AddVertex, 0.0,  0.3, 0,
AddVertex,38.0,  0.3, 0,
AddFace2,0,1,2,3,
LoadTexture,buil008.bmp
SetTextureCoordinates,0, 0.01, 0.01,
SetTextureCoordinates,1, 1, 0.01,
SetTextureCoordinates,2, 1, 1,
SetTextureCoordinates,3, 0.01, 1,
SetDecalTransparentColor,255,255,255
Rotate,0,1,0,-20
Translate,-98,-3.2,-200

CreateMeshBuilder,
AddVertex,-15, 7.4,  0,
AddVertex,  0, 7.4,  0,
AddVertex,  0,-2.25, 0,
AddVertex,-15,-2.25, 0,
AddFace,0,1,2,3,
GenerateNormals,,,,
LoadTexture,../other/tree3.bmp
SetTextureCoordinates,0,0,0.01,
SetTextureCoordinates,1,1,0.01
SetTextureCoordinates,2,1,1
SetTextureCoordinates,3,0,1
setcolor,134,130,130
Rotate,0,1,0,-20
Translate,-52,-1.7,-84
SetDecalTransparentColor,255,255,255,

CreateMeshBuilder,
AddVertex,-15,  7.4,  0,
AddVertex,  0,  7.4,  0,
AddVertex,  0,-2.25, 0,
AddVertex,-15,-2.25, 0,
AddFace,0,1,2,3,
GenerateNormals,,,,
LoadTexture,../other/tree3.bmp
SetTextureCoordinates,0,0,0.01,
SetTextureCoordinates,1,1,0.01
SetTextureCoordinates,2,1,1
SetTextureCoordinates,3,0,1
setcolor,134,130,130
Rotate,0,1,0,-20
Translate,-53,-1.7,-74
SetDecalTransparentColor,255,255,255,

CreateMeshBuilder,
AddVertex,-5.1, 12.88, -1.0
AddVertex, 8.1, 12.88, -1.0
AddVertex, 8.1,  0.88, -1.0
AddVertex,-5.1,  0.88, -1.0
AddFace2,0,1,2,3
LoadTexture,../other/tree_D1.bmp
SetTextureCoordinates,0,0,0.01
SetTextureCoordinates,1,1,0.01
SetTextureCoordinates,2,1,1
SetTextureCoordinates,3,0,1
SetDecalTransparentColor,255,255,255,
GenerateNormals,
Rotate,0,1,0,-20
Translate,-53,-2,-10

CreateMeshBuilder,
AddVertex,-5.1, 12.88, -1.0
AddVertex, 8.1, 12.88, -1.0
AddVertex, 8.1,  0.88, -1.0
AddVertex,-5.1,  0.88, -1.0
AddFace2,0,1,2,3
LoadTexture,../other/tree_D1.bmp
SetTextureCoordinates,0,0,0.01
SetTextureCoordinates,1,1,0.01
SetTextureCoordinates,2,1,1
SetTextureCoordinates,3,0,1
SetDecalTransparentColor,255,255,255,
GenerateNormals,
Rotate,0,1,0,-20
Translate,-69, 1.4,-140

CreateMeshBuilder,
AddVertex,108.0, 31.5, 0,
AddVertex, 0.0, 31.5, 0,
AddVertex, 0.0,  0.3, 0,
AddVertex,108.0,  0.3, 0,
AddFace2,0,1,2,3,
LoadTexture,buil014.bmp
SetTextureCoordinates,0, 0, 0.01,
SetTextureCoordinates,1, 1, 0.01,
SetTextureCoordinates,2, 1, 1,
SetTextureCoordinates,3, 0, 1,
SetDecalTransparentColor,255,255,255
Rotate,0,1,0,-90
Translate,46,-3.2,-100
CreateMeshBuilder,
AddVertex,5.0, 31.5, 0,
AddVertex, 0.0, 29.9, 0,
AddVertex, 0.0,  0.3, 0,
AddVertex,5.0,  0.3, 0,
AddFace2,0,1,2,3,
LoadTexture,buil014.bmp
SetTextureCoordinates,0, 0.634, 0.01,
SetTextureCoordinates,1, 0.591, 0.01,
SetTextureCoordinates,2, 0.591, 0.97,
SetTextureCoordinates,3, 0.634, 1,
SetDecalTransparentColor,255,255,255
Rotate,0,1,0,0
Translate,46,-3.2,-60

CreateMeshBuilder,
AddVertex,-12.5, 18.0, -8.0,
AddVertex,  0.0, 18.0, -8.0,
AddVertex,  0.0, 18.0,  0.0,
AddVertex,  0.0,-0.15,  0.0,
AddVertex,  0.0,-0.15, -8.0,
AddVertex,-12.5,-0.15, -8.0,
AddFace,0,1,4,5,
AddFace,1,2,3,4,
LoadTexture,../Building/BuilO.bmp
SetTextureCoordinates,0, 0.0,0.01
SetTextureCoordinates,1, 0.57,0.01
SetTextureCoordinates,2, 1.0,0.01
SetTextureCoordinates,3, 1.0,1
SetTextureCoordinates,4, 0.57,1
SetTextureCoordinates,5, 0.0,1
GenerateNormals,
setcolor,204,200,200
SetDecalTransparentColor,255,255,255,
Rotate,0,1,0,92
Translate,95,-1.8,-133




CreateMeshBuilder,
AddVertex,-5.1, 12.88, -1.0
AddVertex, 8.1, 12.88, -1.0
AddVertex, 8.1,  0.88, -1.0
AddVertex,-5.1,  0.88, -1.0
AddFace2,0,1,2,3
LoadTexture,../other/tree_D1.bmp
SetTextureCoordinates,0,0,0.01
SetTextureCoordinates,1,1,0.01
SetTextureCoordinates,2,1,1
SetTextureCoordinates,3,0,1
SetDecalTransparentColor,255,255,255,
GenerateNormals,
Rotate,0,1,0,-20
Translate,-89, 0.4,-150

CreateMeshBuilder,,,,
AddVertex, 38,-2.1,  -80,
AddVertex, 99,-2.1,  -80,
AddVertex, 99,-2.1, -120,
AddVertex, 38,-2.1, -120,
AddFace,0,1,2,3,
GenerateNormals,,,,
LoadTexture,../../bg1.bmp
SetTextureCoordinates,0,0,0,
SetTextureCoordinates,1,3,0
SetTextureCoordinates,2,3,2
SetTextureCoordinates,3,0,2
setcolor,134,130,130
translate,0,0.2,

CreateMeshBuilder,
AddVertex,-8.5, 26.0, -18.0,
AddVertex, 0.0, 26.0, -18.0,
AddVertex, 0.0, 26.0,  0.0,
AddVertex, 0.0,-0.15,  0.0,
AddVertex, 0.0,-0.15, -18.0,
AddVertex,-8.5,-0.15, -18.0,
AddFace,0,1,4,5,
AddFace,1,2,3,4,
LoadTexture,../Building/BuilQ.bmp
SetTextureCoordinates,0, 0.0,0.01
SetTextureCoordinates,1, 0.34,0.01
SetTextureCoordinates,2, 1.0,0.01
SetTextureCoordinates,3, 1.0,1
SetTextureCoordinates,4, 0.34,1
SetTextureCoordinates,5, 0.0,1
GenerateNormals,
SetDecalTransparentColor,255,255,255,
Rotate,0,1,0,90
Translate,69,-1.2,-32

CreateMeshBuilder,
AddVertex,188.0, 15.5, 0,
AddVertex,  0.0, 16.5, 0,
AddVertex,  0.0,  0.3, 0,
AddVertex,188.0,  0.3, 0,
AddFace2,0,1,2,3,
LoadTexture,buil006.bmp
SetTextureCoordinates,0, 1.5, 0.01,
SetTextureCoordinates,1, 0, 0.01,
SetTextureCoordinates,2, 0, 1,
SetTextureCoordinates,3, 1.5, 1,
SetDecalTransparentColor,255,255,255
Rotate,0,1,0,70
Translate,70,-3.5,-10
CreateMeshBuilder,
AddVertex,58.0, 11.5, 0,
AddVertex, 0.0, 11.5, 0,
AddVertex, 0.0,  0.3, 0,
AddVertex,58.0,  0.3, 0,
AddFace2,0,1,2,3,
LoadTexture,buil009.bmp
SetTextureCoordinates,0, 1, 0.01,
SetTextureCoordinates,1, 0.01, 0.01,
SetTextureCoordinates,2, 0.01, 1,
SetTextureCoordinates,3, 1, 1,
SetDecalTransparentColor,255,255,255
GenerateNormals,
Rotate,0,1,0,30
Translate,43,-2.8,-145
CreateMeshBuilder,
AddVertex,58.0, 11.5, 0,
AddVertex, 0.0, 12.5, 0,
AddVertex, 0.0,  0.3, 0,
AddVertex,58.0,  0.3, 0,
AddFace2,0,1,2,3,
LoadTexture,buil013.bmp
SetTextureCoordinates,0, 1, 0.01,
SetTextureCoordinates,1, 0.01, 0.01,
SetTextureCoordinates,2, 0.01, 1,
SetTextureCoordinates,3, 1, 1,
SetDecalTransparentColor,255,255,255
Rotate,0,1,0,30
Translate,43,-0.5,-120

CreateMeshBuilder,
AddVertex,-8.5, 26.0, -18.0,
AddVertex, 0.0, 26.0, -18.0,
AddVertex, 0.0, 26.0,  0.0,
AddVertex, 0.0,-0.15,  0.0,
AddVertex, 0.0,-0.15, -18.0,
AddVertex,-8.5,-0.15, -18.0,
AddFace,0,1,4,5,
AddFace,1,2,3,4,
LoadTexture,../Building/BuilP.bmp
SetTextureCoordinates,0, 0.0,0.01
SetTextureCoordinates,1, 0.34,0.01
SetTextureCoordinates,2, 1.0,0.01
SetTextureCoordinates,3, 1.0,1
SetTextureCoordinates,4, 0.34,1
SetTextureCoordinates,5, 0.0,1
GenerateNormals,
SetDecalTransparentColor,255,255,255,
Rotate,0,1,0,90
Translate,62,-2.1,-109

CreateMeshBuilder,
AddVertex,-8.5, 26.0, -18.0,
AddVertex, 0.0, 26.0, -18.0,
AddVertex, 0.0, 26.0,  0.0,
AddVertex, 0.0,-0.15,  0.0,
AddVertex, 0.0,-0.15, -18.0,
AddVertex,-8.5,-0.15, -18.0,
AddFace,0,1,4,5,
AddFace,1,2,3,4,
LoadTexture,../Building/BuilP.bmp
SetTextureCoordinates,0, 0.0,0.01
SetTextureCoordinates,1, 0.34,0.01
SetTextureCoordinates,2, 1.0,0.01
SetTextureCoordinates,3, 1.0,1
SetTextureCoordinates,4, 0.34,1
SetTextureCoordinates,5, 0.0,1
GenerateNormals,
SetDecalTransparentColor,255,255,255,
Rotate,0,1,0,0
Translate,-64,-2.1,-94

