
CreateMeshBuilder,
AddVertex,-35.5, 11.0, -56.0,
AddVertex,  0.0, 11.0, -56.0,
AddVertex,  0.0, 11.0,   0.0,
AddVertex,  0.0,-0.15,   0.0,
AddVertex,  0.0,-0.15, -56.0,
AddVertex,-35.5,-0.15, -56.0,
AddFace,0,1,4,5,
AddFace,1,2,3,4,
LoadTexture,../Building/Buil007-1.bmp
SetTextureCoordinates,0, 0.0,0
SetTextureCoordinates,1, 5.0,0
SetTextureCoordinates,2, 11.035,0
SetTextureCoordinates,3, 11.035,2.1
SetTextureCoordinates,4, 5.0,2.1
SetTextureCoordinates,5, 0.0,2.1
GenerateNormals,
SetDecalTransparentColor,255,255,255,
Rotate,0,1,0,0
Translate,-14,0,-31
Setcolor,200,200,200,


CreateMeshBuilder,
AddVertex,158.0, 17.5, 0,
AddVertex,  0.0, 17.5, 0,
AddVertex,  0.0,  3.3, 0,
AddVertex,158.0,  0.3, 0,
AddFace2,0,1,2,3,
LoadTexture,buil004.bmp
SetTextureCoordinates,0, 1, 0.01,
SetTextureCoordinates,1, 0.01, 0.01,
SetTextureCoordinates,2, 0.01, 1,
SetTextureCoordinates,3, 1, 1,
SetDecalTransparentColor,255,255,255
Rotate,0,1,0,-70
Translate,-140,-3.5,-150

CreateMeshBuilder,
AddVertex,53.0, 9.5, 15,
AddVertex,9.0, 9.5, -5,
AddVertex,-5.0, 9.5, 20,
AddVertex,-5.0,  0.3,20,
AddVertex,9.0,  0.3, -5,
AddVertex,53.0,  0.3, 15,
AddFace2,0,1,4,5
AddFace2,1,2,3,4,
LoadTexture,../other/tree3.bmp
SetTextureCoordinates,0, 0.01, 0.01,
SetTextureCoordinates,1, 0.51, 0.01,
SetTextureCoordinates,2, 0.91, 0.01,
SetTextureCoordinates,3, 0.91, 0.91,
SetTextureCoordinates,4, 0.51, 0.91,
SetTextureCoordinates,5, 0.11, 0.91,
SetDecalTransparentColor,255,255,255
Rotate,0,1,0,-60
Translate,-22,-3.2,-96
Setcolor,180,200,150,
GenerateNormals,

CreateMeshBuilder,
AddVertex,68.0, 12.5, 0,
AddVertex, 0.0, 12.5, 0,
AddVertex, 0.0,  0.3, 0,
AddVertex,68.0,  0.3, 0,
AddFace2,0,1,2,3,
LoadTexture,buil003.bmp
SetTextureCoordinates,0, 0.01, 0.01,
SetTextureCoordinates,1, 1, 0.01,
SetTextureCoordinates,2, 1, 1,
SetTextureCoordinates,3, 0.01, 1,
SetDecalTransparentColor,255,255,255
Rotate,0,1,0,-20
Translate,-93,-3.2,-180

CreateMeshBuilder,
AddVertex,58.0, 14.5, 0,
AddVertex, 0.0, 14.5, 0,
AddVertex, 0.0,  0.3, 0,
AddVertex,58.0,  0.3, 0,
AddFace2,0,1,2,3,
LoadTexture,buil013.bmp
SetTextureCoordinates,0, 1, 0.01,
SetTextureCoordinates,1, 0.01, 0.01,
SetTextureCoordinates,2, 0.01, 1,
SetTextureCoordinates,3, 1, 1,
SetDecalTransparentColor,255,255,255
Rotate,0,1,0,-30
Translate,-83,-2.2,-120


CreateMeshBuilder,
AddVertex,-15, 7.4,  0,
AddVertex,  0, 7.4,  0,
AddVertex,  0,-2.25, 0,
AddVertex,-15,-2.25, 0,
AddFace,0,1,2,3,
GenerateNormals,,,,
LoadTexture,../other/tree3.bmp
SetTextureCoordinates,0,0,0.01,
SetTextureCoordinates,1,1,0.01
SetTextureCoordinates,2,1,1
SetTextureCoordinates,3,0,1
setcolor,134,130,130
Rotate,0,1,0,-20
Translate,-25,-1.7,-184
SetDecalTransparentColor,255,255,255,

CreateMeshBuilder,
AddVertex,-15,  11.4,  0,
AddVertex,  0,  11.4,  0,
AddVertex,  0,-2.25, 0,
AddVertex,-15,-2.25, 0,
AddFace,0,1,2,3,
GenerateNormals,,,,
LoadTexture,../other/tree_D1.bmp
SetTextureCoordinates,0,0,0.01,
SetTextureCoordinates,1,1,0.01
SetTextureCoordinates,2,1,1
SetTextureCoordinates,3,0,1
setcolor,234,230,230
Rotate,0,1,0,-20
Translate,-35,-1.7,-174
SetDecalTransparentColor,255,255,255,

CreateMeshBuilder,
AddVertex,-5.1, 12.88, -1.0
AddVertex, 8.1, 12.88, -1.0
AddVertex, 8.1,  0.88, -1.0
AddVertex,-5.1,  0.88, -1.0
AddFace2,0,1,2,3
LoadTexture,../other/tree_D1.bmp
SetTextureCoordinates,0,0,0.01
SetTextureCoordinates,1,1,0.01
SetTextureCoordinates,2,1,1
SetTextureCoordinates,3,0,1
SetDecalTransparentColor,255,255,255,
GenerateNormals,
Rotate,0,1,0,-20
Translate,-43,-2,-130

CreateMeshBuilder,
AddVertex,-5.1, 12.88, -1.0
AddVertex, 8.1, 12.88, -1.0
AddVertex, 8.1,  0.88, -1.0
AddVertex,-5.1,  0.88, -1.0
AddFace2,0,1,2,3
LoadTexture,../other/tree_D1.bmp
SetTextureCoordinates,0,0,0.01
SetTextureCoordinates,1,1,0.01
SetTextureCoordinates,2,1,1
SetTextureCoordinates,3,0,1
SetDecalTransparentColor,255,255,255,
GenerateNormals,
Rotate,0,1,0,-20
Translate,-69, 1.4,-140

CreateMeshBuilder,
AddVertex,-5.1, 12.88, -1.0
AddVertex, 8.1, 12.88, -1.0
AddVertex, 8.1,  0.88, -1.0
AddVertex,-5.1,  0.88, -1.0
AddFace2,0,1,2,3
LoadTexture,../other/tree_D1.bmp
SetTextureCoordinates,0,0,0.01
SetTextureCoordinates,1,1,0.01
SetTextureCoordinates,2,1,1
SetTextureCoordinates,3,0,1
SetDecalTransparentColor,255,255,255,
GenerateNormals,
Rotate,0,1,0,-20
Translate,-89, 0.4,-150

CreateMeshBuilder,,,,
AddVertex, 8,-0.4,  -20,
AddVertex, 75,-0.4,  -20,
AddVertex, 75,-3.25, -200,
AddVertex, 8,-3.25, -200,
AddFace,0,1,2,3,
GenerateNormals,,,,
LoadTexture,../../bg1.bmp
SetTextureCoordinates,0,0,0,
SetTextureCoordinates,1,3,0
SetTextureCoordinates,2,3,2
SetTextureCoordinates,3,0,2
setcolor,134,140,120


CreateMeshBuilder,
AddVertex,168.0, 21.5, 0,
AddVertex,  0.0, 22.5, 0,
AddVertex,  0.0,  3.3, 0,
AddVertex,168.0,  0.3, 0,
AddFace2,0,1,2,3,
LoadTexture,buil006.bmp
SetTextureCoordinates,0, 1, 0.01,
SetTextureCoordinates,1, 0.01, 0.01,
SetTextureCoordinates,2, 0.01, 1,
SetTextureCoordinates,3, 1, 1,
SetDecalTransparentColor,255,255,255
Rotate,0,1,0,40
Translate,170,-3.5,-80

CreateMeshBuilder,
AddVertex,-40.5, 46.0, -42.0,
AddVertex, 0.0, 46.0, -42.0,
AddVertex, 0.0, 46.0,  0.0,
AddVertex, 0.0,-0.15,  0.0,
AddVertex, 0.0,-0.15, -42.0,
AddVertex,-40.5,-0.15, -42.0,
AddFace,0,1,4,5,
AddFace,1,2,3,4,
LoadTexture,../Building/BuilX.bmp
SetTextureCoordinates,0, 0.0,0.01
SetTextureCoordinates,1, 0.475,0.01
SetTextureCoordinates,2, 1.0,0.01
SetTextureCoordinates,3, 1.0,1
SetTextureCoordinates,4, 0.475,1
SetTextureCoordinates,5, 0.0,1
GenerateNormals,
SetDecalTransparentColor,255,255,255,
Rotate,0,1,0,90
Translate,74,-2.1,-154
CreateMeshBuilder,
AddVertex,-80.5, 46.0, -42.0,
AddVertex, 0.0, 46.0, -42.0,
AddVertex, 0.0, 46.0,  0.0,
AddVertex, 0.0,-0.15,  0.0,
AddVertex, 0.0,-0.15, -42.0,
AddVertex,-80.5,-0.15, -42.0,
AddFace,0,1,4,5,
AddFace,1,2,3,4,
LoadTexture,../Building/BuilY.bmp
SetTextureCoordinates,0, 0.0,0.01
SetTextureCoordinates,1, 1.275,0.01
SetTextureCoordinates,2, 2.0,0.01
SetTextureCoordinates,3, 2.0,1
SetTextureCoordinates,4, 1.275,1
SetTextureCoordinates,5, 0.0,1
GenerateNormals,
SetDecalTransparentColor,255,255,255,
Rotate,0,1,0,90
Translate,76,-2.1,-94
CreateMeshBuilder,
AddVertex,-16.5, 46.0, -4.0,
AddVertex, 0.0, 46.0, -4.0,
AddVertex, 0.0, 46.0,  0.0,
AddVertex, 0.0,-0.15,  0.0,
AddVertex, 0.0,-0.15, -4.0,
AddVertex,-16.5,-0.15, -4.0,
AddFace,0,1,4,5,
AddFace,1,2,3,4,
LoadTexture,../Building/BuilY.bmp
SetTextureCoordinates,0, 0.25,0.01
SetTextureCoordinates,1, 0.495,0.01
SetTextureCoordinates,2, 0.57,0.01
SetTextureCoordinates,3, 0.57,1
SetTextureCoordinates,4, 0.495,1
SetTextureCoordinates,5, 0.25,1
GenerateNormals,
SetDecalTransparentColor,255,255,255,
Rotate,0,1,0,90
Translate,34,-2.1,-77

CreateMeshBuilder,
AddVertex,-12.5, 18.0, -8.0,
AddVertex,  0.0, 18.0, -8.0,
AddVertex,  0.0, 18.0,  0.0,
AddVertex,  0.0,-0.15,  0.0,
AddVertex,  0.0,-0.15, -8.0,
AddVertex,-12.5,-0.15, -8.0,
AddFace,0,1,4,5,
AddFace,1,2,3,4,
LoadTexture,../Building/BuilO.bmp
SetTextureCoordinates,0, 0.0,0.01
SetTextureCoordinates,1, 0.57,0.01
SetTextureCoordinates,2, 1.0,0.01
SetTextureCoordinates,3, 1.0,1
SetTextureCoordinates,4, 0.57,1
SetTextureCoordinates,5, 0.0,1
GenerateNormals,
setcolor,204,200,200
SetDecalTransparentColor,255,255,255,
Rotate,0,1,0,92
Translate,115,-1.8,-163

CreateMeshBuilder,
AddVertex,58.0, 11.5, 0,
AddVertex, 0.0, 11.5, 0,
AddVertex, 0.0,  0.3, 0,
AddVertex,58.0,  0.3, 0,
AddFace2,0,1,2,3,
LoadTexture,buil009.bmp
SetTextureCoordinates,0, 1, 0.01,
SetTextureCoordinates,1, 0.01, 0.01,
SetTextureCoordinates,2, 0.01, 1,
SetTextureCoordinates,3, 1, 1,
SetDecalTransparentColor,255,255,255
GenerateNormals,
Rotate,0,1,0,30
Translate,63,-2.8,-145
CreateMeshBuilder,
AddVertex,158.0, 24.5, 0,
AddVertex,  0.0, 24.5, 0,
AddVertex,  0.0,  3.3, 0,
AddVertex,158.0,  0.3, 0,
AddFace2,0,1,2,3,
LoadTexture,buil004.bmp
SetTextureCoordinates,0, 1, 0.01,
SetTextureCoordinates,1, 0.01, 0.01,
SetTextureCoordinates,2, 0.01, 1,
SetTextureCoordinates,3, 1, 1,
SetDecalTransparentColor,255,255,255
Rotate,0,1,0,70
Translate,100,-3.5,-10
CreateMeshBuilder,
AddVertex,58.0, 11.5, 0,
AddVertex, 0.0, 12.5, 0,
AddVertex, 0.0,  0.3, 0,
AddVertex,58.0,  0.3, 0,
AddFace2,0,1,2,3,
LoadTexture,buil013.bmp
SetTextureCoordinates,0, 1, 0.01,
SetTextureCoordinates,1, 0.01, 0.01,
SetTextureCoordinates,2, 0.01, 1,
SetTextureCoordinates,3, 1, 1,
SetDecalTransparentColor,255,255,255
Rotate,0,1,0,30
Translate,63,-0.5,-120

CreateMeshBuilder,
AddVertex,-450,-0.0,   0,
AddVertex, 450,-0.0,   0,
AddVertex, 450,-3.95, -205,
AddVertex,-450,-3.95, -205,
AddFace,0,1,2,3,
GenerateNormals,,,,
LoadTexture,../bridge/Wall.bmp
SetTextureCoordinates,0,0,0,
SetTextureCoordinates,1,10,0
SetTextureCoordinates,2,10,3
SetTextureCoordinates,3,0,3
Setcolor,134,130,130

CreateMeshBuilder
AddVertex,2.5,-0.144,0
AddVertex,2.5,2.5,0
AddVertex,2.6,2.5,0
AddVertex,2.6,-0.6,0
AddVertex,2.5,-0.144,50
AddVertex,2.5,2.5,50
AddVertex,2.6,2.5,50
AddVertex,2.6,-0.6,50
AddFace2,4,5,1,0
AddFace2,5,6,2,1
AddFace2,6,7,3,2
GenerateNormals
LoadTexture,../other/wall_minami.bmp
SetTextureCoordinates,0,0,1
SetTextureCoordinates,1,0,0
SetTextureCoordinates,2,0,0.01
SetTextureCoordinates,3,0,1
SetTextureCoordinates,4,9,1
SetTextureCoordinates,5,9,0
SetTextureCoordinates,6,9,0.01
SetTextureCoordinates,7,9,1
setcolor,255,245,240
Translate,20,6.07,-150

CreateMeshBuilder
AddVertex,2.5,-0.144,-80
AddVertex,2.5,2.5,-80
AddVertex,2.6,2.5,-80
AddVertex,2.6,-0.6,-80
AddVertex,2.5,-0.144,50
AddVertex,2.5,2.5,50
AddVertex,2.6,2.5,50
AddVertex,2.6,-0.6,50
AddFace2,4,5,1,0
AddFace2,5,6,2,1
AddFace2,6,7,3,2
GenerateNormals
LoadTexture,../other/wall_minami.bmp
SetTextureCoordinates,0,0,1
SetTextureCoordinates,1,0,0
SetTextureCoordinates,2,0,0.01
SetTextureCoordinates,3,0,1
SetTextureCoordinates,4,21,1
SetTextureCoordinates,5,21,0
SetTextureCoordinates,6,21,0.01
SetTextureCoordinates,7,21,1
Setcolor,255,245,240
Translate,8.8,6.07,-150

CreateMeshBuilder,
AddVertex,-9.1, 62.88, -1.0
AddVertex, 4.1, 62.88, -1.0
AddVertex, 4.1,  0.88, -1.0
AddVertex,-9.1,  0.88, -1.0
AddFace2,0,1,2,3
LoadTexture,../other/skytree2.bmp
SetTextureCoordinates,0,0,0.01
SetTextureCoordinates,1,1,0.01
SetTextureCoordinates,2,1,1
SetTextureCoordinates,3,0,1
SetDecalTransparentColor,194,194,194,
Setcolor,255,255,255,220
GenerateNormals,
Rotate,0,1,0,20
Translate,289,20.4,300
