CreateMeshBuilder,
AddVertex,-142.5,54.0, -14.0,
AddVertex,-10.0,54.0, -14.0,
AddVertex,-10.0,54.0,  0.0,
AddVertex,-10.0,0.8,  0.0,
AddVertex,-10.0,0.8, -14.0,
AddVertex,-142.5,0.8, -14.0,
AddFace,0,1,4,5,
AddFace,1,2,3,4,
LoadTexture,../Building/BuilR-3.bmp
SetTextureCoordinates,0, 0.0,0.01
SetTextureCoordinates,1, 0.942,0.01
SetTextureCoordinates,2, 1.0,0.01
SetTextureCoordinates,3, 1.0,1
SetTextureCoordinates,4, 0.942,1
SetTextureCoordinates,5, 0.0,1
GenerateNormals,
SetDecalTransparentColor,255,255,255,
;Setcolor,150,150,146
;Rotate,0,1,0,20
Translate,0,-1.4,0

CreateMeshBuilder,
AddVertex,-35.5, 11.0, -56.0,
AddVertex,  0.0, 11.0, -56.0,
AddVertex,  0.0, 11.0,   0.0,
AddVertex,  0.0,-0.15,   0.0,
AddVertex,  0.0,-0.15, -56.0,
AddVertex,-35.5,-0.15, -56.0,
AddFace,0,1,4,5,
AddFace,1,2,3,4,
LoadTexture,../Building/Buil007-1.bmp
SetTextureCoordinates,0, 0.0,0
SetTextureCoordinates,1, 5.0,0
SetTextureCoordinates,2, 11.035,0
SetTextureCoordinates,3, 11.035,2.1
SetTextureCoordinates,4, 5.0,2.1
SetTextureCoordinates,5, 0.0,2.1
GenerateNormals,
SetDecalTransparentColor,255,255,255,
Rotate,0,1,0,0
Translate,-14,0,-31
Setcolor,200,200,200,

CreateMeshBuilder,
AddVertex,68.0, 9.5, 5,
AddVertex, 0.0, 9.5, 5,
AddVertex, 0.0,  0.3, 0,
AddVertex,68.0,  0.3, 0,
AddFace2,0,1,2,3,
LoadTexture,../other/tree3.bmp
SetTextureCoordinates,0, 0.99, 0.01,
SetTextureCoordinates,1, 0.01, 0.01,
SetTextureCoordinates,2, 0.01, 1,
SetTextureCoordinates,3, 0.99, 1,
SetDecalTransparentColor,255,255,255
Rotate,0,1,0,-83
Translate,-11,-3.2,-98
Setcolor,180,200,150,
GenerateNormals,

CreateMeshBuilder,
AddVertex,-142.5,54.0, -14.0,
AddVertex,-10.0,54.0, -14.0,
AddVertex,-10.0,54.0,  0.0,
AddVertex,-10.0,0.8,  0.0,
AddVertex,-10.0,0.8, -14.0,
AddVertex,-142.5,0.8, -14.0,
AddFace,0,1,4,5,
AddFace,1,2,3,4,
LoadTexture,../Building/BuilR-3.bmp
SetTextureCoordinates,0, 0.0,0.01
SetTextureCoordinates,1, 0.942,0.01
SetTextureCoordinates,2, 1.0,0.01
SetTextureCoordinates,3, 1.0,1
SetTextureCoordinates,4, 0.942,1
SetTextureCoordinates,5, 0.0,1
GenerateNormals,
SetDecalTransparentColor,255,255,255,
;Setcolor,150,150,146
;Rotate,0,1,0,20
Translate,0,-3.1,-100

CreateMeshBuilder,
AddVertex,68.0, 12.5, 0,
AddVertex, 0.0, 12.5, 0,
AddVertex, 0.0,  0.3, 0,
AddVertex,68.0,  0.3, 0,
AddFace2,0,1,2,3,
LoadTexture,buil003.bmp
SetTextureCoordinates,0, 0.01, 0.01,
SetTextureCoordinates,1, 1, 0.01,
SetTextureCoordinates,2, 1, 1,
SetTextureCoordinates,3, 0.01, 1,
SetDecalTransparentColor,255,255,255
Rotate,0,1,0,-20
Translate,-93,-3.2,-180

CreateMeshBuilder,
AddVertex,58.0, 14.5, 0,
AddVertex, 0.0, 14.5, 0,
AddVertex, 0.0,  0.3, 0,
AddVertex,58.0,  0.3, 0,
AddFace2,0,1,2,3,
LoadTexture,buil013.bmp
SetTextureCoordinates,0, 1, 0.01,
SetTextureCoordinates,1, 0.01, 0.01,
SetTextureCoordinates,2, 0.01, 1,
SetTextureCoordinates,3, 1, 1,
SetDecalTransparentColor,255,255,255
Rotate,0,1,0,-30
Translate,-53,-2.2,-180


CreateMeshBuilder,
AddVertex,-15, 7.4,  0,
AddVertex,  0, 7.4,  0,
AddVertex,  0,-2.25, 0,
AddVertex,-15,-2.25, 0,
AddFace,0,1,2,3,
GenerateNormals,,,,
LoadTexture,../other/tree3.bmp
SetTextureCoordinates,0,0,0.01,
SetTextureCoordinates,1,1,0.01
SetTextureCoordinates,2,1,1
SetTextureCoordinates,3,0,1
setcolor,134,130,130
Rotate,0,1,0,-20
Translate,-25,-1.7,-184
SetDecalTransparentColor,255,255,255,

CreateMeshBuilder,
AddVertex,-15,  11.4,  0,
AddVertex,  0,  11.4,  0,
AddVertex,  0,-2.25, 0,
AddVertex,-15,-2.25, 0,
AddFace,0,1,2,3,
GenerateNormals,,,,
LoadTexture,../other/tree_D1.bmp
SetTextureCoordinates,0,0,0.01,
SetTextureCoordinates,1,1,0.01
SetTextureCoordinates,2,1,1
SetTextureCoordinates,3,0,1
setcolor,234,230,230
Rotate,0,1,0,-20
Translate,-35,-1.7,-174
SetDecalTransparentColor,255,255,255,

CreateMeshBuilder,
AddVertex,-5.1, 12.88, -1.0
AddVertex, 8.1, 12.88, -1.0
AddVertex, 8.1,  0.88, -1.0
AddVertex,-5.1,  0.88, -1.0
AddFace2,0,1,2,3
LoadTexture,../other/tree_D1.bmp
SetTextureCoordinates,0,0,0.01
SetTextureCoordinates,1,1,0.01
SetTextureCoordinates,2,1,1
SetTextureCoordinates,3,0,1
SetDecalTransparentColor,255,255,255,
GenerateNormals,
Rotate,0,1,0,-20
Translate,-23,-2,-10

CreateMeshBuilder,
AddVertex,-5.1, 12.88, -1.0
AddVertex, 8.1, 12.88, -1.0
AddVertex, 8.1,  0.88, -1.0
AddVertex,-5.1,  0.88, -1.0
AddFace2,0,1,2,3
LoadTexture,../other/tree_D1.bmp
SetTextureCoordinates,0,0,0.01
SetTextureCoordinates,1,1,0.01
SetTextureCoordinates,2,1,1
SetTextureCoordinates,3,0,1
SetDecalTransparentColor,255,255,255,
GenerateNormals,
Rotate,0,1,0,-20
Translate,-69, 1.4,-140

CreateMeshBuilder,
AddVertex,-5.1, 12.88, -1.0
AddVertex, 8.1, 12.88, -1.0
AddVertex, 8.1,  0.88, -1.0
AddVertex,-5.1,  0.88, -1.0
AddFace2,0,1,2,3
LoadTexture,../other/tree_D1.bmp
SetTextureCoordinates,0,0,0.01
SetTextureCoordinates,1,1,0.01
SetTextureCoordinates,2,1,1
SetTextureCoordinates,3,0,1
SetDecalTransparentColor,255,255,255,
GenerateNormals,
Rotate,0,1,0,-20
Translate,-89, 0.4,-150

CreateMeshBuilder,,,,
AddVertex,-148,-0.4,  -20,
AddVertex, 70,-0.4,  -20,
AddVertex, 70,-3.25, -200,
AddVertex,-148,-3.25, -200,
AddFace,0,1,2,3,
GenerateNormals,,,,
LoadTexture,../../bg1.bmp
SetTextureCoordinates,0,0,0,
SetTextureCoordinates,1,3,0
SetTextureCoordinates,2,3,2
SetTextureCoordinates,3,0,2
setcolor,134,140,120

CreateMeshBuilder,
AddVertex,-48.0, 45.4, 0,
AddVertex, 0.0, 45.4, 0,
AddVertex, 0.0, -0.2, 0,
AddVertex,-48.0, -0.2, 0,
AddFace2,0,1,2,3,
LoadTexture,BuilR-1.bmp
SetTextureCoordinates,0, 1, 0.01,
SetTextureCoordinates,1, 0.01, 0.01,
SetTextureCoordinates,2, 0.01, 9,
SetTextureCoordinates,3, 1, 9,
SetDecalTransparentColor,255,255,255
GenerateNormals,
Rotate,0,1,0,90
Translate,42,-1.1,-55.5

CreateMeshBuilder,
AddVertex,-58.5, 46.0, -12.0,
AddVertex, 0.0, 46.0, -12.0,
AddVertex, 0.0, 46.0,  0.0,
AddVertex, 0.0,-0.05,  0.0,
AddVertex, 0.0,-0.05, -12.0,
AddVertex,-58.5,-0.05, -12.0,
AddVertex,-8.0, 31.5, -12.0,
AddVertex,-8.0, 31.5,  0.0,
AddVertex,-8.0,22.0,  0.0,
AddVertex,-8.0,22.0, -12.0,
AddVertex,-17.0, 36.5, -12.0,
AddVertex,-17.0, 36.5,  0.0,
AddVertex,-17.0,26.0,  0.0,
AddVertex,-17.0,26.0, -12.0,
AddVertex,-27.0, 41.6, -12.0,
AddVertex,-27.0, 41.6,  0.0,
AddVertex,-27.0,32.0,  0.0,
AddVertex,-27.0,32.0, -12.0,
AddVertex,-36.4, 46.4, -12.0,
AddVertex,-36.4, 46.4,  0.1,
AddVertex,-36.4,35.0,  0.1,
AddVertex,-36.4,35.0, -12.0,
AddFace,0,1,4,5,
AddFace,1,2,3,4,
AddFace,6,7,8,9,
AddFace,10,11,12,13,
AddFace,14,15,16,17,
AddFace,18,19,20,21,
LoadTexture,../Building/BuilR-2.bmp
SetTextureCoordinates,0, 0.01,0.01
SetTextureCoordinates,1, 0.862,0.01
SetTextureCoordinates,2, 0.999,0.01
SetTextureCoordinates,3, 0.999,1
SetTextureCoordinates,4, 0.862,1
SetTextureCoordinates,5, 0.01,1
SetTextureCoordinates,6, 0.862,0.413
SetTextureCoordinates,7, 0.999,0.413
SetTextureCoordinates,8, 0.999,0.68
SetTextureCoordinates,9, 0.862,0.68
SetTextureCoordinates,10, 0.862,0.413
SetTextureCoordinates,11, 0.999,0.413
SetTextureCoordinates,12, 0.999,0.68
SetTextureCoordinates,13, 0.862,0.68
SetTextureCoordinates,14, 0.862,0.413
SetTextureCoordinates,15, 0.999,0.413
SetTextureCoordinates,16, 0.999,0.68
SetTextureCoordinates,17, 0.862,0.68
SetTextureCoordinates,18, 0.862,0.413
SetTextureCoordinates,19, 0.999,0.413
SetTextureCoordinates,20, 0.999,0.68
SetTextureCoordinates,21, 0.862,0.68
GenerateNormals,
SetDecalTransparentColor,255,255,255,
Rotate,0,1,0,90
Translate,54,-1.5,-114

CreateMeshBuilder,
AddVertex,108.0, 15.5, 0,
AddVertex,  0.0, 16.5, 0,
AddVertex,  0.0,  3.3, 0,
AddVertex,108.0,  0.3, 0,
AddFace2,0,1,2,3,
LoadTexture,buil006.bmp
SetTextureCoordinates,0, 1, 0.01,
SetTextureCoordinates,1, 0.01, 0.01,
SetTextureCoordinates,2, 0.01, 1,
SetTextureCoordinates,3, 1, 1,
SetDecalTransparentColor,255,255,255
Rotate,0,1,0,70
Translate,70,-3.5,-10

CreateMeshBuilder,
AddVertex,-8.5, 26.0, -18.0,
AddVertex, 0.0, 26.0, -18.0,
AddVertex, 0.0, 26.0,  0.0,
AddVertex, 0.0,-0.15,  0.0,
AddVertex, 0.0,-0.15, -18.0,
AddVertex,-8.5,-0.15, -18.0,
AddFace,0,1,4,5,
AddFace,1,2,3,4,
LoadTexture,../Building/BuilP.bmp
SetTextureCoordinates,0, 0.0,0.01
SetTextureCoordinates,1, 0.34,0.01
SetTextureCoordinates,2, 1.0,0.01
SetTextureCoordinates,3, 1.0,1
SetTextureCoordinates,4, 0.34,1
SetTextureCoordinates,5, 0.0,1
GenerateNormals,
SetDecalTransparentColor,255,255,255,
Rotate,0,1,0,90
Translate,84,-2.1,-184

CreateMeshBuilder,
AddVertex,-12.5, 18.0, -8.0,
AddVertex,  0.0, 18.0, -8.0,
AddVertex,  0.0, 18.0,  0.0,
AddVertex,  0.0,-0.15,  0.0,
AddVertex,  0.0,-0.15, -8.0,
AddVertex,-12.5,-0.15, -8.0,
AddFace,0,1,4,5,
AddFace,1,2,3,4,
LoadTexture,../Building/BuilO.bmp
SetTextureCoordinates,0, 0.0,0.01
SetTextureCoordinates,1, 0.57,0.01
SetTextureCoordinates,2, 1.0,0.01
SetTextureCoordinates,3, 1.0,1
SetTextureCoordinates,4, 0.57,1
SetTextureCoordinates,5, 0.0,1
GenerateNormals,
setcolor,204,200,200
SetDecalTransparentColor,255,255,255,
Rotate,0,1,0,92
Translate,95,-1.8,-133

CreateMeshBuilder,
AddVertex,-450,-0.0,   0,
AddVertex, 450,-0.0,   0,
AddVertex, 450,-3.95, -205,
AddVertex,-450,-3.95, -205,
AddFace,0,1,2,3,
GenerateNormals,,,,
LoadTexture,../bridge/Wall.bmp
SetTextureCoordinates,0,0,0,
SetTextureCoordinates,1,10,0
SetTextureCoordinates,2,10,3
SetTextureCoordinates,3,0,3
Setcolor,134,130,130