CreateMeshBuilder,
AddVertex,198.0,21.5, 0,
AddVertex, 0.0,21.5, 0,
AddVertex, 0.0,  0.3, 0,
AddVertex,198.0,  0.3, 0,
AddFace2,0,1,2,3,
LoadTexture,buil004.bmp
SetTextureCoordinates,0, 1, 0.01,
SetTextureCoordinates,1, 0.01, 0.01,
SetTextureCoordinates,2, 0.01, 1,
SetTextureCoordinates,3, 1, 1,
SetDecalTransparentColor,255,255,255
GenerateNormals,
Rotate,0,1,0,-86
Translate,-113,-2.3,-200


CreateMeshBuilder,
AddVertex,-27.5, 42.0, -15.0,
AddVertex, 0.0, 42.0, -15.0,
AddVertex, 0.0, 42.0,  0.0,
AddVertex, 0.0,-0.15,  0.0,
AddVertex, 0.0,-0.15, -15.0,
AddVertex,-27.5,-0.15, -15.0,
AddFace,0,1,4,5,
AddFace,1,2,3,4,
LoadTexture,../Building/BuilW.bmp
SetTextureCoordinates,0, 1.0,-0.11
SetTextureCoordinates,1, 0.38,-0.11
SetTextureCoordinates,2, 0.0,-0.11
SetTextureCoordinates,3, 0.0,5.0
SetTextureCoordinates,4, 0.38,5.0
SetTextureCoordinates,5, 1.0,5.0
GenerateNormals,
SetDecalTransparentColor,255,255,255,
Setcolor,105,100,100,
;Rotate,0,1,0,90
Translate,-10,-2.1,-39

CreateMeshBuilder,
AddVertex,-27.5, 35.0, -15.0,
AddVertex, 0.0, 35.0, -15.0,
AddVertex, 0.0, 35.0,  0.0,
AddVertex, 0.0,-0.15,  0.0,
AddVertex, 0.0,-0.15, -15.0,
AddVertex,-27.5,-0.15, -15.0,
AddFace,0,1,4,5,
AddFace,1,2,3,4,
LoadTexture,../Building/BuilW.bmp
SetTextureCoordinates,0, 1.0,-0.11
SetTextureCoordinates,1, 0.38,-0.11
SetTextureCoordinates,2, 0.0,-0.11
SetTextureCoordinates,3, 0.0,4.0
SetTextureCoordinates,4, 0.38,4.0
SetTextureCoordinates,5, 1.0,4.0
GenerateNormals,
SetDecalTransparentColor,255,255,255,
Setcolor,185,180,170,
;Rotate,0,1,0,90
Translate,-10,-2.1,-9

CreateMeshBuilder,
AddVertex,48.0, 12.0, 0,
AddVertex, 0.0, 12.0, 0,
AddVertex, 0.0,  0.3, 0,
AddVertex,48.0,  0.3, 0,
AddFace2,0,1,2,3,
LoadTexture,buil011.bmp
SetTextureCoordinates,0, 0.01, 0.01,
SetTextureCoordinates,1, 1, 0.01,
SetTextureCoordinates,2, 1, 1,
SetTextureCoordinates,3, 0.01, 1,
SetDecalTransparentColor,255,255,255
Rotate,0,1,0,-30
Translate,-79,-3.2,-81


CreateMeshBuilder,
AddVertex,38.0, 14.5, 0,
AddVertex, 0.0, 14.5, 0,
AddVertex, 0.0,  0.3, 0,
AddVertex,38.0, -2.3, 0,
AddFace2,0,1,2,3,
LoadTexture,buil009.bmp
SetTextureCoordinates,0, 0.01, 0.01,
SetTextureCoordinates,1, 1, 0.01,
SetTextureCoordinates,2, 1, 1,
SetTextureCoordinates,3, 0.01, 1,
SetDecalTransparentColor,255,255,255
Rotate,0,1,0,-30
Translate,-78,-3.2,-110



CreateMeshBuilder,
AddVertex,58.0, 14.5, 0,
AddVertex, 0.0, 14.5, 0,
AddVertex, 0.0,  0.3, 0,
AddVertex,58.0,  0.3, 0,
AddFace2,0,1,2,3,
LoadTexture,buil013.bmp
SetTextureCoordinates,0, 1, 0.01,
SetTextureCoordinates,1, 0.01, 0.01,
SetTextureCoordinates,2, 0.01, 1,
SetTextureCoordinates,3, 1, 1,
SetDecalTransparentColor,255,255,255
Rotate,0,1,0,-30
Translate,-43,-3.2,-140

CreateMeshBuilder,
AddVertex,48.0, 12.0, 0,
AddVertex, 0.0, 12.0, 0,
AddVertex, 0.0,  0.3, 0,
AddVertex,48.0,  0.3, 0,
AddFace2,0,1,2,3,
LoadTexture,buil011.bmp
SetTextureCoordinates,0, 0.01, 0.01,
SetTextureCoordinates,1, 1, 0.01,
SetTextureCoordinates,2, 1, 1,
SetTextureCoordinates,3, 0.01, 1,
SetDecalTransparentColor,255,255,255
Rotate,0,1,0,-30
Translate,-35,-3.2,-170


CreateMeshBuilder,
AddVertex,68.0, 12.5, 0,
AddVertex, 0.0, 12.5, 0,
AddVertex, 0.0,  0.3, 0,
AddVertex,68.0,  0.3, 0,
AddFace2,0,1,2,3,
LoadTexture,buil003.bmp
SetTextureCoordinates,0, 0.01, 0.01,
SetTextureCoordinates,1, 1, 0.01,
SetTextureCoordinates,2, 1, 1,
SetTextureCoordinates,3, 0.01, 1,
SetDecalTransparentColor,255,255,255
Rotate,0,1,0,-20
Translate,-93,-3.2,-180

CreateMeshBuilder,
AddVertex,38.0, 9.5, 0,
AddVertex, 0.0, 9.5, 0,
AddVertex, 0.0,  0.3, 0,
AddVertex,38.0, -5.8, 0,
AddFace2,0,1,2,3,
LoadTexture,buil008.bmp
SetTextureCoordinates,0, 0.01, 0.01,
SetTextureCoordinates,1, 1, 0.01,
SetTextureCoordinates,2, 1, 1,
SetTextureCoordinates,3, 0.01, 1,
SetDecalTransparentColor,255,255,255
Rotate,0,1,0,-20
Translate,-23,-3.2,-200







CreateMeshBuilder,
AddVertex,-15, 7.4,  0,
AddVertex,  0, 7.4,  0,
AddVertex,  0,-2.25, 0,
AddVertex,-15,-2.25, 0,
AddFace,0,1,2,3,
GenerateNormals,,,,
LoadTexture,../other/tree3.bmp
SetTextureCoordinates,0,0,0.01,
SetTextureCoordinates,1,1,0.01
SetTextureCoordinates,2,1,1
SetTextureCoordinates,3,0,1
setcolor,134,130,130
Rotate,0,1,0,-20
Translate,-25,-1.7,-184
SetDecalTransparentColor,255,255,255,

CreateMeshBuilder,
AddVertex,-15,  7.4,  0,
AddVertex,  0,  7.4,  0,
AddVertex,  0,-2.25, 0,
AddVertex,-15,-2.25, 0,
AddFace,0,1,2,3,
GenerateNormals,,,,
LoadTexture,../other/tree3.bmp
SetTextureCoordinates,0,0,0.01,
SetTextureCoordinates,1,1,0.01
SetTextureCoordinates,2,1,1
SetTextureCoordinates,3,0,1
setcolor,134,130,130
Rotate,0,1,0,-20
Translate,-35,-1.7,-174
SetDecalTransparentColor,255,255,255,

CreateMeshBuilder,
AddVertex,58.0, 11.5, 0,
AddVertex, 0.0, 11.5, 0,
AddVertex, 0.0,  0.3, 0,
AddVertex,58.0,  0.3, 0,
AddFace2,0,1,2,3,
LoadTexture,buil012.bmp
SetTextureCoordinates,0, 0.01, 0.01,
SetTextureCoordinates,1, 1, 0.01,
SetTextureCoordinates,2, 1, 1,
SetTextureCoordinates,3, 0.01, 1,
SetDecalTransparentColor,255,255,255
Rotate,0,1,0,-30
Translate,-50,-3.2,-110

CreateMeshBuilder,
AddVertex,58.0, 13.5, 0,
AddVertex, 0.0, 14.5, 0,
AddVertex, 0.0,  0.3, 0,
AddVertex,58.0,  0.3, 0,
AddFace2,0,1,2,3,
LoadTexture,buil009.bmp
SetTextureCoordinates,0, 1, 0.01,
SetTextureCoordinates,1, 0.01, 0.01,
SetTextureCoordinates,2, 0.01, 1,
SetTextureCoordinates,3, 1, 1,
SetDecalTransparentColor,255,255,255
Rotate,0,1,0,60
Translate,48,-3.6,-130

CreateMeshBuilder,
AddVertex,-5.1, 12.88, -1.0
AddVertex, 8.1, 12.88, -1.0
AddVertex, 8.1,  0.88, -1.0
AddVertex,-5.1,  0.88, -1.0
AddFace2,0,1,2,3
LoadTexture,../other/tree_D1.bmp
SetTextureCoordinates,0,0,0.01
SetTextureCoordinates,1,1,0.01
SetTextureCoordinates,2,1,1
SetTextureCoordinates,3,0,1
SetDecalTransparentColor,255,255,255,
GenerateNormals,
Rotate,0,1,0,-20
Translate,-69, 1.4,-140

CreateMeshBuilder,
AddVertex,-5.1, 12.88, -1.0
AddVertex, 8.1, 12.88, -1.0
AddVertex, 8.1,  0.88, -1.0
AddVertex,-5.1,  0.88, -1.0
AddFace2,0,1,2,3
LoadTexture,../other/tree_D1.bmp
SetTextureCoordinates,0,0,0.01
SetTextureCoordinates,1,1,0.01
SetTextureCoordinates,2,1,1
SetTextureCoordinates,3,0,1
SetDecalTransparentColor,255,255,255,
GenerateNormals,
Rotate,0,1,0,-20
Translate,-89, 0.4,-150




CreateMeshBuilder,
AddVertex,-18.5, 23.0, -8.0,
AddVertex, 0.0, 23.0, -8.0,
AddVertex, 0.0, 23.0,  0.0,
AddVertex, 0.0,-0.15,  0.0,
AddVertex, 0.0,-0.15, -8.0,
AddVertex,-18.5,-0.15, -8.0,
AddFace,0,1,4,5,
AddFace,1,2,3,4,
LoadTexture,../Building/BuilS.bmp
SetTextureCoordinates,0, 0.0,0.71
SetTextureCoordinates,1, 0.78,0.71
SetTextureCoordinates,2, 1.0,0.71
SetTextureCoordinates,3, 1.0,7
SetTextureCoordinates,4, 0.78,7
SetTextureCoordinates,5, 0.0,7
GenerateNormals,
SetDecalTransparentColor,255,255,255,
Setcolor,210,210,210,
Rotate,0,1,0,90
Translate,40,-2.1,-189


CreateMeshBuilder,
AddVertex,-8.5, 23.0, -18.0,
AddVertex, 0.0, 23.0, -18.0,
AddVertex, 0.0, 23.0,  0.0,
AddVertex, 0.0,-0.15,  0.0,
AddVertex, 0.0,-0.15, -18.0,
AddVertex,-8.5,-0.15, -18.0,
AddFace,0,1,4,5,
AddFace,1,2,3,4,
LoadTexture,../Building/BuilP.bmp
SetTextureCoordinates,0, 0.0,0.01
SetTextureCoordinates,1, 0.34,0.01
SetTextureCoordinates,2, 1.0,0.01
SetTextureCoordinates,3, 1.0,1
SetTextureCoordinates,4, 0.34,1
SetTextureCoordinates,5, 0.0,1
GenerateNormals,
SetDecalTransparentColor,255,255,255,
Rotate,0,1,0,90
Translate,84,-2.1,-184

CreateMeshBuilder,
AddVertex,-28.5, 19.0, -8.0,
AddVertex, 0.0, 19.0, -8.0,
AddVertex, 0.0, 19.0,  0.0,
AddVertex, 0.0,-0.45,  0.0,
AddVertex, 0.0,-0.45, -8.0,
AddVertex,-28.5,-0.15, -8.0,
AddFace,0,1,4,5,
AddFace,1,2,3,4,
LoadTexture,../Building/BuilT.bmp
SetTextureCoordinates,0, 0.01,0.01
SetTextureCoordinates,1, 0.8,0.01
SetTextureCoordinates,2, 1.0,0.01
SetTextureCoordinates,3, 1.0,4
SetTextureCoordinates,4, 0.8,4
SetTextureCoordinates,5, 0.01,4
GenerateNormals,
SetDecalTransparentColor,255,255,255,
Setcolor,210,210,210,
Rotate,0,1,0,90
Translate,40,-1.3,-165

CreateMeshBuilder,
AddVertex,-28.5, 45.0, -14.0,
AddVertex, 0.0, 45.0, -14.0,
AddVertex, 0.0, 45.0,  0.0,
AddVertex, 0.0,-0.45,  0.0,
AddVertex, 0.0,-0.45, -14.0,
AddVertex,-28.5,-0.15, -14.0,
AddFace,0,1,4,5,
AddFace,1,2,3,4,
LoadTexture,../Building/BuilU.bmp
SetTextureCoordinates,0, 0.0,0.01
SetTextureCoordinates,1, 0.7,0.01
SetTextureCoordinates,2, 1.0,0.01
SetTextureCoordinates,3, 1.0,6
SetTextureCoordinates,4, 0.7,6
SetTextureCoordinates,5, 0.0,6
GenerateNormals,
SetDecalTransparentColor,255,255,255,
Setcolor,210,210,210,
Rotate,0,1,0,90
Translate,54,-0.6,-110

CreateMeshBuilder,
AddVertex,-78.5, 50.0, -14.0,
AddVertex, 0.0, 50.0, -14.0,
AddVertex, 0.0, 50.0,  0.0,
AddVertex, 0.0,-0.45,  0.0,
AddVertex, 0.0,-0.45, -14.0,
AddVertex,-78.5,-0.15, -14.0,
AddFace,0,1,4,5,
AddFace,1,2,3,4,
LoadTexture,../Building/BuilV.bmp
SetTextureCoordinates,0, 0.0,0.01
SetTextureCoordinates,1, 0.928,0.01
SetTextureCoordinates,2, 1.0,0.01
SetTextureCoordinates,3, 1.0,6
SetTextureCoordinates,4, 0.928,6
SetTextureCoordinates,5, 0.0,6
GenerateNormals,
SetDecalTransparentColor,255,255,255,
Setcolor,210,210,210,
Rotate,0,1,0,90
Translate,54,-0.6,-76

CreateMeshBuilder,
AddVertex,198.0, 21.5, 0,
AddVertex, 10.0, 22.5, 0,
AddVertex, 10.0,  3.3, 0,
AddVertex,198.0,  0.3, 0,
AddFace2,0,1,2,3,
LoadTexture,buil006.bmp
SetTextureCoordinates,0, 1, 0.01,
SetTextureCoordinates,1, 0.01, 0.01,
SetTextureCoordinates,2, 0.01, 1,
SetTextureCoordinates,3, 1, 1,
SetDecalTransparentColor,255,255,255
Rotate,0,1,0,70
Translate,70,-3.5,-10



CreateMeshBuilder,
AddVertex,-450,-0.0,   0,
AddVertex, 450,-0.0,   0,
AddVertex, 450,-3.95, -205,
AddVertex,-450,-3.95, -205,
AddFace,0,1,2,3,
GenerateNormals,,,,
LoadTexture,../bridge/Wall.bmp
SetTextureCoordinates,0,0,0,
SetTextureCoordinates,1,10,0
SetTextureCoordinates,2,10,3
SetTextureCoordinates,3,0,3
Setcolor,134,130,130