CreateMeshBuilder,
AddVertex,-450,-0.0,   0,
AddVertex, 450,-0.0,   0,
AddVertex, 450,-2.25, -205,
AddVertex,-450,-2.25, -205,
AddFace,0,1,2,3,
GenerateNormals,,,,
LoadTexture,../bridge/Wall.bmp
SetTextureCoordinates,0,0,0,
SetTextureCoordinates,1,10,0
SetTextureCoordinates,2,10,3
SetTextureCoordinates,3,0,3
Setcolor,134,130,130
Translate,0,-1

CreateMeshBuilder,
AddVertex,68.0, 12.5, 0,
AddVertex, 0.0, 12.5, 0,
AddVertex, 0.0,  0.3, 0,
AddVertex,68.0,  0.3, 0,
AddFace2,0,1,2,3,
LoadTexture,buil003.bmp
SetTextureCoordinates,0, 0.01, 0.01,
SetTextureCoordinates,1, 1, 0.01,
SetTextureCoordinates,2, 1, 1,
SetTextureCoordinates,3, 0.01, 1,
SetDecalTransparentColor,255,255,255
Rotate,0,1,0,-25
Translate,-113,-3.2,-217


CreateMeshBuilder,
AddVertex,38.0, 11.5, 0,
AddVertex, 0.0, 11.5, 0,
AddVertex, 0.0,  0.3, 0,
AddVertex,38.0,  0.3, 0,
AddFace2,0,1,2,3,
LoadTexture,buil009.bmp
SetTextureCoordinates,0, 0, 0.01,
SetTextureCoordinates,1, 1, 0.01,
SetTextureCoordinates,2, 1, 1,
SetTextureCoordinates,3, 0, 1,
SetDecalTransparentColor,255,255,255
Rotate,0,1,0,-30
Translate,-98,-3.2,-80

CreateMeshBuilder,
AddVertex,58.0, 17.5, 0,
AddVertex, 0.0, 17.5, 0,
AddVertex, 0.0,  0.3, 0,
AddVertex,58.0,  0.3, 0,
AddFace2,0,1,2,3,
LoadTexture,buil012.bmp
SetTextureCoordinates,0, 0, 0.01,
SetTextureCoordinates,1, 1, 0.01,
SetTextureCoordinates,2, 1, 1,
SetTextureCoordinates,3, 0, 1,
SetDecalTransparentColor,255,255,255
Rotate,0,1,0,-30
Translate,-123,-3.2,-170

CreateMeshBuilder,
AddVertex,48.0, 12.5, 0,
AddVertex, 0.0, 12.5, 0,
AddVertex, 0.0,  0.3, 0,
AddVertex,48.0,  0.3, 0,
AddFace2,0,1,2,3,
LoadTexture,buil011.bmp
SetTextureCoordinates,0, 0.005, 0.01,
SetTextureCoordinates,1, 1, 0.01,
SetTextureCoordinates,2, 1, 1,
SetTextureCoordinates,3, 0.005, 1,
SetDecalTransparentColor,255,255,255
Rotate,0,1,0,-30
Translate,-96,-3.2,-40


CreateMeshBuilder,
AddVertex,58.0, 14.5, 0,
AddVertex, 0.0, 14.5, 0,
AddVertex, 0.0,  0.3, 0,
AddVertex,58.0,  0.3, 0,
AddFace2,0,1,2,3,
LoadTexture,buil013.bmp
SetTextureCoordinates,0, 1, 0.01,
SetTextureCoordinates,1, 0, 0.01,
SetTextureCoordinates,2, 0, 1,
SetTextureCoordinates,3, 1, 1,
SetDecalTransparentColor,255,255,255
Rotate,0,1,0,-30
Translate,-98,-2.2,-140


CreateMeshBuilder,
AddVertex,-5.1, 31.88, -60.0
AddVertex,-5.1, 31.88, -1.0
AddVertex,-5.1, -0.88, -1.0
AddVertex,-5.1, -0.88, -60.0
AddFace2,3,2,1,0,
LoadTexture,../Building/buil016.bmp
SetTextureCoordinates,0,0,0.01
SetTextureCoordinates,1,1,0.01
SetTextureCoordinates,2,1,1
SetTextureCoordinates,3,0,1
SetDecalTransparentColor,255,255,255,
GenerateNormals,
Rotate,0,1,0,190
Translate,-69,-1.0,-70



CreateMeshBuilder,
AddVertex,-5.1, 28.88, -80.0
AddVertex,-5.1, 28.88, -41.0
AddVertex,15.1, 28.88, -1.0
AddVertex,16.1, -0.88, -1.0
AddVertex,-5.1, -0.88, -41.0
AddVertex,-5.1, -0.88, -80.0
AddFace2,5,4,1,0,
AddFace2,4,3,2,1,
LoadTexture,../Building/buil018.bmp
SetTextureCoordinates,0,0,0.01
SetTextureCoordinates,1,0.5,0.01
SetTextureCoordinates,2,1,0.01
SetTextureCoordinates,3,1,1
SetTextureCoordinates,4,0.5,1
SetTextureCoordinates,5,0,1
SetDecalTransparentColor,255,255,255,
GenerateNormals,
Rotate,0,1,0,180
Translate,-59,-1.0,-190



CreateMeshBuilder,
AddVertex,-5.1, 28.88, -80.0
AddVertex,-5.1, 31.88, -1.0
AddVertex,-5.1, -0.88, -1.0
AddVertex,-5.1, -0.88, -80.0
AddFace2,3,2,1,0,
LoadTexture,../Building/BuilF.bmp
SetTextureCoordinates,0,0,0.01
SetTextureCoordinates,1,1,0.01
SetTextureCoordinates,2,1,1
SetTextureCoordinates,3,0,1
SetDecalTransparentColor,0,0,0,
GenerateNormals,
Rotate,0,1,0,210
Translate,-129,9.0,-80


CreateMeshBuilder,
AddVertex,-15, 7.4,  0,
AddVertex,  0, 7.4,  0,
AddVertex,  0,-2.25, 0,
AddVertex,-15,-2.25, 0,
AddFace,0,1,2,3,
GenerateNormals,,,,
LoadTexture,../other/tree3.bmp
SetTextureCoordinates,0,0,0.01,
SetTextureCoordinates,1,1,0.01
SetTextureCoordinates,2,1,1
SetTextureCoordinates,3,0,1
setcolor,134,130,130
Rotate,0,1,0,-20
Translate,-52,-1.7,-84
SetDecalTransparentColor,255,255,255,

CreateMeshBuilder,
AddVertex,-15,  7.4,  0,
AddVertex,  0,  7.4,  0,
AddVertex,  0,-2.25, 0,
AddVertex,-15,-2.25, 0,
AddFace,0,1,2,3,
GenerateNormals,,,,
LoadTexture,../other/tree3.bmp
SetTextureCoordinates,0,0,0.01,
SetTextureCoordinates,1,1,0.01
SetTextureCoordinates,2,1,1
SetTextureCoordinates,3,0,1
setcolor,134,130,130
Rotate,0,1,0,-20
Translate,-53,-1.7,-74
SetDecalTransparentColor,255,255,255,

CreateMeshBuilder,
AddVertex,-5.1, 12.88, -1.0
AddVertex, 8.1, 12.88, -1.0
AddVertex, 8.1,  0.88, -1.0
AddVertex,-5.1,  0.88, -1.0
AddFace2,0,1,2,3
LoadTexture,../other/tree_D1.bmp
SetTextureCoordinates,0,0,0.01
SetTextureCoordinates,1,1,0.01
SetTextureCoordinates,2,1,1
SetTextureCoordinates,3,0,1
SetDecalTransparentColor,255,255,255,
GenerateNormals,
Rotate,0,1,0,-20
Translate,-53,-2,-10

CreateMeshBuilder,
AddVertex,-5.1, 12.88, -1.0
AddVertex, 8.1, 12.88, -1.0
AddVertex, 8.1,  0.88, -1.0
AddVertex,-5.1,  0.88, -1.0
AddFace2,0,1,2,3
LoadTexture,../other/tree_D1.bmp
SetTextureCoordinates,0,0,0.01
SetTextureCoordinates,1,1,0.01
SetTextureCoordinates,2,1,1
SetTextureCoordinates,3,0,1
SetDecalTransparentColor,255,255,255,
GenerateNormals,
Rotate,0,1,0,-20
Translate,-69, 1.4,-140


CreateMeshBuilder,
AddVertex,-12.5, 22.0, -10.0,
AddVertex,  0.0, 22.0, -10.0,
AddVertex,  0.0, 22.0,  0.0,
AddVertex,  0.0,-0.15,  0.0,
AddVertex,  0.0,-0.15, -10.0,
AddVertex,-12.5,-0.15, -10.0,
AddFace,0,1,4,5,
AddFace,1,2,3,4,
LoadTexture,../Building/BuilO.bmp
SetTextureCoordinates,0, 0.0,0.01
SetTextureCoordinates,1, 0.57,0.01
SetTextureCoordinates,2, 1.0,0.01
SetTextureCoordinates,3, 1.0,1
SetTextureCoordinates,4, 0.57,1
SetTextureCoordinates,5, 0.0,1
GenerateNormals,
Setcolor,204,200,200
SetDecalTransparentColor,255,255,255,
Rotate,0,1,0,92
Translate,95,-1.8,-163




CreateMeshBuilder,
AddVertex,-5.1, 12.88, -1.0
AddVertex, 8.1, 12.88, -1.0
AddVertex, 8.1,  0.88, -1.0
AddVertex,-5.1,  0.88, -1.0
AddFace2,0,1,2,3
LoadTexture,../other/tree_D1.bmp
SetTextureCoordinates,0,0,0.01
SetTextureCoordinates,1,1,0.01
SetTextureCoordinates,2,1,1
SetTextureCoordinates,3,0,1
SetDecalTransparentColor,255,255,255,
GenerateNormals,
Rotate,0,1,0,-20
Translate,-89, 0.4,-150

CreateMeshBuilder,,,,
AddVertex, 48,-1.5,  -10,
AddVertex, 139,-1.5,  -10,
AddVertex, 139,-2.1, -70,
AddVertex, 48,-2.1, -70,
AddFace,0,1,2,3,
GenerateNormals,,,,
LoadTexture,../../bg1.bmp
SetTextureCoordinates,0,0,0,
SetTextureCoordinates,1,3,0
SetTextureCoordinates,2,3,2
SetTextureCoordinates,3,0,2
Setcolor,134,130,130
Translate,0,0.4,

CreateMeshBuilder,
AddVertex,-8.5, 26.0, -18.0,
AddVertex, 0.0, 26.0, -18.0,
AddVertex, 0.0, 26.0,  0.0,
AddVertex, 0.0,-0.15,  0.0,
AddVertex, 0.0,-0.15, -18.0,
AddVertex,-8.5,-0.15, -18.0,
AddFace,0,1,4,5,
AddFace,1,2,3,4,
LoadTexture,../Building/BuilQ.bmp
SetTextureCoordinates,0, 0.0,0.01
SetTextureCoordinates,1, 0.34,0.01
SetTextureCoordinates,2, 1.0,0.01
SetTextureCoordinates,3, 1.0,1
SetTextureCoordinates,4, 0.34,1
SetTextureCoordinates,5, 0.0,1
GenerateNormals,
SetDecalTransparentColor,255,255,255,
Rotate,0,1,0,90
Translate,61,-1.2,-72

CreateMeshBuilder,
AddVertex,-68.5, 92.0, -48.0,
AddVertex, 0.0, 92.0, -48.0,
AddVertex, 0.0, 92.0,  0.0,
AddVertex, 0.0,-0.15,  0.0,
AddVertex, 0.0,-0.15, -48.0,
AddVertex,-68.5,-0.15, -48.0,
AddFace,0,1,4,5,
AddFace,1,2,3,4,
LoadTexture,../Building/buil015.bmp
SetTextureCoordinates,0, 0.0,0.01
SetTextureCoordinates,1, 0.504,0.01
SetTextureCoordinates,2, 1.0,0.01
SetTextureCoordinates,3, 1.0,1
SetTextureCoordinates,4, 0.504,1
SetTextureCoordinates,5, 0.0,1
GenerateNormals,
SetDecalTransparentColor,255,255,255,
Rotate,0,1,0,90
Translate,179,-1.2,-42

CreateMeshBuilder,
AddVertex,-5.1, 12.88, -1.0
AddVertex, 5.1, 12.88, -1.0
AddVertex, 5.1, -0.88, -1.0
AddVertex,-5.1, -0.88, -1.0
AddFace2,0,1,2,3
LoadTexture,../other/tree_D1.bmp
SetTextureCoordinates,0,0,0.01
SetTextureCoordinates,1,1,0.01
SetTextureCoordinates,2,1,1
SetTextureCoordinates,3,0,1
SetDecalTransparentColor,255,255,255,
GenerateNormals,
Rotate,0,1,0,60
Translate,119,-1.0,-50

CreateMeshBuilder,
AddVertex,-5.1, 32.88, -1.0
AddVertex,-5.1, 32.88, -60.0
AddVertex,-5.1, -0.88, -60.0
AddVertex,-5.1, -0.88, -1.0
AddFace2,0,1,2,3
LoadTexture,../Building/buil016.bmp
SetTextureCoordinates,0,0,0.01
SetTextureCoordinates,1,1,0.01
SetTextureCoordinates,2,1,1
SetTextureCoordinates,3,0,1
SetDecalTransparentColor,255,255,255,
GenerateNormals,
Rotate,0,1,0,0
Translate,119,-1.0,-70

CreateMeshBuilder,
AddVertex,188.0, 20.5, 0,
AddVertex,  0.0, 20.5, 0,
AddVertex,  0.0,  0.3, 0,
AddVertex,188.0,  0.3, 0,
AddFace2,0,1,2,3,
LoadTexture,buil006.bmp
SetTextureCoordinates,0, 1.5, 0.01,
SetTextureCoordinates,1, 0, 0.01,
SetTextureCoordinates,2, 0, 1,
SetTextureCoordinates,3, 1.5, 1,
SetDecalTransparentColor,255,255,255
Rotate,0,1,0,80
Translate,200,-3.5,-0
CreateMeshBuilder,
AddVertex,58.0, 20.5, 0,
AddVertex,  0.0, 20.5, 0,
AddVertex,  0.0,  0.3, 0,
AddVertex,58.0,  0.3, 0,
AddFace2,0,1,2,3,
LoadTexture,buil006.bmp
SetTextureCoordinates,0, 0.5, 0.01,
SetTextureCoordinates,1, 0, 0.01,
SetTextureCoordinates,2, 0, 1,
SetTextureCoordinates,3, 0.5, 1,
SetDecalTransparentColor,255,255,255
Rotate,0,1,0,30
Translate,60,-3.5,-0

CreateMeshBuilder,
AddVertex,-8.5, 26.0, -18.0,
AddVertex, 0.0, 26.0, -18.0,
AddVertex, 0.0, 26.0,  0.0,
AddVertex, 0.0,-0.15,  0.0,
AddVertex, 0.0,-0.15, -18.0,
AddVertex,-8.5,-0.15, -18.0,
AddFace,0,1,4,5,
AddFace,1,2,3,4,
LoadTexture,../Building/BuilP.bmp
SetTextureCoordinates,0, 0.0,0.01
SetTextureCoordinates,1, 0.34,0.01
SetTextureCoordinates,2, 1.0,0.01
SetTextureCoordinates,3, 1.0,1
SetTextureCoordinates,4, 0.34,1
SetTextureCoordinates,5, 0.0,1
GenerateNormals,
SetDecalTransparentColor,255,255,255,
Rotate,0,1,0,90
Translate,62,-2.1,-109

CreateMeshBuilder,
AddVertex,-8.5, 26.0, -18.0,
AddVertex, 0.0, 26.0, -18.0,
AddVertex, 0.0, 26.0,  0.0,
AddVertex, 0.0,-0.15,  0.0,
AddVertex, 0.0,-0.15, -18.0,
AddVertex,-8.5,-0.15, -18.0,
AddFace,0,1,4,5,
AddFace,1,2,3,4,
LoadTexture,../Building/BuilP.bmp
SetTextureCoordinates,0, 0.0,0.01
SetTextureCoordinates,1, 0.34,0.01
SetTextureCoordinates,2, 1.0,0.01
SetTextureCoordinates,3, 1.0,1
SetTextureCoordinates,4, 0.34,1
SetTextureCoordinates,5, 0.0,1
GenerateNormals,
SetDecalTransparentColor,255,255,255,
Rotate,0,1,0,0
Translate,-60,-2.1,-64
