CreateMeshBuilder
AddVertex,-2.0, -0.6, -0.9,
AddVertex,-2.0, -2.5, -0.9,
AddVertex,-1.3, -3.0, -0.9,
AddVertex,-1.3, -14, -0.9,
AddVertex,3.5, -0.6, -0.9,
AddVertex,3.5, -2.5, -0.9,
AddVertex,2.8, -3.0, -0.9,
AddVertex,2.8, -14, -0.9,
AddFace2,1,0,4,5
AddFace2,2,1,5,6
AddFace2,3,2,6,7
GenerateNormals,
LoadTexture,../../con2.bmp,
SetTextureCoordinates,0,0.0,0
SetTextureCoordinates,1,0.0,0.176
SetTextureCoordinates,2,0.2,0.335
SetTextureCoordinates,3,0.3,1
SetTextureCoordinates,4,2.0,0
SetTextureCoordinates,5,2.0,0.176
SetTextureCoordinates,6,1.8,0.335
SetTextureCoordinates,7,1.6,1

CreateMeshBuilder
AddVertex,-2.0, -0.6, 0.9,
AddVertex,-2.0, -2.5, 0.9,
AddVertex,-1.3, -3.0, 0.9,
AddVertex,-1.3, -14, 0.9,
AddVertex,3.5, -0.6, 0.9,
AddVertex,3.5, -2.5, 0.9,
AddVertex,2.8, -3.0, 0.9,
AddVertex,2.8, -14, 0.9,
AddFace2,1,0,4,5
AddFace2,2,1,5,6
AddFace2,3,2,6,7
GenerateNormals,
LoadTexture,../../con2.bmp,
SetTextureCoordinates,0,0.0,0
SetTextureCoordinates,1,0.0,0.176
SetTextureCoordinates,2,0.2,0.335
SetTextureCoordinates,3,0.3,1
SetTextureCoordinates,4,2.0,0
SetTextureCoordinates,5,2.0,0.176
SetTextureCoordinates,6,1.8,0.335
SetTextureCoordinates,7,1.6,1

CreateMeshBuilder
AddVertex,-2.0, -0.6, -0.9,
AddVertex,-2.0, -2.5, -0.9,
AddVertex,-1.3, -3.0, -0.9,
AddVertex,-1.3, -14, -0.9,
AddVertex,-2.0, -0.6, 0.9,
AddVertex,-2.0, -2.5, 0.9,
AddVertex,-1.3, -3.0, 0.9,
AddVertex,-1.3, -14, 0.9,
AddFace2,5,4,0,1
AddFace2,6,5,1,2
AddFace2,7,6,2,3
GenerateNormals
LoadTexture,../../con2.bmp,
SetTextureCoordinates,0,1,0
SetTextureCoordinates,1,1,0.176
SetTextureCoordinates,2,1,0.235
SetTextureCoordinates,3,1,1
SetTextureCoordinates,4,0,0
SetTextureCoordinates,5,0,0.176
SetTextureCoordinates,6,0,0.235
SetTextureCoordinates,7,0,1

CreateMeshBuilder
AddVertex,3.5, -0.6, -0.9,
AddVertex,3.5, -2.5, -0.9,
AddVertex,2.8, -3.0, -0.9,
AddVertex,2.8, -14, -0.9,
AddVertex,3.5, -0.6, 0.9,
AddVertex,3.5, -2.5, 0.9,
AddVertex,2.8, -3.0, 0.9,
AddVertex,2.8, -14, 0.9,
AddFace2,1,0,4,5
AddFace2,2,1,5,6
AddFace2,3,2,6,7
GenerateNormals
LoadTexture,../../con2.bmp,
SetTextureCoordinates,0,0,0
SetTextureCoordinates,1,0,0.176
SetTextureCoordinates,2,0,0.235
SetTextureCoordinates,3,0,1
SetTextureCoordinates,4,1,0
SetTextureCoordinates,5,1,0.176
SetTextureCoordinates,6,1,0.235
SetTextureCoordinates,7,1,1
