CreateMeshBuilder,,,,
AddVertex,1.33,-0.4,24.45,
AddVertex,1.33,-0.4,0.5,
AddVertex,2.55,-0.4,0.5,
AddVertex,2.55,-0.4,24.45,
AddFace,0,1,2,3
AddFace,1,0,3,2
LoadTexture,../bridge_center4.png,
SetTextureCoordinates,0,0,0
SetTextureCoordinates,1,0,3
SetTextureCoordinates,2,1,3
SetTextureCoordinates,3,1,0
GenerateNormals,
CreateMeshBuilder,,,,
AddVertex,1.33,-0.4,24.45,
AddVertex,1.33,-0.4,0.5,
AddVertex,2.55,-0.4,0.5,
AddVertex,2.55,-0.4,24.45,
AddFace,0,1,2,3
AddFace,1,0,3,2
LoadTexture,../bridge_center4.png,,
SetTextureCoordinates,0,0,0.5
SetTextureCoordinates,1,0,3.5
SetTextureCoordinates,2,1,3.5
SetTextureCoordinates,3,1,0.5
Translate,-3.8,
GenerateNormals,
CreateMeshBuilder,,,,
AddVertex,1.33,-0.4,24.45,
AddVertex,1.33,-0.4,0.5,
AddVertex,2.55,-0.4,0.5,
AddVertex,2.55,-0.4,24.45,
AddFace,0,1,2,3
AddFace,1,0,3,2
LoadTexture,../bridge_center4.png,,
SetTextureCoordinates,0,0,1
SetTextureCoordinates,1,0,3.5
SetTextureCoordinates,2,1,3.5
SetTextureCoordinates,3,1,1
GenerateNormals,
Translate,3.7
;;;;;;;;;;;;;;;;;;;;;;;;;;;;;;;;;;;;;;;;;;
CreateMeshBuilder,,,
AddVertex,-3.3, -0.30, 25
AddVertex,-2.47, -0.30, 25
AddVertex,-2.47, -0.75, 25
AddVertex,-2.47, -0.75, 0
AddVertex,-2.47, -0.30, 0
AddVertex,-3.3, -0.30, 0
AddVertex,-3.3,-0.30,25,
AddVertex,-3.3,-3.30,25,
AddVertex,-3.3,-3.30,0,
AddVertex,-3.3,-0.30,0,
AddFace2,0,1,4,5
ADdFace2,1,2,3,4,
AddFace2,6,7,8,9
Setcolor,180,180,180
LoadTexture,../../../EDtozai\bridge\EdoBridge1.bmp
SetTextureCoordinates,0,0,0
SetTextureCoordinates,1,0,1
SetTextureCoordinates,2,0,2
SetTextureCoordinates,3,4,2
SetTextureCoordinates,4,4,1
SetTextureCoordinates,5,4,0
SetTextureCoordinates,6,0,-0.1
SetTextureCoordinates,7,0,1
SetTextureCoordinates,8,5,1
SetTextureCoordinates,9,5,-0.1
GenerateNormals,

CreateMeshBuilder,
AddVertex,-3.0, 0.75, 0
AddVertex,-3.0, 0.75, 25
AddVertex,-3.0,-0.30,25
AddVertex,-3.0,-0.30,0
AddFace2,0,1,2,3
LoadTexture,../../bridge\saku1.bmp
SetTextureCoordinates,0,0,0
SetTextureCoordinates,1,0,5
SetTextureCoordinates,2,1,5
SetTextureCoordinates,3,1,0
SetDecalTransparentColor,0,0,0,
GenerateNormals,

CreateMeshBuilder
AddVertex,3.3, -0.30, 25
AddVertex,2.47, -0.30, 25
AddVertex,2.47, -0.75, 25
AddVertex,2.47, -0.75, 0
AddVertex,2.47, -0.30, 0
AddVertex,3.3, -0.30, 0
AddVertex,3.3,-0.30,25,
AddVertex,3.3,-3.30,25,
AddVertex,3.3,-3.30,0,
AddVertex,3.3,-0.30,0,
AddFace2,5,4,1,0
ADdFace,4,3,2,1,
AddFace2,6,7,8,9
Setcolor,180,180,180
LoadTexture,../../../EDtozai\bridge\EdoBridge1.bmp
SetTextureCoordinates,0,0,0
SetTextureCoordinates,1,0,1
SetTextureCoordinates,2,0,2
SetTextureCoordinates,3,4,2
SetTextureCoordinates,4,4,1
SetTextureCoordinates,5,4,0
SetTextureCoordinates,6,0,-0.1
SetTextureCoordinates,7,0,1
SetTextureCoordinates,8,5,1
SetTextureCoordinates,9,5,-0.1
Translate,3.8
GenerateNormals

CreateMeshBuilder
AddVertex,3, 0.75, 0
AddVertex,3, 0.75, 25
AddVertex,3,-0.30,25
AddVertex,3,-0.30,0
AddFace2,3,2,1,0
LoadTexture,../../bridge\saku1.bmp
SetTextureCoordinates,0,0,0
SetTextureCoordinates,1,0,5
SetTextureCoordinates,2,1,5
SetTextureCoordinates,3,1,0
SetDecalTransparentColor,0,0,0
Translate,3.8
GenerateNormals

CreateMeshBuilder,
AddVertex,-3.3,-3.30, 25,
AddVertex,-3.3,-3.30, 0,
AddVertex, 7.1,-3.30, 0,
AddVertex, 7.1,-3.30, 25,
Addface2,0,1,2,3,
LoadTexture,../../../EDtozai\bridge\kiyo_under.bmp
SetTextureCoordinates,0,0,0
SetTextureCoordinates,1,1,0
SetTextureCoordinates,2,1,1
SetTextureCoordinates,3,0,1
Setcolor,160,200,255,
