CreateMeshBuilder,
AddVertex,-0.12,-0.06, 0.1
AddVertex, 0.12,-0.06, 0.1
AddVertex, 0.12,-0.141, 0.0
AddVertex,-0.12,-0.141, 0.0
AddFace,0,1,2,3
LoadTexture,10.bmp
SetTextureCoordinates,0, 0, 0
SetTextureCoordinates,1, 1, 0
SetTextureCoordinates,2, 1, 1
SetTextureCoordinates,3, 0, 1
GenerateNormals,
Setcolor,180,180,180,

CreateMeshBuilder,
AddVertex,-0.35,-0.11, 0.1
AddVertex, 0.35,-0.11, 0.1
AddVertex, 0.35,-0.141, 0.0
AddVertex,-0.35,-0.141, 0.0
AddFace,0,1,2,3
LoadTexture,10_2.bmp
SetTextureCoordinates,0, 0, 0
SetTextureCoordinates,1, 1, 0
SetTextureCoordinates,2, 1, 1
SetTextureCoordinates,3, 0, 1
GenerateNormals,
Setcolor,180,180,180,


CreateMeshBuilder
AddVertex,0,0.177,-0.005
AddVertex,0.177,0,-0.005
AddVertex,0,-0.177,-0.005
AddVertex,-0.177,0,-0.005
AddFace2,0,1,2,3
LoadTexture,Stop10.bmp
SetTextureCoordinates,0,0,0
SetTextureCoordinates,1,1,0
SetTextureCoordinates,2,1,1
SetTextureCoordinates,3,0,1
GenerateNormals
;Setcolor,180,180,180,
Translate,1.8,1,0,

CreateMeshBuilder
AddVertex,-0.015, 0.0,0
AddVertex, 0.015, 0.0,0
AddVertex, 0.015,-1.5,0
AddVertex,-0.015,-1.5,0
AddFace2,0,1,2,3
SetColor,40,36,36
GenerateNormals
Translate,1.8,1.2,0,

CreateMeshBuilder
AddVertex,-0.215,-1.47,0.5
AddVertex,-0.185,-1.47,0.5
AddVertex, 0.015,-1.5,0
AddVertex,-0.015,-1.5,0
AddFace2,0,1,2,3
SetColor,40,36,36
GenerateNormals
Translate,1.8,1.2,0,































CreateMeshBuilder,
AddVertex,-0.12,-0.06, 0.1
AddVertex, 0.12,-0.06, 0.1
AddVertex, 0.12,-0.141, 0.0
AddVertex,-0.12,-0.141, 0.0
AddFace,0,1,2,3
LoadTexture,10.bmp
SetTextureCoordinates,0, 0, 0
SetTextureCoordinates,1, 1, 0
SetTextureCoordinates,2, 1, 1
SetTextureCoordinates,3, 0, 1
GenerateNormals,
Setcolor,180,180,180,
Translate,0,-100,0,

CreateMeshBuilder,
AddVertex,-0.35,-0.11, 0.1
AddVertex, 0.35,-0.11, 0.1
AddVertex, 0.35,-0.141, 0.0
AddVertex,-0.35,-0.141, 0.0
AddFace,0,1,2,3
LoadTexture,10_2.bmp
SetTextureCoordinates,0, 0, 0
SetTextureCoordinates,1, 1, 0
SetTextureCoordinates,2, 1, 1
SetTextureCoordinates,3, 0, 1
GenerateNormals,
Setcolor,180,180,180,
Translate,0,-100,0,

CreateMeshBuilder
AddVertex,0,0.177,-0.005
AddVertex,0.177,0,-0.005
AddVertex,0,-0.177,-0.005
AddVertex,-0.177,0,-0.005
AddFace2,0,1,2,3
LoadTexture,Stop10.bmp
SetTextureCoordinates,0,0,0
SetTextureCoordinates,1,1,0
SetTextureCoordinates,2,1,1
SetTextureCoordinates,3,0,1
GenerateNormals
;Setcolor,180,180,180,
Translate,-1.8,-99,0,

CreateMeshBuilder
AddVertex,-0.015, 0.0,0
AddVertex, 0.015, 0.0,0
AddVertex, 0.015,-1.5,0
AddVertex,-0.015,-1.5,0
AddFace2,0,1,2,3
SetColor,40,36,36
GenerateNormals
Translate,-1.8,-99.2,0,

CreateMeshBuilder
AddVertex,-0.215,-1.47,0.5
AddVertex,-0.185,-1.47,0.5
AddVertex, 0.015,-1.5,0
AddVertex,-0.015,-1.5,0
AddFace2,0,1,2,3
SetColor,40,36,36
GenerateNormals
Translate,-1.8,-99.2,0,