CreateMeshBuilder
AddVertex,0,0.177,-0.005
AddVertex,0.177,0,-0.005
AddVertex,0,-0.177,-0.005
AddVertex,-0.177,0,-0.005
AddFace2,0,1,2,3
LoadTexture,Stop10.bmp
SetTextureCoordinates,0,0,0
SetTextureCoordinates,1,1,0
SetTextureCoordinates,2,1,1
SetTextureCoordinates,3,0,1
GenerateNormals
Setcolor,30,30,30,
Translate,1.8,1,0,

CreateMeshBuilder
AddVertex,-0.015, 0.0,0
AddVertex, 0.015, 0.0,0
AddVertex, 0.015,-1.5,0
AddVertex,-0.015,-1.5,0
AddFace2,0,1,2,3
SetColor,40,36,36
GenerateNormals
Translate,1.8,1.2,0,

CreateMeshBuilder
AddVertex,-0.215,-1.47,0.5
AddVertex,-0.185,-1.47,0.5
AddVertex, 0.015,-1.5,0
AddVertex,-0.015,-1.5,0
AddFace2,0,1,2,3
SetColor,40,36,36
GenerateNormals
Translate,1.8,1.2,0,