CreateMeshBuilder,
AddVertex,-0.95, -0.145, 0
AddVertex,-0.95, -0.145, 25.2
AddVertex,0.95, -0.144, 25.2
AddVertex,0.95, -0.144, 0
AddFace,0, 1, 2, 3
GenerateNormals
LoadTexture,tie_c2.bmp
SetTextureCoordinates,0,0.095,8
SetTextureCoordinates,1,0.095,0
SetTextureCoordinates,2,0.85,0
SetTextureCoordinates,3,0.85,8

CreateMeshBuilder,,,,
AddVertex,-0.95,-0.149,0,
AddVertex,-2.5,-0.45,0,
AddVertex,-2.5,-0.45,25.2,
AddVertex,-0.95,-0.149,25.2,
AddFace,0,1,2,3
GenerateNormals,,,,
Setcolor,175,185,195
LoadTexture,ballast_c.bmp
SetTextureCoordinates,0,0,4,
SetTextureCoordinates,1,1.5,4,
SetTextureCoordinates,2,1.5,0,
SetTextureCoordinates,3,0,0,

CreateMeshBuilder,,,,
AddVertex,0.95,-0.149,0,
AddVertex,2.5,-0.45,0,
AddVertex,2.5,-0.45,25.2,
AddVertex,0.95,-0.149,25.2,
AddFace,3,2,1,0
GenerateNormals,,,,
Setcolor,195,205,215
LoadTexture,ballast_c.bmp,,,
SetTextureCoordinates,0,1.5,4,
SetTextureCoordinates,1,0,4,
SetTextureCoordinates,2,0,0,
SetTextureCoordinates,3,1.5,0,

CreateMeshBuilder,
AddVertex,-0.602, 0, 0
AddVertex,-0.602, 0, 25.5
AddVertex,-0.534, 0, 25.5
AddVertex,-0.534, 0, 0
AddFace,0, 1, 2, 3
setcolor,180,180,180
LoadTexture,Railb.bmp

SetTextureCoordinates,0,0,0,
SetTextureCoordinates,1,0,1,
SetTextureCoordinates,2,1,1,
SetTextureCoordinates,3,1,0,
GenerateNormals

CreateMeshBuilder,
AddVertex,0.534, 0, 0
AddVertex,0.534, 0, 25.5
AddVertex,0.602, 0, 25.5
AddVertex,0.602, 0, 0
AddFace,0, 1, 2, 3
setcolor,180,180,180
LoadTexture,Railb.bmp

SetTextureCoordinates,0,0,0,
SetTextureCoordinates,1,0,1,
SetTextureCoordinates,2,1,1,
SetTextureCoordinates,3,1,0,
GenerateNormals

CreateMeshBuilder,
AddVertex,0.018, 5.1, 0,
AddVertex,0.018, 5.1, 25.2,
AddVertex,-0.018, 5.1, 25.2,
AddVertex,-0.018, 5.1, 0,
AddFace2,0,1,2,3,
SetColor,48,40,32,
GenerateNormals,

CreateMeshBuilder,
AddVertex,0.018, 5.7, 0,
AddVertex,0.018, 5.7, 25.2,
AddVertex,-0.018, 5.7, 25.2,
AddVertex,-0.018, 5.7, 0,
AddFace2,0,1,2,3,
SetColor,148,140,132,
GenerateNormals,

CreateMeshBuilder,
AddVertex,0.018, 5.7, 0,
AddVertex,0.018, 5.1, 0,
AddVertex,-0.018, 5.1, 0,
AddVertex,-0.018, 5.7, 0,
AddFace2,0,1,2,3,
SetColor,148,140,132,
GenerateNormals,
Translate,0,0,4.167

CreateMeshBuilder,
AddVertex,0.018, 5.7, 0,
AddVertex,0.018, 5.1, 0,
AddVertex,-0.018, 5.1, 0,
AddVertex,-0.018, 5.7, 0,
AddFace2,0,1,2,3,
SetColor,148,140,132,
GenerateNormals,
Translate,0,0,12.5

CreateMeshBuilder,
AddVertex,0.018, 5.7, 0,
AddVertex,0.018, 5.1, 0,
AddVertex,-0.018, 5.1, 0,
AddVertex,-0.018, 5.7, 0,
AddFace2,0,1,2,3,
SetColor,148,140,132,
GenerateNormals,
Translate,0,0,20.833

CreateMeshBuilder,
AddVertex,-0.06, 5.7,  4.167,
AddVertex,0,    5.76, 4.167,
AddVertex,0.06, 5.7,  4.167,
AddVertex,0,    5.64, 4.167,
AddFace2,0,1,2,3,
SetColor,48,40,32,
GenerateNormals,

CreateMeshBuilder,
AddVertex,-0.06, 5.7,  12.5,
AddVertex,0,    5.76, 12.5,
AddVertex,0.06, 5.7,  12.5,
AddVertex,0,    5.64, 12.5,
AddFace2,0,1,2,3,
SetColor,48,40,32,
GenerateNormals,

CreateMeshBuilder,
AddVertex,-0.06, 5.7,  20.833,
AddVertex,0,    5.76, 20.833,
AddVertex,0.06, 5.7,  20.833,
AddVertex,0,    5.64, 20.833,
AddFace2,0,1,2,3,
SetColor,48,40,32,

CreateMeshBuilder,
AddVertex,-0.568,-0.01,0.00,
AddVertex,-0.568,-0.01,25.5,
AddVertex,-0.568,-0.13,25.5,
AddVertex,-0.568,-0.13,0.00,
AddVertex, 0.568,-0.01,0.00,
AddVertex, 0.568,-0.01,25.5,
AddVertex, 0.568,-0.13,25.5,
AddVertex, 0.568,-0.13,0.00,
AddFace2,0,1,2,3
AddFace2,4,5,6,7
SetColor,70,41,27
GenerateNormals,