CreateMeshBuilder,
AddVertex,-1.23, -0.144, 0
AddVertex,-1.23, -0.144, 25.2
AddVertex, 1.23, -0.144, 25.2
AddVertex, 1.23, -0.144, 0
AddFace,0, 1, 2, 3
GenerateNormals
;Setcolor,208,206,217
LoadTexture,brslb2.bmp
SetTextureCoordinates,0, 0.05, 3
SetTextureCoordinates,1, 0.05, 0
SetTextureCoordinates,2, 0.95, 0
SetTextureCoordinates,3, 0.95, 3

CreateMeshBuilder,,,,
AddVertex,-1.23,-0.144,0.00,
AddVertex,-1.23,-0.144,25.2,
AddVertex,-1.23,-0.43,25.2,
AddVertex,-1.23,-0.43,0.00,
AddFace,3,2,1,0
GenerateNormals,,,,
SetColor,198,176,157
LoadTexture,brslb2.bmp,,,
SetTextureCoordinates,0,0,3,
SetTextureCoordinates,1,0,0,
SetTextureCoordinates,2,0.1,0,
SetTextureCoordinates,3,0.1,3,

CreateMeshBuilder,,,,
AddVertex,1.23,-0.144,0.00,
AddVertex,1.23,-0.144,25.2,
AddVertex,1.23,-0.43,25.2,
AddVertex,1.23,-0.43,0.00,
AddFace,0,1,2,3,
GenerateNormals,,,,
SetColor,198,176,157
LoadTexture,brslb2.bmp,,,
SetTextureCoordinates,0,1,3,
SetTextureCoordinates,1,1,0,
SetTextureCoordinates,2,0.9,0,
SetTextureCoordinates,3,0.9,3,

CreateMeshBuilder,
AddVertex,-0.602, 0, 0
AddVertex,-0.602, 0, 25.5
AddVertex,-0.534, 0, 25.5
AddVertex,-0.534, 0, 0
AddFace,0, 1, 2, 3
LoadTexture,Railb.bmp
Setcolor,180,180,180
SetTextureCoordinates,0,0,0,
SetTextureCoordinates,1,0,1,
SetTextureCoordinates,2,1,1,
SetTextureCoordinates,3,1,0,
GenerateNormals

CreateMeshBuilder,
AddVertex,0.534, 0, 0
AddVertex,0.534, 0, 25.5
AddVertex,0.602, 0, 25.5
AddVertex,0.602, 0, 0
AddFace,0, 1, 2, 3
LoadTexture,Railb.bmp
Setcolor,180,180,180
SetTextureCoordinates,0,0,0,
SetTextureCoordinates,1,0,1,
SetTextureCoordinates,2,1,1,
SetTextureCoordinates,3,1,0,
GenerateNormals

CreateMeshBuilder,
AddVertex,0.018, 5.1, 0,
AddVertex,0.018, 5.1, 25.2,
AddVertex,-0.018, 5.1, 25.2,
AddVertex,-0.018, 5.1, 0,
AddFace2,0,1,2,3,
SetColor,48,40,32,
GenerateNormals,

CreateMeshBuilder,
AddVertex,0.018, 5.7, 0,
AddVertex,0.018, 5.7, 25.2,
AddVertex,-0.018, 5.7, 25.2,
AddVertex,-0.018, 5.7, 0,
AddFace2,0,1,2,3,
SetColor,148,140,132,
GenerateNormals,

CreateMeshBuilder,
AddVertex,0.018, 5.7, 0,
AddVertex,0.018, 5.1, 0,
AddVertex,-0.018, 5.1, 0,
AddVertex,-0.018, 5.7, 0,
AddFace2,0,1,2,3,
SetColor,148,140,132,
GenerateNormals,
Translate,0,0,4.167

CreateMeshBuilder,
AddVertex,0.018, 5.7, 0,
AddVertex,0.018, 5.1, 0,
AddVertex,-0.018, 5.1, 0,
AddVertex,-0.018, 5.7, 0,
AddFace2,0,1,2,3,
SetColor,148,140,132,
GenerateNormals,
Translate,0,0,12.5

CreateMeshBuilder,
AddVertex,0.018, 5.7, 0,
AddVertex,0.018, 5.1, 0,
AddVertex,-0.018, 5.1, 0,
AddVertex,-0.018, 5.7, 0,
AddFace2,0,1,2,3,
SetColor,148,140,132,
GenerateNormals,
Translate,0,0,20.833

CreateMeshBuilder,
AddVertex,-0.06, 5.7,  4.167,
AddVertex,0,    5.76, 4.167,
AddVertex,0.06, 5.7,  4.167,
AddVertex,0,    5.64, 4.167,
AddFace2,0,1,2,3,
SetColor,48,40,32,
GenerateNormals,

CreateMeshBuilder,
AddVertex,-0.06, 5.7,  12.5,
AddVertex,0,    5.76, 12.5,
AddVertex,0.06, 5.7,  12.5,
AddVertex,0,    5.64, 12.5,
AddFace2,0,1,2,3,
SetColor,48,40,32,
GenerateNormals,

CreateMeshBuilder,
AddVertex,-0.06, 5.7,  20.833,
AddVertex,0,    5.76, 20.833,
AddVertex,0.06, 5.7,  20.833,
AddVertex,0,    5.64, 20.833,
AddFace2,0,1,2,3,
SetColor,48,40,32,

CreateMeshBuilder,
AddVertex,-0.568,-0.01,0.00,
AddVertex,-0.568,-0.01,25.5,
AddVertex,-0.568,-0.13,25.5,
AddVertex,-0.568,-0.13,0.00,
AddVertex, 0.568,-0.01,0.00,
AddVertex, 0.568,-0.01,25.5,
AddVertex, 0.568,-0.13,25.5,
AddVertex, 0.568,-0.13,0.00,
AddFace2,0,1,2,3
AddFace2,4,5,6,7
SetColor,40,31,17
GenerateNormals,