CreateMeshBuilder,
AddVertex,-0.95, -0.144, 0
AddVertex,-0.95, -0.144, 25.2
AddVertex,0.95, -0.144, 25.2
AddVertex,0.95, -0.144, 0
AddFace,0, 1, 2, 3
GenerateNormals
LoadTexture,EntSlab12.bmp,,,
SetColor,248,248,242,
SetTextureCoordinates,0,0.095,0
SetTextureCoordinates,1,0.095,1
SetTextureCoordinates,2,0.85,1
SetTextureCoordinates,3,0.85,0

CreateMeshBuilder,,,,
AddVertex,-0.95,-0.3,0,
AddVertex,-2.5,-0.35,0,
AddVertex,-2.5,-0.35,25.2,
AddVertex,-0.95,-0.3,25.2,
AddFace,0,1,2,3
GenerateNormals,,,,
LoadTexture,../Wall6A.bmp,,,
SetColor,148,145,142,
SetTextureCoordinates,0, 1, 0.7
SetTextureCoordinates,1, 1, 0.3
SetTextureCoordinates,2, 0, 0.3
SetTextureCoordinates,3, 0, 0.7

CreateMeshBuilder,,,,
AddVertex,0.95,-0.3,0,
AddVertex,2.5,-0.35,0,
AddVertex,2.5,-0.35,25.2,
AddVertex,0.95,-0.3,25.2,
AddFace,3,2,1,0
GenerateNormals,,,,
LoadTexture,../Wall6A.bmp,,,
SetColor,148,145,142,
SetTextureCoordinates,0, 1, 0.3
SetTextureCoordinates,1, 1, 0.7
SetTextureCoordinates,2, 0, 0.7
SetTextureCoordinates,3, 0, 0.3

CreateMeshBuilder,,,,
AddVertex,-0.95,-0.14,25.2,
AddVertex,-0.95,-0.14,0.00,
AddVertex,-0.95,-0.30,0.00,
AddVertex,-0.95,-0.30,25.2,
AddFace,0,1,2,3
GenerateNormals,,,,
LoadTexture,EntSlab12.bmp,,,
SetColor,248,248,242,
SetTextureCoordinates,0,0.495,1
SetTextureCoordinates,1,0.495,0
SetTextureCoordinates,2,0.65,0
SetTextureCoordinates,3,0.65,1

CreateMeshBuilder,,,,
AddVertex,0.95,-0.14,25.2,
AddVertex,0.95,-0.14,0.00,
AddVertex,0.95,-0.30,0.00,
AddVertex,0.95,-0.30,25.2,
AddFace,3,2,1,0
GenerateNormals,,,,
LoadTexture,EntSlab12.bmp,,,
SetColor,248,248,242,
SetTextureCoordinates,0,0.495,1
SetTextureCoordinates,1,0.495,0
SetTextureCoordinates,2,0.65,0
SetTextureCoordinates,3,0.65,1

CreateMeshBuilder,
AddVertex,-0.602, 0, 0
AddVertex,-0.602, 0, 25.5
AddVertex,-0.534, 0, 25.5
AddVertex,-0.534, 0, 0
AddFace,0, 1, 2, 3
SetColor,164,160,154,
LoadTexture,RailEnt.bmp
SetTextureCoordinates,0,0,1,
SetTextureCoordinates,1,0,0,
SetTextureCoordinates,2,1,0,
SetTextureCoordinates,3,1,1,
GenerateNormals

CreateMeshBuilder,
AddVertex,0.534, 0, 0
AddVertex,0.534, 0, 25.5
AddVertex,0.602, 0, 25.5
AddVertex,0.602, 0, 0
AddFace,0, 1, 2, 3
SetColor,164,160,154,
LoadTexture,RailEnt.bmp
SetTextureCoordinates,0,0,1,
SetTextureCoordinates,1,0,0,
SetTextureCoordinates,2,1,0,
SetTextureCoordinates,3,1,1,
GenerateNormals


CreateMeshBuilder,
AddVertex,0.018, 5.1, 0,
AddVertex,0.018, 5.1, 25.2,
AddVertex,-0.018, 5.1, 25.2,
AddVertex,-0.018, 5.1, 0,
AddFace2,0,1,2,3,
SetColor,48,40,32,
GenerateNormals,

CreateMeshBuilder,
AddVertex,0.018, 5.7, 0,
AddVertex,0.018, 5.7, 25.2,
AddVertex,-0.018, 5.7, 25.2,
AddVertex,-0.018, 5.7, 0,
AddFace2,0,1,2,3,
SetColor,148,140,132,
GenerateNormals,

CreateMeshBuilder,
AddVertex,0.018, 5.7, 0,
AddVertex,0.018, 5.1, 0,
AddVertex,-0.018, 5.1, 0,
AddVertex,-0.018, 5.7, 0,
AddFace2,0,1,2,3,
SetColor,148,140,132,
GenerateNormals,
Translate,0,0,4.167

CreateMeshBuilder,
AddVertex,0.018, 5.7, 0,
AddVertex,0.018, 5.1, 0,
AddVertex,-0.018, 5.1, 0,
AddVertex,-0.018, 5.7, 0,
AddFace2,0,1,2,3,
SetColor,148,140,132,
GenerateNormals,
Translate,0,0,12.5

CreateMeshBuilder,
AddVertex,0.018, 5.7, 0,
AddVertex,0.018, 5.1, 0,
AddVertex,-0.018, 5.1, 0,
AddVertex,-0.018, 5.7, 0,
AddFace2,0,1,2,3,
SetColor,148,140,132,
GenerateNormals,
Translate,0,0,20.833

CreateMeshBuilder,
AddVertex,-0.06, 5.7,  4.167,
AddVertex,0,    5.76, 4.167,
AddVertex,0.06, 5.7,  4.167,
AddVertex,0,    5.64, 4.167,
AddFace2,0,1,2,3,
SetColor,48,40,32,
GenerateNormals,

CreateMeshBuilder,
AddVertex,-0.06, 5.7,  12.5,
AddVertex,0,    5.76, 12.5,
AddVertex,0.06, 5.7,  12.5,
AddVertex,0,    5.64, 12.5,
AddFace2,0,1,2,3,
SetColor,48,40,32,
GenerateNormals,

CreateMeshBuilder,
AddVertex,-0.06, 5.7,  20.833,
AddVertex,0,    5.76, 20.833,
AddVertex,0.06, 5.7,  20.833,
AddVertex,0,    5.64, 20.833,
AddFace2,0,1,2,3,
SetColor,48,40,32,

CreateMeshBuilder,
AddVertex,-0.568,-0.01,0.00,
AddVertex,-0.568,-0.01,25.5,
AddVertex,-0.568,-0.13,25.5,
AddVertex,-0.568,-0.13,0.00,
AddVertex, 0.568,-0.01,0.00,
AddVertex, 0.568,-0.01,25.5,
AddVertex, 0.568,-0.13,25.5,
AddVertex, 0.568,-0.13,0.00,
AddFace2,0,1,2,3
AddFace2,4,5,6,7
SetColor,20,7,1
GenerateNormals,