CreateMeshBuilder,
AddVertex,-2.5, -0.44, 5.2
AddVertex,-1.15, -0.134, 5.2
AddVertex,1.15, -0.134, 5.2
AddVertex,2.5, -0.44, 5.2
AddVertex,2.5, -0.44, -5
AddVertex,1.15, -0.124, -5
AddVertex,-1.15, -0.124, -5
AddVertex,-2.5, -0.44, -5
AddFace,0, 1,6,7
AddFace,1,2,5,6,
AddFace,2,3,4,5,
LoadTexture,pointrailA.bmp,,,
SetTextureCoordinates,0,0,0,
SetTextureCoordinates,1,0.26,0,
SetTextureCoordinates,2,0.78,0,
SetTextureCoordinates,3,1,0,
SetTextureCoordinates,4,1,1,
SetTextureCoordinates,5,0.78,1,
SetTextureCoordinates,6,0.26,1,
SetTextureCoordinates,7,0,1,
GenerateNormals,