
CreateMeshBuilder
AddVertex,-0.95,-0.124,25.5
AddVertex,0.95,-0.124,25.5
AddVertex,1.227386,-0.124,19.125
AddVertex,-0.6726135,-0.124,19.125
AddVertex,-0.580229,-0.124,12.75
AddVertex,1.319771,-0.124,12.75
AddVertex,1.227386,-0.124,6.375
AddVertex,-0.6726135,-0.124,6.375
AddVertex,-0.95,-0.124,0
AddVertex,0.95,-0.124,0
AddFace,0,1,2,3
AddFace,3,2,5,4
AddFace,4,5,6,7
AddFace,7,6,9,8
SetColor,150,166,177,
LoadTexture,Slab.bmp
SetTextureCoordinates,0,1,0
SetTextureCoordinates,1,0,0
SetTextureCoordinates,2,0,0.25
SetTextureCoordinates,3,1,0.25
SetTextureCoordinates,4,1,0.5
SetTextureCoordinates,5,0,0.5
SetTextureCoordinates,6,0,0.75
SetTextureCoordinates,7,1,0.75
SetTextureCoordinates,8,1,1
SetTextureCoordinates,9,0,1
GenerateNormals

CreateMeshBuilder
AddVertex,-1.9,-0.3,25.5
AddVertex,-0.95,-0.3,25.5
AddVertex,-0.6726135,-0.3,19.125
AddVertex,-1.622613,-0.3,19.125
AddVertex,-1.530229,-0.3,12.75
AddVertex,-0.6726135,-0.3,12.75
AddVertex,-0.6726135,-0.3,6.375
AddVertex,-1.622613,-0.3,6.375
AddVertex,-1.9,-0.3,0
AddVertex,-0.95,-0.3,0

AddFace,0,1,2,3
AddFace,3,2,5,4
AddFace,4,5,6,7
AddFace,7,6,9,8
LoadTexture,../Wall7A.bmp,,,
Setcolor,182,178,175
SetTextureCoordinates,0,0.8,0
SetTextureCoordinates,1,1,0
SetTextureCoordinates,2,1,1
SetTextureCoordinates,3,0.8,1
SetTextureCoordinates,4,0.8,0
SetTextureCoordinates,5,1,0
SetTextureCoordinates,6,1,1
SetTextureCoordinates,7,0.8,1
SetTextureCoordinates,8,0.8,0
SetTextureCoordinates,9,1,0
GenerateNormals

CreateMeshBuilder
AddVertex,1.9,-0.3,25.5
AddVertex,0.95,-0.3,25.5
AddVertex,1.227386,-0.3,19.125
AddVertex,2.177387,-0.3,19.125
AddVertex,2.269771,-0.3,12.75
AddVertex,1.319771,-0.3,12.75
AddVertex,1.227386,-0.3,6.375
AddVertex,2.177387,-0.3,6.375
AddVertex,1.9,-0.3,0
AddVertex,0.95,-0.3,0

AddFace,3,2,1,0
AddFace,4,5,2,3
AddFace,7,6,5,4
AddFace,8,9,6,7
LoadTexture,../Wall7A.bmp,,,
Setcolor,182,178,175
SetTextureCoordinates,0,0.8,0
SetTextureCoordinates,1,1,0
SetTextureCoordinates,2,1,1
SetTextureCoordinates,3,0.8,1
SetTextureCoordinates,4,0.8,0
SetTextureCoordinates,5,1,0
SetTextureCoordinates,6,1,1
SetTextureCoordinates,7,0.8,1
SetTextureCoordinates,8,0.8,0
SetTextureCoordinates,9,1,0
GenerateNormals

CreateMeshBuilder
AddVertex,-0.95,-0.124,25.5
AddVertex,-0.95,-0.3,25.5
AddVertex,-0.6726135,-0.3,19.125
AddVertex,-0.6726135,-0.124,19.125
AddVertex,-0.580229,-0.124,12.75
AddVertex,-0.6726135,-0.3,12.75
AddVertex,-0.6726135,-0.3,6.375
AddVertex,-0.6726135,-0.124,6.375
AddVertex,-0.95,-0.124,0
AddVertex,-0.95,-0.3,0

AddFace,3,2,1,0
AddFace,4,5,2,3
AddFace,7,6,5,4
AddFace,8,9,6,7
SetColor,88,88,82,

LoadTexture,Slab2.bmp
SetTextureCoordinates,0,0,0
SetTextureCoordinates,1,1,0
SetTextureCoordinates,2,1,4
SetTextureCoordinates,3,0,4
SetTextureCoordinates,4,0,0
SetTextureCoordinates,5,1,0
SetTextureCoordinates,6,1,4
SetTextureCoordinates,7,0,4
SetTextureCoordinates,8,0,0
SetTextureCoordinates,9,1,0
GenerateNormals

CreateMeshBuilder
AddVertex,0.95,-0.124,25.5
AddVertex,0.95,-0.3,25.5
AddVertex,1.227386,-0.3,19.125
AddVertex,1.227386,-0.124,19.125
AddVertex,1.319771,-0.124,12.75
AddVertex,1.319771,-0.3,12.75
AddVertex,1.227386,-0.3,6.375
AddVertex,1.227386,-0.124,6.375
AddVertex,0.95,-0.124,0
AddVertex,0.95,-0.3,0

AddFace,0,1,2,3
AddFace,3,2,5,4
AddFace,4,5,6,7
AddFace,7,6,9,8
SetColor,88,88,82,

LoadTexture,Slab2.bmp
SetTextureCoordinates,0,0,0
SetTextureCoordinates,1,1,0
SetTextureCoordinates,2,1,4
SetTextureCoordinates,3,0,4
SetTextureCoordinates,4,0,0
SetTextureCoordinates,5,1,0
SetTextureCoordinates,6,1,4
SetTextureCoordinates,7,0,4
SetTextureCoordinates,8,0,0
SetTextureCoordinates,9,1,0
GenerateNormals

CreateMeshBuilder
AddVertex,-0.602,0,25.5
AddVertex,-0.534,0,25.5
AddVertex,-0.2566135,0,19.125
AddVertex,-0.3246135,0,19.125
AddVertex,-0.232229,0,12.75
AddVertex,-0.164229,0,12.75
AddVertex,-0.2566135,0,6.375
AddVertex,-0.3246135,0,6.375
AddVertex,-0.602,0,0
AddVertex,-0.534,0,0
AddFace,0,1,2,3
AddFace,3,2,5,4
AddFace,4,5,6,7
AddFace,7,6,9,8
SetColor,100,98,94,
LoadTexture,Rail1.bmp
SetTextureCoordinates,0,0,0
SetTextureCoordinates,1,1,0
SetTextureCoordinates,2,1,0.25
SetTextureCoordinates,3,0,0.25
SetTextureCoordinates,4,0,0.5
SetTextureCoordinates,5,1,0.5
SetTextureCoordinates,6,1,0.75
SetTextureCoordinates,7,0,0.75
SetTextureCoordinates,8,0,1
SetTextureCoordinates,9,1,1
GenerateNormals

CreateMeshBuilder
AddVertex,0.602,0,25.5
AddVertex,0.534,0,25.5
AddVertex,0.8113865,0,19.125
AddVertex,0.8793865,0,19.125
AddVertex,0.971771,0,12.75
AddVertex,0.903771,0,12.75
AddVertex,0.8113865,0,6.375
AddVertex,0.8793865,0,6.375
AddVertex,0.602,0,0
AddVertex,0.534,0,0
AddFace,3,2,1,0
AddFace,4,5,2,3
AddFace,7,6,5,4
AddFace,8,9,6,7
SetColor,100,98,94,
LoadTexture,Rail1.bmp
SetTextureCoordinates,0,0,0
SetTextureCoordinates,1,1,0
SetTextureCoordinates,2,1,0.25
SetTextureCoordinates,3,0,0.25
SetTextureCoordinates,4,0,0.5
SetTextureCoordinates,5,1,0.5
SetTextureCoordinates,6,1,0.75
SetTextureCoordinates,7,0,0.75
SetTextureCoordinates,8,0,1
SetTextureCoordinates,9,1,1
GenerateNormals

CreateMeshBuilder,
AddVertex,0.068, 5.1, 0,
AddVertex,0.068, 5.1, 25.2,
AddVertex,-0.058, 5.1, 25.2,
AddVertex,-0.058, 5.1, 0,
AddFace2,0,1,2,3,
SetColor,48,40,32,
LoadTexture,../Roof1/Froof_A.bmp
SetTextureCoordinates,0,0,0,
SetTextureCoordinates,1,1,0,
SetTextureCoordinates,2,1,1,
SetTextureCoordinates,3,0,1,
GenerateNormals,

CreateMeshBuilder,
AddVertex,0.518, 5.7, 0,
AddVertex,0.518, 5.1, 0,
AddVertex,-0.518, 5.1, 0,
AddVertex,-0.518, 5.7, 0,
AddFace2,0,1,2,3,
SetColor,148,140,132,
LoadTexture,../Pole/understa.bmp
SetTextureCoordinates,0,0,0,
SetTextureCoordinates,1,0,1,
SetTextureCoordinates,2,1,1,
SetTextureCoordinates,3,1,0,
GenerateNormals,
Translate,-0.23,0,4.167
SetDecalTransparentColor,255,255,255

CreateMeshBuilder,
AddVertex,0.518, 5.7, 0,
AddVertex,0.518, 5.1, 0,
AddVertex,-0.518, 5.1, 0,
AddVertex,-0.518, 5.7, 0,
AddFace2,0,1,2,3,
SetColor,148,140,132,
LoadTexture,../Pole/understa.bmp
SetTextureCoordinates,0,0,0,
SetTextureCoordinates,1,0,1,
SetTextureCoordinates,2,1,1,
SetTextureCoordinates,3,1,0,
GenerateNormals,
Translate,-0.23,0,12.5
SetDecalTransparentColor,255,255,255

CreateMeshBuilder,
AddVertex,0.518, 5.7, 0,
AddVertex,0.518, 5.1, 0,
AddVertex,-0.518, 5.1, 0,
AddVertex,-0.518, 5.7, 0,
AddFace2,0,1,2,3,
SetColor,148,140,132,
LoadTexture,../Pole/understa.bmp
SetTextureCoordinates,0,0,0,
SetTextureCoordinates,1,0,1,
SetTextureCoordinates,2,1,1,
SetTextureCoordinates,3,1,0,
GenerateNormals,
Translate,-0.23,0,20.833
SetDecalTransparentColor,255,255,255