CreateMeshBuilder,
AddVertex, 1.27, 0.3,-0,
AddVertex, 2.6, 0.3,-0,
AddVertex, 2.6, 0.3,-26,
AddVertex, 1.27, 0.3,-26,
AddFace,0,1,2,3
LoadTexture,gtypeD.bmp,
SetTextureCoordinates,0,0,0,
SetTextureCoordinates,1,1,0,
SetTextureCoordinates,2,1,1,
SetTextureCoordinates,3,0,1,
SetColor,80,90,105,
GenerateNormals,

CreateMeshBuilder,
AddVertex,-2.1, 1.7, -25,
AddVertex,-2.1, 2.0, -28,
AddVertex,-2.1, 2.0, -47,
AddVertex,-2.1, 1.7, -50,
AddVertex,-1.9, 1.2, -50,
AddVertex,-1.23, 0.3, -50,
AddVertex,-1.23, 0.3, -25,
AddVertex,-1.9, 1.2, -25,
AddFace2,0,1,2,3,
AddFace2,3,4,7,0,
AddFace2,4,5,6,7,
LoadTexture,gtypeF.bmp,
SetTextureCoordinates,0,0.0,0.11,
SetTextureCoordinates,1,1.2,0,
SetTextureCoordinates,2,8.8,0,
SetTextureCoordinates,3,10,0.11,
SetTextureCoordinates,4,10,0.63,
SetTextureCoordinates,5,10,0.3,
SetTextureCoordinates,6,0.0,0.3,
SetTextureCoordinates,7,0.0,0.6,
GenerateNormals,
Setcolor,110,130,155,
Translate,0,0,25

CreateMeshBuilder,
AddVertex,-2.1, 1.7, -25,
AddVertex,-2.1, 2.0, -28,
AddVertex,-2.1, 2.0, -47,
AddVertex,-2.1, 1.7, -50,
AddVertex,-1.9, 1.2, -50,
AddVertex,-1.23, 0.3, -50,
AddVertex,-1.23, 0.3, -25,
AddVertex,-1.9, 1.2, -25,
AddVertex,-2.5, 1.7, -25,
AddVertex,-2.5, 2.0, -28,
AddVertex,-2.5, 2.0, -47,
AddVertex,-2.5, 1.7, -50,
AddVertex,-2.6, 1.2, -50,
AddVertex,-2.6, 0.3, -50,
AddVertex,-2.6, 0.3, -25,
AddVertex,-2.6, 1.2, -25,
AddFace2,12,4,5,13,
AddFace2,11,3,4,12,
AddFace2,10,2,3,11,
AddFace2,9,1,2,10,
AddFace2,8,0,1,9,
AddFace2,15,7,0,8,
AddFace2,14,6,7,15,
LoadTexture,gtypeF2.bmp,
SetTextureCoordinates,0,0,0.42,
SetTextureCoordinates,1,0,0.12,
SetTextureCoordinates,2,0,0.34,
SetTextureCoordinates,3,0,0.36,
SetTextureCoordinates,4,0,0.33,
SetTextureCoordinates,5,0,0.53,
SetTextureCoordinates,6,0,0.93,
SetTextureCoordinates,7,0,1.0,
SetTextureCoordinates,8,1,1.0,
SetTextureCoordinates,9,1,0.93,
SetTextureCoordinates,10,1,0.83,
SetTextureCoordinates,11,1,0.63,
SetTextureCoordinates,12,1,0.56,
SetTextureCoordinates,13,1,0.44,
SetTextureCoordinates,14,1,0.12,
Setcolor,90,110,130,
GenerateNormals,
Translate,0,0,25

CreateMeshBuilder,
AddVertex,-2.1,-0.45, 25
AddVertex,5.9,-0.45, 25
AddVertex,5.9,-7.5, 25
AddVertex,-2.1,-7.5, 25
AddFace,0,1,2,3
LoadTexture,../wall/tozaiwall4.bmp
SetTextureCoordinates,0,  0.5999,0.001
SetTextureCoordinates,1,  0.0001,0.001
SetTextureCoordinates,2,  0.0001,1
SetTextureCoordinates,3,  0.5999,1
GenerateNormals,

