CreateMeshBuilder,
AddVertex,-2.6,1.5,0,
AddVertex,-2.4,1.5,0,
AddVertex,-2.4,1.35,0,
AddVertex,-2.4,0.3,0,
AddVertex,-1.23,0.3,0,
AddVertex,-1.23,0.3,-25,
AddVertex,-2.4,0.3,-25,
AddVertex,-2.4,1.35,-25,
AddVertex,-2.4,1.5,-25,
AddVertex,-2.6,1.5,-25,

AddVertex,-2.6,1.35,-25,
AddVertex,-2.55,1.35,-25,
AddVertex,-2.55,0.3,-25,

AddFace2,0,1,8,9,
AddFace2,1,2,7,8,
AddFace2,2,3,6,7,
AddFace2,3,4,5,6,
AddFace2,3,4,5,6,

AddFace2,9,8,7,10,
AddFace2,11,7,6,12,
LoadTexture,gtypeC.bmp,
SetTextureCoordinates,0,0,0,
SetTextureCoordinates,1,0.13,0,
SetTextureCoordinates,2,0.24,0,
SetTextureCoordinates,3,0.542,0,
SetTextureCoordinates,4,1,0,
SetTextureCoordinates,5,1,5,
SetTextureCoordinates,6,0.542,4.5,
SetTextureCoordinates,7,0.24,4.5,
SetTextureCoordinates,8,0.13,4.5,
SetTextureCoordinates,9,0,4.5,
SetTextureCoordinates,10,0.24,4.5,
SetTextureCoordinates,11,0.24,4.56,
SetTextureCoordinates,12,0.54,4.56,
SetColor,180,180,195,
GenerateNormals,

CreateMeshBuilder
AddVertex,2.6,1.5,0
AddVertex,2.4,1.5,0
AddVertex,2.4,1.35,0
AddVertex,2.4,0.3,0
AddVertex,1.23,0.3,0
AddVertex,1.23,0.3,-25
AddVertex,2.4,0.3,-25
AddVertex,2.4,1.35,-25
AddVertex,2.4,1.5,-25
AddVertex,2.6,1.5,-25

AddVertex,2.6,1.35,-25
AddVertex,2.55,1.35,-25
AddVertex,2.55,0.3,-25

AddFace2,9,8,1,0
AddFace2,8,7,2,1
AddFace2,7,6,3,2
AddFace2,6,5,4,3
AddFace2,6,5,4,3

AddFace2,10,7,8,9
AddFace2,12,6,7,11
LoadTexture,gtypeC.bmp
SetTextureCoordinates,0,0,0
SetTextureCoordinates,1,0.13,0
SetTextureCoordinates,2,0.24,0
SetTextureCoordinates,3,0.542,0
SetTextureCoordinates,4,1,0
SetTextureCoordinates,5,1,5
SetTextureCoordinates,6,0.542,4.5
SetTextureCoordinates,7,0.24,4.5
SetTextureCoordinates,8,0.13,4.5
SetTextureCoordinates,9,0,4.5
SetTextureCoordinates,10,0.24,4.5
SetTextureCoordinates,11,0.24,4.56
SetTextureCoordinates,12,0.54,4.56
SetColor,180,180,195
GenerateNormals
Translate,3.8

CreateMeshBuilder,
AddVertex, 1.27, 0.3,0,
AddVertex, 2.6, 0.3,0,
AddVertex, 2.6, 0.3,-25,
AddVertex, 1.27, 0.3,-25,
AddFace,0,1,2,3
LoadTexture,gtypeD.bmp,
SetTextureCoordinates,0,0,0,
SetTextureCoordinates,1,1,0,
SetTextureCoordinates,2,1,1,
SetTextureCoordinates,3,0,1,
SetColor,140,140,145,
GenerateNormals,


CreateMeshBuilder,
AddVertex,-2.6, 0.2,10,
AddVertex, 6.4, 0.2,10,
AddVertex, 6.4, 0.2,0,
AddVertex,-2.6, 0.2,0,
AddFace,0,1,2,3
LoadTexture,../Rail/ballast_c.bmp,
SetTextureCoordinates,0,0,0,
SetTextureCoordinates,1,5,0,
SetTextureCoordinates,2,5,3,
SetTextureCoordinates,3,0,3,
SetColor,180,190,200
GenerateNormals,


CreateMeshBuilder,
AddVertex,-2.1,-0.45, 0
AddVertex,5.9,-0.45, 0
AddVertex,5.9,-7.5, 0
AddVertex,-2.1,-7.5, 0
AddFace,0,1,2,3
LoadTexture,../wall/tozaiwall4.bmp
SetTextureCoordinates,0,  0.5999,0.001
SetTextureCoordinates,1,  0.0001,0.001
SetTextureCoordinates,2,  0.0001,1
SetTextureCoordinates,3,  0.5999,1
GenerateNormals,
Translate,0,0.7,0,