CreateMeshBuilder
AddVertex,9.6,  3.8, -2
AddVertex,9.6,  3.8, 25.3
AddVertex,9.6,  0.4, 25.3
AddVertex,9.6,  0.4, -2
AddFace2,0,1,2,3
LoadTexture,../../Sjyou/Road/guardrail4.bmp
SetTextureCoordinates,0, 0, 0,
SetTextureCoordinates,1, 0, 2,
SetTextureCoordinates,2, 1, 2,
SetTextureCoordinates,3, 1, 0,
GenerateNormals,
SetDecalTransparentColor,0,0,255,
CreateMeshBuilder
AddVertex,-3.8,  3.8, -2
AddVertex,-3.8,  3.8, 25.3
AddVertex,-3.8,  0.4, 25.3
AddVertex,-3.8,  0.4, -2
AddFace2,0,1,2,3
LoadTexture,../../Sjyou/Road/guardrail4.bmp
SetTextureCoordinates,0, 0, 0,
SetTextureCoordinates,1, 0, 2,
SetTextureCoordinates,2, 1, 2,
SetTextureCoordinates,3, 1, 0,
GenerateNormals,
SetDecalTransparentColor,0,0,255,
GenerateNormals,

CreateMeshBuilder,
AddVertex,-15.5,-0.8,-2,
AddVertex,-15.0,-0.8,-2,
AddVertex,-8.5, -0.8,-2,
AddVertex,-8.5, -1.0,-2,
AddVertex,-8.5, -1.0, 25.3,
AddVertex,-8.5, -0.8, 25.3,
AddVertex,-15.0,-0.8, 25.3,
AddVertex,-15.5,-0.8, 25.3,
AddFace2,7,6,1,0,
AddFace2,6,5,2,1,
AddFace2,5,4,3,2,
Loadtexture,../other/roadC.bmp
SetTextureCoordinates,0,0,0
SetTextureCoordinates,1,0.05,0
SetTextureCoordinates,2,0.44,0
SetTextureCoordinates,3,0.45,0
SetTextureCoordinates,4,0.45,1
SetTextureCoordinates,5,0.44,1
SetTextureCoordinates,6,0.05,1
SetTextureCoordinates,7,0.0,1
GenerateNormals,
Translate,4.7,1.2,0
Setcolor,200,200,200,
CreateMeshBuilder,
AddVertex, 5.9,-0.8,-2.3,
AddVertex, 5.5, -0.8,-2.3,
AddVertex,-0.5, -0.8,-2.3,
AddVertex,-0.5, -1.0,-2.3,
AddVertex,-0.5, -1.0, 25.3,
AddVertex,-0.5, -0.8, 25.3,
AddVertex, 5.5, -0.8, 25.3,
AddVertex, 5.9,-0.8, 25.3,
AddFace2,0,1,6,7,
AddFace2,1,2,5,6,
AddFace2,2,3,4,5,
Loadtexture,../other/roadC.bmp
SetTextureCoordinates,0,0.0,0
SetTextureCoordinates,1,0.05,0
SetTextureCoordinates,2,0.442,0
SetTextureCoordinates,3,0.46,0
SetTextureCoordinates,4,0.46,1
SetTextureCoordinates,5,0.442,1
SetTextureCoordinates,6,0.05,1
SetTextureCoordinates,7,0.0,1
GenerateNormals,
Translate,10.12,1.2,0
Setcolor,200,200,200,

CreateMeshBuilder,
AddVertex,-3.8,  0.2, -2
AddVertex,-3.8,  0.2, 26.3
AddVertex, 9.6,  0.2, 26.3
AddVertex, 9.6,  0.2, -2
AddFace2,0,1,2,3
LoadTexture,roadA.bmp
SetTextureCoordinates,0,0,5,
SetTextureCoordinates,1,0,0,
SetTextureCoordinates,2,2,0,
SetTextureCoordinates,3,2,5,
GenerateNormals,

CreateMeshBuilder,
AddVertex,-3, -2, 0
AddVertex,-3,  4.2, 0
AddVertex,-0.7,  4.2, 0
AddVertex,-0.7, -2, 0
AddFace2,0,1,2,3
LoadTexture,right2.bmp,
SetTextureCoordinates,0,0,1,
SetTextureCoordinates,1,0,0,
SetTextureCoordinates,2,1,0,
SetTextureCoordinates,3,1,1,
SetDecalTransparentColor,0,0,0
GenerateNormals,
Translate,-0.8,2.1,0

CreateMeshBuilder,
AddVertex,-3, -2, 0
AddVertex,-3,  4.2, 0
AddVertex,-0.7,  4.2, 0
AddVertex,-0.7, -2, 0
AddFace2,0,1,2,3
LoadTexture,../other/tree_D1.bmp,
SetTextureCoordinates,0,0,1,
SetTextureCoordinates,1,0,0,
SetTextureCoordinates,2,1,0,
SetTextureCoordinates,3,1,1,
SetDecalTransparentColor,0,0,0
GenerateNormals,
SetDecalTransparentColor,255,255,255,
Setcolor,240,240,255
Translate,-2.8,2.1,6.5
CreateMeshBuilder,
AddVertex,-3, -2, 0
AddVertex,-3,  4.2, 0
AddVertex,-0.7,  4.2, 0
AddVertex,-0.7, -2, 0
AddFace2,0,1,2,3
LoadTexture,../other/tree_D1.bmp,
SetTextureCoordinates,0,0,1,
SetTextureCoordinates,1,0,0,
SetTextureCoordinates,2,1,0,
SetTextureCoordinates,3,1,1,
SetDecalTransparentColor,0,0,0
GenerateNormals,
SetDecalTransparentColor,255,255,255,
Setcolor,240,240,255
Translate,-2.8,2.1,18.5

CreateMeshBuilder
AddVertex,3, -2, 0
AddVertex,3,  4.2, 0
AddVertex,0.7,  4.2, 0
AddVertex,0.7, -2, 0
AddFace2,3,2,1,0
LoadTexture,right2.bmp
SetTextureCoordinates,0,0,1
SetTextureCoordinates,1,0,0
SetTextureCoordinates,2,1,0
SetTextureCoordinates,3,1,1
SetDecalTransparentColor,0,0,0
GenerateNormals
Translate,6.6,2.1,0

CreateMeshBuilder,
AddVertex,-3, -2, 0
AddVertex,-3,  4.2, 0
AddVertex,-0.7,  4.2, 0
AddVertex,-0.7, -2, 0
AddFace2,0,1,2,3
LoadTexture,../other/tree_D1.bmp,
SetTextureCoordinates,0,0,1,
SetTextureCoordinates,1,0,0,
SetTextureCoordinates,2,1,0,
SetTextureCoordinates,3,1,1,
SetDecalTransparentColor,0,0,0
GenerateNormals,
SetDecalTransparentColor,255,255,255,
Setcolor,240,240,255
Translate,12.1,2.1,6.5
CreateMeshBuilder,
AddVertex,-3, -2, 0
AddVertex,-3,  4.2, 0
AddVertex,-0.7,  4.2, 0
AddVertex,-0.7, -2, 0
AddFace2,0,1,2,3
LoadTexture,../other/tree_D1.bmp,
SetTextureCoordinates,0,0,1,
SetTextureCoordinates,1,0,0,
SetTextureCoordinates,2,1,0,
SetTextureCoordinates,3,1,1,
SetDecalTransparentColor,0,0,0
GenerateNormals,
SetDecalTransparentColor,255,255,255,
Setcolor,240,240,255
Translate,12.1,2.1,18.5