CreateMeshBuilder,
AddVertex,-5.0, 11.0, 0
AddVertex,-3.52, 11.0, 0.02
AddVertex,-3.52, 0.0, 0.02
AddVertex,-5.0, 0.0, 0
AddFace,0,1,2,3
LoadTexture,PicBill_J2.bmp
SetTextureCoordinates,0,0,0,
SetTextureCoordinates,1,1,0,
SetTextureCoordinates,2,1,1,
SetTextureCoordinates,3,0,1,
GenerateNormals,
SetDecalTransparentColor,0,0,255,

CreateMeshBuilder,
AddVertex,-3.55, 11.0, 0
AddVertex,-3.0, 11.0, 0
AddVertex,-3.0, 11.0, 8
AddVertex,-3.0, 0.0,  8
AddVertex,-3.0, 0.0, 0
AddVertex,-3.55, 0.0, 0
AddFace,0,1,4,5
ADdFace,1,2,3,4
LoadTexture,PicBill_J.bmp
SetTextureCoordinates,0,0,0,
SetTextureCoordinates,1,1,0,
SetTextureCoordinates,2,0,0,
SetTextureCoordinates,3,0,1,
SetTextureCoordinates,4,1,1,
SetTextureCoordinates,5,0,1,
GenerateNormals,