CreateMeshBuilder,
AddVertex,-15.0, 26.0, -5.0,
AddVertex,-3.0, 26.0, -5.0,
AddVertex,-3.0, 26.0, 25.0
AddVertex,-15.0, 26.0, 25.0,
AddVertex,-15.0, 2.0, 25.0,
AddVertex,-3.0,  2.0, 25.0
AddVertex,-3.0,  2.0, -5.0
AddVertex,-15.0, 2.0, -5.0,
AddFace,0,1,6,7
AddFace,1,2,5,6
AddFace,2,3,4,5,
LoadTexture,../PicBill_A.png,,,
SetTextureCoordinates,0, 0,0
SetTextureCoordinates,1, 0.8,0
SetTextureCoordinates,2, -0.8,0
SetTextureCoordinates,3, -1.6,0
SetTextureCoordinates,4, -1.6,1
SetTextureCoordinates,5, -0.8,1
SetTextureCoordinates,6, 0.8,1
SetTextureCoordinates,7, 0,1
SetEmissiveColor,50,50,50,
SetDecalTransparentColor,0,0,255,
GenerateNormals,