CreateMeshBuilder,
AddVertex,-13.0, 20.0, -5.0,
AddVertex,-3.0, 20.0, -5.0,
AddVertex,-3.0, 20.0, 11.0
AddVertex,-13.0, 20.0, 11.0,
AddVertex,-13.0, 0.0, 11.0,
AddVertex,-3.0,  0.0, 11.0
AddVertex,-3.0,  0.0, -5.0
AddVertex,-13.5, 0.0, -5.0,
AddFace,0,1,6,7
AddFace,1,2,5,6
AddFace,2,3,4,5,
LoadTexture,../PicBill_E.png,,,
SetTextureCoordinates,0, 0.0,0
SetTextureCoordinates,1, 0.54,0
SetTextureCoordinates,2, 1.0,0
SetTextureCoordinates,3, 0.74,0
SetTextureCoordinates,4, 0.74,1
SetTextureCoordinates,5, 1.0,1
SetTextureCoordinates,6, 0.54,1
SetTextureCoordinates,7, 0.0,1
SetEmissiveColor,60,60,60,
SetDecalTransparentColor,0,0,0,
GenerateNormals,