CreateMeshBuilder,
AddVertex,-7.0, 19.0, -2.0,
AddVertex,-4.0, 19.0, -0.0,
AddVertex,-3.0, 19.0, 12.0
AddVertex,-7.0, 19.0, 14.0,
AddVertex,-7.0, 0.0, 14.0,
AddVertex,-3.0,  0.0, 12.0
AddVertex,-4.0,  0.0, -0.0
AddVertex,-7.0, 0.0, -2.0,
AddFace,0,1,6,7
AddFace,1,2,5,6
AddFace,2,3,4,5,
LoadTexture,../PicBill_G.png,,,
SetTextureCoordinates,0, 0.0,0
SetTextureCoordinates,1, 0.20,0
SetTextureCoordinates,2, 1.0,0
SetTextureCoordinates,3, 1.2,0
SetTextureCoordinates,4, 1.2,1
SetTextureCoordinates,5, 1.0,1
SetTextureCoordinates,6, 0.20,1
SetTextureCoordinates,7, 0.0,1
SetDecalTransparentColor,0,0,0,
SetEmissiveColor,70,70,70,
SetDecalTransparentColor,255,0,0
GenerateNormals,