CreateMeshBuilder,
AddVertex,-10.0, 19.0, -5.0,
AddVertex,-3.0, 19.0, -5.0,
AddVertex,-3.0, 19.0, 15.0
AddVertex,-10.0, 19.0, 15.0,
AddVertex,-10.0, 2.0, 15.0,
AddVertex,-3.0,  2.0, 15.0
AddVertex,-3.0,  2.0, -5.0
AddVertex,-10.0, 2.0, -5.0,
AddFace,0,1,6,7
AddFace,1,2,5,6
AddFace,2,3,4,5,
LoadTexture,../PicBill_B1.png,,,
SetTextureCoordinates,0, 0,0
SetTextureCoordinates,1, 0.001,0
SetTextureCoordinates,2, 1.0,0
SetTextureCoordinates,3, 1.001,0
SetTextureCoordinates,4, 1.001,1
SetTextureCoordinates,5, 1.0,1
SetTextureCoordinates,6, 0.001,1
SetTextureCoordinates,7, 0,1
SetEmissiveColor,70,70,70,
GenerateNormals,