CreateMeshBuilder,
AddVertex,-3.0, 8, -0.0
addVertex,-2.2, 8, -0.0
ADdvertex,-2.2, 5, -0.0
addvertex,-3.0, 5, -0.0
AddFace2,0,1,2,3
LoadTexture,../../base_03.png,,,,,
SetTextureCoordinates,0,0,0
SetTextureCoordinates,1,1,0
SetTextureCoordinates,2,1,1
SetTextureCoordinates,3,0,1
setEmissiveColor,80,80,80,
GenerateNormals,
CreateMeshBuilder,
AddVertex,-3.0, 11, -0.0
addVertex,-2.2, 11, -0.0
ADdvertex,-2.2, 8, -0.0
addvertex,-3.0, 8, -0.0
AddFace2,0,1,2,3
LoadTexture,../../base.png,,,,,
SetTextureCoordinates,0,0,0
SetTextureCoordinates,1,1,0
SetTextureCoordinates,2,1,1
SetTextureCoordinates,3,0,1
setEmissiveColor,80,80,80,
GenerateNormals,
CreateMeshBuilder,
AddVertex,-3.0, 14, -0.0
addVertex,-2.2, 14, -0.0
ADdvertex,-2.2, 11, -0.0
addvertex,-3.0, 11, -0.0
AddFace2,0,1,2,3
LoadTexture,../../base_04.png,,,,,
SetTextureCoordinates,0,0,0
SetTextureCoordinates,1,1,0
SetTextureCoordinates,2,1,1
SetTextureCoordinates,3,0,1
setEmissiveColor,80,80,80,
GenerateNormals,