CreateMeshBuilder,
AddVertex,-450, -4, -2,
AddVertex,-450, -4.3, 1.2,
AddVertex,450, -4.3, 1.2,
AddVertex,450, -4, -2,
AddFace2,0, 1, 2, 3,
GenerateNormals,
LoadTexture,../River_23.bmp
SetTextureCoordinates,0, 0, 1,
SetTextureCoordinates,1, 0, 0,
SetTextureCoordinates,2, 20, 0,
SetTextureCoordinates,3, 20, 1,
SetColor,122,122,100,108,
Translate,0,1.0,18

CreateMeshBuilder,
AddVertex,-450, 1, 20,
AddVertex,-450, 2, 17,
AddVertex,-450, 3, 11,
AddVertex,-450, 3, -4,
AddVertex,-450, 4, -10,
AddVertex,-450, 4, -17,
AddVertex,-450, 6, -25,
AddVertex,-450, 5, -39,
AddVertex,-450, 3, -49,
AddVertex,-450, 3, -55,
AddVertex,-450, 0, -55,

AddVertex,450, 0, -55,
AddVertex,450, 3, -55,
AddVertex,450, 3, -49,
AddVertex,450, 5, -39,
AddVertex,450, 6, -25,
AddVertex,450, 4, -17,
AddVertex,450, 4, -10,
AddVertex,450, 3, -4,
AddVertex,450, 3, 11,
AddVertex,450, 2, 17,
AddVertex,450, 1, 20,
AddFace,1,0,21,20
AddFace,2,1,20,19
AddFace,3,2,19,18
AddFace,4,3,18,17
AddFace,5,4,17,16
AddFace,6,5,16,15
AddFace,7,6,15,14
AddFace,8,7,14,13
AddFace,9,8,13,12
AddFace,10,9,12,11
LoadTexture,bridge/riverG.bmp,
SetTextureCoordinates,0,0.00,0
SetTextureCoordinates,1,0.07,0
SetTextureCoordinates,2,0.20,0
SetTextureCoordinates,3,0.43,0
SetTextureCoordinates,4,0.51,0
SetTextureCoordinates,5,0.676,0
SetTextureCoordinates,6,0.785,0
SetTextureCoordinates,7,0.881,0
SetTextureCoordinates,8,0.965,0
SetTextureCoordinates,9,0.996,0
SetTextureCoordinates,10,1,0
SetTextureCoordinates,11,1,20
SetTextureCoordinates,12,0.996,20
SetTextureCoordinates,13,0.965,20
SetTextureCoordinates,14,0.881,20
SetTextureCoordinates,15,0.785,20
SetTextureCoordinates,16,0.676,20
SetTextureCoordinates,17,0.51,20
SetTextureCoordinates,18,0.43,20
SetTextureCoordinates,19,0.20,20
SetTextureCoordinates,20,0.07,20
SetTextureCoordinates,21,0,20
GenerateNormals,
Translate,0,-6,5


CreateMeshBuilder,
AddVertex,-450, -4, -5,
AddVertex,-450, -4, 10,
AddVertex,450, -4, 10,
AddVertex,450, -4, -5,
AddFace2,0, 1, 2, 3,
GenerateNormals,
LoadTexture,bridge/riverG.bmp,
SetTextureCoordinates,0, 0, 0,
SetTextureCoordinates,1, 0.1, 0,
SetTextureCoordinates,2, 0.1, 20,
SetTextureCoordinates,3, 0, 20,
;SetColor,122,122,100,108,
Translate,0,0.0,-60