CreateMeshBuilder,
AddVertex,-590, -4, 20,
AddVertex,-590, -4, 170,
AddVertex,590, -4, 170,
AddVertex,590, -4, 20,
AddFace2,0, 1, 2, 3,
GenerateNormals,
LoadTexture,../River_23.bmp
SetTextureCoordinates,0, 0, 2,
SetTextureCoordinates,1, 0, 0,
SetTextureCoordinates,2, 20, 0,
SetTextureCoordinates,3, 20, 2,
SetColor,122,122,100,108,
Rotate,0,1,0,180
Translate,0,0,-30

CreateMeshBuilder,
AddVertex,-590, 0, 170,
AddVertex,-590, 1, 35,
AddVertex,-590, 2, 30,
AddVertex,-590, 4, 30,
AddVertex,-590, 4, 25,
AddVertex,-590, 8, 25,
AddVertex,-590, 8, 24.5,
AddVertex,-590, 3, 24.5,
AddVertex,-590, 3, 12,
AddVertex,-590, 2, 10,
AddVertex,-590, 2, -25,

AddVertex,590, 2, -25,
AddVertex,590, 2, 10,
AddVertex,590, 3, 12,
AddVertex,590, 3, 24.5,
AddVertex,590, 8, 24.5,
AddVertex,590, 8, 25,
AddVertex,590, 4, 25,
AddVertex,590, 4, 30,
AddVertex,590, 2, 30,
AddVertex,590, 1, 35,
AddVertex,590, 0, 170,
AddFace,1,0,21,20
AddFace,2,1,20,19
AddFace,3,2,19,18
AddFace,4,3,18,17
AddFace,5,4,17,16
AddFace,6,5,16,15
AddFace,7,6,15,14
AddFace,8,7,14,13
AddFace,9,8,13,12
AddFace,10,9,12,11
LoadTexture,bridge/riverB.bmp,
SetTextureCoordinates,0,0.00,0
SetTextureCoordinates,1,0.07,0
SetTextureCoordinates,2,0.20,0
SetTextureCoordinates,3,0.43,0
SetTextureCoordinates,4,0.50,0
SetTextureCoordinates,5,0.66,0
SetTextureCoordinates,6,0.70,0
SetTextureCoordinates,7,0.74,0
SetTextureCoordinates,8,0.853,0
SetTextureCoordinates,9,0.87,0
SetTextureCoordinates,10,1,0
SetTextureCoordinates,11,1,20
SetTextureCoordinates,12,0.87,20
SetTextureCoordinates,13,0.853,20
SetTextureCoordinates,14,0.74,20
SetTextureCoordinates,15,0.70,20
SetTextureCoordinates,16,0.66,50
SetTextureCoordinates,17,0.50,50
SetTextureCoordinates,18,0.43,50
SetTextureCoordinates,19,0.20,50
SetTextureCoordinates,20,0.07,20
SetTextureCoordinates,21,0,20
GenerateNormals,
;Setcolor,255,255,200,
Rotate,0,1,0,180
Translate,0,-6,-30

CreateMeshBuilder,
AddVertex,-590,-1,-59.7
AddVertex, 590,-1,-59.7
AddVertex, 590,-2,-59.7
AddVertex,-590,-2,-59.7
AddFace2,0,1,2,3,
LoadTexture,other/barakigawa.bmp
SetTextureCoordinates,0,0,0
SetTextureCoordinates,1,0,200
SetTextureCoordinates,2,0.09,200
SetTextureCoordinates,3,0.09,0
GenerateNormals,
Setcolor,125,100,135
SetDecalTransparentColor,255,255,255,

CreateMeshBuilder,
AddVertex,590.0, 6.5,-35,
AddVertex, 50.0, 6.5, -35
AddVertex, 50.0, -4.3, -35,
AddVertex,590.0, -4.3, -35,
AddFace2,0,1,2,3,
LoadTexture,building/buil004.bmp
SetTextureCoordinates,0, 3.7, 0.02,
SetTextureCoordinates,1, 0.36, 0.02,
SetTextureCoordinates,2, 0.36, 1,
SetTextureCoordinates,3, 3.7, 1,
SetDecalTransparentColor,255,255,255
GenerateNormals,

CreateMeshBuilder,
AddVertex,-80.0, 10.5, -35,
AddVertex,-590.0, 10.5, -35,
AddVertex,-590.0, -4.3, -35,
AddVertex,-80.0, -4.3, -35,
AddFace2,0,1,2,3,
LoadTexture,building/buil004.bmp
SetTextureCoordinates,0, 2.39, 0.02,
SetTextureCoordinates,1, 0.02, 0.02,
SetTextureCoordinates,2, 0.02, 1,
SetTextureCoordinates,3, 2.39, 1,
SetDecalTransparentColor,255,255,255
GenerateNormals,

CreateMeshBuilder,
AddVertex,-110.0, 14.5, 35,
AddVertex,-590.0, 14.5, 35,
AddVertex,-590.0, -4.3, 35,
AddVertex,-110.0, -4.3, 35,
AddFace2,0,1,2,3,
LoadTexture,building/buil006.bmp
SetTextureCoordinates,0, 2.99, 0.02,
SetTextureCoordinates,1, 0.02, 0.02,
SetTextureCoordinates,2, 0.02, 1,
SetTextureCoordinates,3, 2.99, 1,
SetDecalTransparentColor,255,255,255
GenerateNormals,
CreateMeshBuilder,
AddVertex,75.0, 10.5, 65,
AddVertex,590.0, 10.5, 65,
AddVertex,590.0, -4.3, 65,
AddVertex,75.0, -4.3, 65,
AddFace2,0,1,2,3,
LoadTexture,building/buil006.bmp
SetTextureCoordinates,0, 2.99, 0.02,
SetTextureCoordinates,1, 0.02, 0.02,
SetTextureCoordinates,2, 0.02, 1,
SetTextureCoordinates,3, 2.99, 1,
SetDecalTransparentColor,255,255,255
GenerateNormals,