CreateMeshBuilder,
AddVertex,-450, -4, -2,
AddVertex,-450, -4, 120,
AddVertex,450, -4, 120,
AddVertex,450, -4, -2,
AddFace2,0, 1, 2, 3,
GenerateNormals,
LoadTexture,../River_23.bmp
SetTextureCoordinates,0, 0, 2,
SetTextureCoordinates,1, 0, 0,
SetTextureCoordinates,2, 20, 0,
SetTextureCoordinates,3, 20, 2,
SetColor,122,122,100,108,
Rotate,0,1,0,180
Translate,0,0,-30

CreateMeshBuilder,
AddVertex,-450, 0, 120,
AddVertex,-450, 1, 80,
AddVertex,-450, 2, 50,
AddVertex,-450, 3, 26,
AddVertex,-450, 9, 11,
AddVertex,-450, 9, -16,
AddVertex,-450, 6, -25,
AddVertex,-450, 3, -30,
AddVertex,-450, 3, -40,
AddVertex,-450, 2, -40,
AddVertex,-450, 2, -55,

AddVertex,450, 2, -55,
AddVertex,450, 2, -40,
AddVertex,450, 3, -40,
AddVertex,450, 3, -30,
AddVertex,450, 6, -25,
AddVertex,450, 9, -16,
AddVertex,450, 9, 11,
AddVertex,450, 3, 26,
AddVertex,450, 2, 50,
AddVertex,450, 1, 80,
AddVertex,450, 0, 120,
AddFace,1,0,21,20
AddFace,2,1,20,19
AddFace,3,2,19,18
AddFace,4,3,18,17
AddFace,5,4,17,16
AddFace,6,5,16,15
AddFace,7,6,15,14
AddFace,8,7,14,13
AddFace,9,8,13,12
AddFace,10,9,12,11
LoadTexture,bridge/riverA.bmp,
SetTextureCoordinates,0,0.00,0
SetTextureCoordinates,1,0.07,0
SetTextureCoordinates,2,0.20,0
SetTextureCoordinates,3,0.43,0
SetTextureCoordinates,4,0.50,0
SetTextureCoordinates,5,0.66,0
SetTextureCoordinates,6,0.70,0
SetTextureCoordinates,7,0.74,0
SetTextureCoordinates,8,0.853,0
SetTextureCoordinates,9,0.87,0
SetTextureCoordinates,10,1,0
SetTextureCoordinates,11,1,20
SetTextureCoordinates,12,0.87,20
SetTextureCoordinates,13,0.853,20
SetTextureCoordinates,14,0.74,20
SetTextureCoordinates,15,0.70,20
SetTextureCoordinates,16,0.66,20
SetTextureCoordinates,17,0.50,20
SetTextureCoordinates,18,0.43,20
SetTextureCoordinates,19,0.20,20
SetTextureCoordinates,20,0.07,20
SetTextureCoordinates,21,0,20
GenerateNormals,
;Setcolor,255,255,200,
Rotate,0,1,0,180
Translate,0,-6,-30

CreateMeshBuilder,
AddVertex,450.0, 12.5, 25,
AddVertex, 50.0, 12.5, 25
AddVertex, 50.0, -4.3, 25,
AddVertex,450.0, -4.3, 25,
AddFace2,0,1,2,3,
LoadTexture,building/buil004.bmp
SetTextureCoordinates,0, 1.99, 0.01,
SetTextureCoordinates,1, 0, 0.01,
SetTextureCoordinates,2, 0, 0.98,
SetTextureCoordinates,3, 1.99, 0.98,
SetDecalTransparentColor,255,255,255
GenerateNormals,

CreateMeshBuilder,
AddVertex,-80.0, 12.5, 25,
AddVertex,-450.0, 12.5, 25,
AddVertex,-450.0, -4.3, 25,
AddVertex,-80.0, -4.3, 25,
AddFace2,0,1,2,3,
LoadTexture,building/buil004.bmp
SetTextureCoordinates,0, 1.99, 0.01,
SetTextureCoordinates,1, 0, 0.01,
SetTextureCoordinates,2, 0, 1,
SetTextureCoordinates,3, 1.99, 1,
SetDecalTransparentColor,255,255,255
GenerateNormals,

CreateMeshBuilder,
AddVertex,-110.0, 20.5, 95,
AddVertex,-450.0, 20.5, 95,
AddVertex,-450.0, -4.3, 95,
AddVertex,-110.0, -4.3, 95,
AddFace2,0,1,2,3,
LoadTexture,building/buil006.bmp
SetTextureCoordinates,0, 1.99, 0.01,
SetTextureCoordinates,1, 0, 0.01,
SetTextureCoordinates,2, 0, 1,
SetTextureCoordinates,3, 1.99, 1,
SetDecalTransparentColor,255,255,255
GenerateNormals,
CreateMeshBuilder,
AddVertex,85.0, 20.5, 95,
AddVertex,450.0, 20.5, 95,
AddVertex,450.0, -4.3, 95,
AddVertex,85.0, -4.3, 95,
AddFace2,0,1,2,3,
LoadTexture,building/buil006.bmp
SetTextureCoordinates,0, 1.99, 0.02,
SetTextureCoordinates,1, 0.01, 0.02,
SetTextureCoordinates,2, 0.01, 1,
SetTextureCoordinates,3, 1.99, 1,
SetDecalTransparentColor,255,255,255
GenerateNormals,

CreateMeshBuilder,
AddVertex,-5.1, 6.88, -1.0
AddVertex, 1.1, 6.88, -1.0
AddVertex, 1.1,  0.88, -1.0
AddVertex,-5.1,  0.88, -1.0
AddFace2,0,1,2,3
LoadTexture,other/tree_D1.bmp
SetTextureCoordinates,0,0,0.01
SetTextureCoordinates,1,1,0.01
SetTextureCoordinates,2,1,1
SetTextureCoordinates,3,0,1
SetDecalTransparentColor,255,255,255,
GenerateNormals,
;Rotate,0,1,0,-20
Translate,-49,0.8,-42
CreateMeshBuilder,
AddVertex,-5.1, 6.88, -1.0
AddVertex, 1.1, 6.88, -1.0
AddVertex, 1.1,  0.88, -1.0
AddVertex,-5.1,  0.88, -1.0
AddFace2,0,1,2,3
LoadTexture,other/tree_D1.bmp
SetTextureCoordinates,0,0,0.01
SetTextureCoordinates,1,1,0.01
SetTextureCoordinates,2,1,1
SetTextureCoordinates,3,0,1
SetDecalTransparentColor,255,255,255,
GenerateNormals,
;Rotate,0,1,0,-20
Translate,-33,-0.5,-45
CreateMeshBuilder,
AddVertex,-5.1, 6.88, -1.0
AddVertex, 1.1, 6.88, -1.0
AddVertex, 1.1,  0.88, -1.0
AddVertex,-5.1,  0.88, -1.0
AddFace2,0,1,2,3
LoadTexture,other/tree_D1.bmp
SetTextureCoordinates,0,0,0.01
SetTextureCoordinates,1,1,0.01
SetTextureCoordinates,2,1,1
SetTextureCoordinates,3,0,1
SetDecalTransparentColor,255,255,255,
GenerateNormals,
;Rotate,0,1,0,-20
Translate,-22, 1.5,-40