CreateMeshBuilder,
AddVertex,-450, -4, -2,
AddVertex,-450, -4, 20,
AddVertex,450, -4, 20,
AddVertex,450, -4, -2,
AddFace2,0, 1, 2, 3,
GenerateNormals,
LoadTexture,../River_23.bmp
SetTextureCoordinates,0, 0, 1,
SetTextureCoordinates,1, 0, 0,
SetTextureCoordinates,2, 20, 0,
SetTextureCoordinates,3, 20, 1,
SetColor,122,122,100,108,
;Translate,0,-0.2,0

CreateMeshBuilder,
AddVertex,-450, 0, 20,
AddVertex,-450, 1, 10,
AddVertex,-450, 2, 0,
AddVertex,-450, 5, -16,
AddVertex,-450, 9, -21,
AddVertex,-450, 9, -34,
AddVertex,-450, 6, -38,
AddVertex,-450, 3, -40,
AddVertex,-450, 3, -45,
AddVertex,-450, 2, -45,
AddVertex,-450, 2, -55,

AddVertex,450, 2, -55,
AddVertex,450, 2, -45,
AddVertex,450, 3, -45,
AddVertex,450, 3, -40,
AddVertex,450, 6, -38,
AddVertex,450, 9, -34,
AddVertex,450, 9, -21,
AddVertex,450, 5, -16,
AddVertex,450, 2, 0,
AddVertex,450, 1, 10,
AddVertex,450, 0, 20,
AddFace,1,0,21,20
AddFace,2,1,20,19
AddFace,3,2,19,18
AddFace,4,3,18,17
AddFace,5,4,17,16
AddFace,6,5,16,15
AddFace,7,6,15,14
AddFace,8,7,14,13
AddFace,9,8,13,12
AddFace,10,9,12,11
LoadTexture,bridge/riverA.bmp,
SetTextureCoordinates,0,0.00,0
SetTextureCoordinates,1,0.07,0
SetTextureCoordinates,2,0.20,0
SetTextureCoordinates,3,0.43,0
SetTextureCoordinates,4,0.50,0
SetTextureCoordinates,5,0.66,0
SetTextureCoordinates,6,0.70,0
SetTextureCoordinates,7,0.74,0
SetTextureCoordinates,8,0.853,0
SetTextureCoordinates,9,0.87,0
SetTextureCoordinates,10,1,0
SetTextureCoordinates,11,1,20
SetTextureCoordinates,12,0.87,20
SetTextureCoordinates,13,0.853,20
SetTextureCoordinates,14,0.74,20
SetTextureCoordinates,15,0.70,20
SetTextureCoordinates,16,0.66,20
SetTextureCoordinates,17,0.50,20
SetTextureCoordinates,18,0.43,20
SetTextureCoordinates,19,0.20,20
SetTextureCoordinates,20,0.07,20
SetTextureCoordinates,21,0,20
GenerateNormals,
Translate,0,-6,5