CreateMeshBuilder,
AddVertex,-450, -4, -2,
AddVertex,-450, -4, 20,
AddVertex,450, -4, 20,
AddVertex,450, -4, -2,
AddFace2,0, 1, 2, 3,
GenerateNormals,
LoadTexture,../River_23.bmp
SetTextureCoordinates,0, 0, 1,
SetTextureCoordinates,1, 0, 0,
SetTextureCoordinates,2, 20, 0,
SetTextureCoordinates,3, 20, 1,
SetColor,122,122,100,108,
Translate,0,3.0,0

CreateMeshBuilder,
AddVertex,-450, 3, 20,
AddVertex,-450, 4, 10,
AddVertex,-450, 5, -3,
AddVertex,-450, 6, -5,
AddVertex,-450, 6, -11,
AddVertex,-450, 9, -17,
AddVertex,-450, 9, -25,
AddVertex,-450, 3, -37,
AddVertex,-450, 3, -39,
AddVertex,-450, 2, -39,
AddVertex,-450, 2, -55,

AddVertex,450, 2, -55,
AddVertex,450, 2, -39,
AddVertex,450, 3, -39,
AddVertex,450, 3, -37,
AddVertex,450, 9, -25,
AddVertex,450, 9, -17,
AddVertex,450, 6, -11,
AddVertex,450, 6, -5,
AddVertex,450, 5, -3,
AddVertex,450, 4, 10,
AddVertex,450, 3, 20,
AddFace,1,0,21,20
AddFace,2,1,20,19
AddFace,3,2,19,18
AddFace,4,3,18,17
AddFace,5,4,17,16
AddFace,6,5,16,15
AddFace,7,6,15,14
AddFace,8,7,14,13
AddFace,9,8,13,12
AddFace,10,9,12,11
LoadTexture,bridge/riverF.bmp,
SetTextureCoordinates,0,0.00,0
SetTextureCoordinates,1,0.07,0
SetTextureCoordinates,2,0.20,0
SetTextureCoordinates,3,0.43,0
SetTextureCoordinates,4,0.50,0
SetTextureCoordinates,5,0.656,0
SetTextureCoordinates,6,0.702,0
SetTextureCoordinates,7,0.78,0
SetTextureCoordinates,8,0.853,0
SetTextureCoordinates,9,0.87,0
SetTextureCoordinates,10,1,0
SetTextureCoordinates,11,1,20
SetTextureCoordinates,12,0.87,20
SetTextureCoordinates,13,0.853,20
SetTextureCoordinates,14,0.78,20
SetTextureCoordinates,15,0.702,20
SetTextureCoordinates,16,0.656,20
SetTextureCoordinates,17,0.50,20
SetTextureCoordinates,18,0.43,20
SetTextureCoordinates,19,0.20,20
SetTextureCoordinates,20,0.07,20
SetTextureCoordinates,21,0,20
GenerateNormals,
Translate,0,-6,5

CreateMeshBuilder,
AddVertex,-450,-0.5,-59.7
AddVertex, 450,-0.5,-59.7
AddVertex, 450,-2,-59.7
AddVertex,-450,-2,-59.7
AddFace2,0,1,2,3,
LoadTexture,other/barakigawa.bmp
SetTextureCoordinates,0,0,0
SetTextureCoordinates,1,0,200
SetTextureCoordinates,2,0.09,200
SetTextureCoordinates,3,0.09,0
GenerateNormals,
Setcolor,125,100,135
SetDecalTransparentColor,255,255,255,
Translate,0,2,59.7

CreateMeshBuilder,
AddVertex,-450,-0.1,-59.4
AddVertex,-450,-0.1,-59.7
AddVertex,-450,-2,-59.7
AddVertex, 450,-2,-59.7
AddVertex, 450,-0.1,-59.7
AddVertex, 450,-0.1,-59.4
AddFace2,0,1,4,5,
AddFace2,1,2,3,4,
LoadTexture,bridge/Pier.bmp
SetTextureCoordinates,0,0.0,0.8
SetTextureCoordinates,1,0.0,0.4
SetTextureCoordinates,2,0.0,0.2
SetTextureCoordinates,3,150.0,0.2
SetTextureCoordinates,4,150.0,0.4
SetTextureCoordinates,5,150.0,0.8
GenerateNormals,
;Setcolor,125,100,135
SetDecalTransparentColor,255,255,255,
Translate,0,5,47.5


CreateMeshBuilder,
AddVertex,-450,4.5,-59.7
AddVertex, 450,4.5,-59.7
AddVertex, 450,-2,-59.7
AddVertex,-450,-2,-59.7
AddFace2,0,1,2,3,
LoadTexture,../Sjyou/Road/guardrail4.bmp
SetTextureCoordinates,0,0,0
SetTextureCoordinates,1,0,40
SetTextureCoordinates,2,1,40
SetTextureCoordinates,3,1,0
GenerateNormals,
Setcolor,155,150,155
SetDecalTransparentColor,0,0,255,
Translate,0,-2.0,9.7
