CreateMeshBuilder,
AddVertex,-450, -3.99, 0,
AddVertex,-450, -4, -100,
AddVertex,450, -4, -100,
AddVertex,450, -3.99, 0,
AddFace2,3,2,1,0,
GenerateNormals,
LoadTexture,../River_23.bmp
SetTextureCoordinates,0, 0, 2,
SetTextureCoordinates,1, 0, 0,
SetTextureCoordinates,2, 20, 0,
SetTextureCoordinates,3, 20, 2,
SetColor,122,122,100,108,
;Rotate,0,1,0,180
Translate,0,0,0

CreateMeshBuilder,
AddVertex,-450, 0, -100.1,
AddVertex,-450, 0.5, 0,
AddVertex,450, 0.5, 0,
AddVertex,450, 0, -100.1,
AddFace2,0,1,2,3,
LoadTexture,bridge/riverA.bmp,
SetTextureCoordinates,0,0.00,0
SetTextureCoordinates,1,0.07,0
SetTextureCoordinates,2,0.07,1
SetTextureCoordinates,3,0.00,1
GenerateNormals,
;Rotate,0,1,0,180
Translate,0,-6,0