CreateMeshBuilder,
AddVertex,+0.0,+0.8,-12.5
AddVertex,+0.7,+0.8,-12.5
AddVertex,+0.7,-0.3,-12.5
AddVertex,+0.0,-0.3,-12.5
AddFace,0,1,2,3
Loadtexture,Saku_1.bmp
SetTextureCoordinates,0,0.01,0.01
SetTextureCoordinates,1,0.99,0.01
SetTextureCoordinates,2,0.99,0.99
SetTextureCoordinates,3,0.01,0.99
GenerateNormals,
SetDecalTransparentColor,255,255,255

CreateMeshBuilder,
AddVertex,+0.0,+0.8,-25.0
AddVertex,+0.7,+0.8,-25.0
AddVertex,+0.7,-0.3,-25.0
AddVertex,+0.0,-0.3,-25.0
AddFace,0,1,2,3
Loadtexture,Saku_1.bmp
SetTextureCoordinates,0,0.01,0.01
SetTextureCoordinates,1,0.99,0.01
SetTextureCoordinates,2,0.99,0.99
SetTextureCoordinates,3,0.01,0.99
GenerateNormals,
SetDecalTransparentColor,255,255,255

CreateMeshBuilder,
AddVertex,+0.0,+0.8,0
AddVertex,+0.7,+0.8,0
AddVertex,+0.7,-0.3,0
AddVertex,+0.0,-0.3,0
AddFace,0,1,2,3
Loadtexture,Saku_1.bmp
SetTextureCoordinates,0,0.01,0.01
SetTextureCoordinates,1,0.99,0.01
SetTextureCoordinates,2,0.99,0.99
SetTextureCoordinates,3,0.01,0.99
GenerateNormals,
SetDecalTransparentColor,255,255,255

CreateMeshBuilder,
AddVertex,+0.0,+0.8,-37.5
AddVertex,+0.7,+0.8,-37.5
AddVertex,+0.7,-0.3,-37.5
AddVertex,+0.0,-0.3,-37.5
AddFace,0,1,2,3
Loadtexture,Saku_1.bmp
SetTextureCoordinates,0,0.01,0.01
SetTextureCoordinates,1,0.99,0.01
SetTextureCoordinates,2,0.99,0.99
SetTextureCoordinates,3,0.01,0.99
GenerateNormals,
SetDecalTransparentColor,255,255,255