CreateMeshBuilder
Cube, 0.29, 0.65, 0.3
Translate,  0.00, -0.05, 0
SetColor,120,114,112
LoadTexture,Wall\bordwall_A.bmp
SetTextureCoordinates,0  ,0,1
SetTextureCoordinates,1  ,2,1
SetTextureCoordinates,2  ,2,0.65
SetTextureCoordinates,3  ,0,0.65
SetTextureCoordinates,4  ,0,0.65
SetTextureCoordinates,5  ,2,0.65
SetTextureCoordinates,6  ,2,1
SetTextureCoordinates,7  ,0,1
GenerateNormals,
SetColor,230,234,242

CreateMeshBuilder,
AddVertex,-0.40, 4.7,-0.4
AddVertex,-0.35, 4.7,-0.1
AddVertex,-0.20, 4.7, 0.1
AddVertex, 0.20, 4.7, 0.1
AddVertex, 0.35, 4.7,-0.1
AddVertex, 0.40, 4.7,-0.4
AddVertex, 0.40, 4.0,-0.4
AddVertex, 0.35, 4.0,-0.1
AddVertex, 0.20, 4.0, 0.1
AddVertex,-0.20, 4.0, 0.1
AddVertex,-0.35, 4.0,-0.1
AddVertex,-0.40, 4.0,-0.4
AddFace2,0,1,10,11,
AddFace2,1,2,9,10,
AddFace2,2,3,8,9,
AddFace2,3,4,7,8,
AddFace2,4,5,6,7,
LoadTexture,radder.bmp,
SetTextureCoordinates,0,0,0,
SetTextureCoordinates,1,1,0,
SetTextureCoordinates,2,2,0,
SetTextureCoordinates,3,3,0,
SetTextureCoordinates,4,4,0,
SetTextureCoordinates,5,5,0,
SetTextureCoordinates,6,5,1,
SetTextureCoordinates,7,4,1,
SetTextureCoordinates,8,3,1,
SetTextureCoordinates,9,2,1,
SetTextureCoordinates,10,1,1,
SetTextureCoordinates,11,0,1,
SetDecalTransparentColor,255,255,255,
GenerateNormals,


CreateMeshBuilder,
AddVertex,  0.4, 4.0,-0.4;0
AddVertex, -0.4, 4.0,-0.4;1
AddVertex, -0.4,4.03,-0.4;2
AddVertex,  0.4,4.03,-0.4;3
AddFace2,0,1,2,3
SetColor,75,75,75,
GenerateNormals,

CreateMeshBuilder,
AddVertex, 0.180, 4.05, 0.0
AddVertex, 0.125, 4.05, 0.0
AddVertex, 0.125,   0, 0.0
AddVertex, 0.180,   0, 0.0
AddVertex,-0.180, 4.05, 0.0
AddVertex,-0.125, 4.05, 0.0
AddVertex,-0.125,   0, 0.0
AddVertex,-0.180,   0, 0.0
AddVertex,-0.125, 0.45, 0.0
AddVertex, 0.125, 0.45, 0.0
AddVertex, 0.125, 0.37, 0.0
AddVertex,-0.125, 0.37, 0.0
AddVertex,-0.125, 0.85, 0.0
AddVertex, 0.125, 0.85, 0.0
AddVertex, 0.125, 0.77, 0.0
AddVertex,-0.125, 0.77, 0.0
AddVertex,-0.125, 1.25, 0.0
AddVertex, 0.125, 1.25, 0.0
AddVertex, 0.125, 1.17, 0.0
AddVertex,-0.125, 1.17, 0.0
AddVertex,-0.125, 1.65, 0.0
AddVertex, 0.125, 1.65, 0.0
AddVertex, 0.125, 1.57, 0.0
AddVertex,-0.125, 1.57, 0.0
AddVertex,-0.125, 2.05, 0.0
AddVertex, 0.125, 2.05, 0.0
AddVertex, 0.125, 1.97, 0.0
AddVertex,-0.125, 1.97, 0.0
AddVertex,-0.125, 2.45, 0.0
AddVertex, 0.125, 2.45, 0.0
AddVertex, 0.125, 2.37, 0.0
AddVertex,-0.125, 2.37, 0.0
AddVertex,-0.125, 2.85, 0.0
AddVertex, 0.125, 2.85, 0.0
AddVertex, 0.125, 2.77, 0.0
AddVertex,-0.125, 2.77, 0.0
AddVertex,-0.125, 3.25, 0.0
AddVertex, 0.125, 3.25, 0.0
AddVertex, 0.125, 3.17, 0.0
AddVertex,-0.125, 3.17, 0.0
AddVertex,-0.125, 3.65, 0.0
AddVertex, 0.125, 3.65, 0.0
AddVertex, 0.125, 3.57, 0.0
AddVertex,-0.125, 3.57, 0.0
AddVertex,-0.125, 4.00, 0.0
AddVertex, 0.125, 4.00, 0.0
AddVertex, 0.125, 3.92, 0.0
AddVertex,-0.125, 3.92, 0.0
AddFace2,3,2,1,0,
AddFace2,4,5,6,7,
AddFace2,8,9,10,11,
AddFace2,12,13,14,15,
AddFace2,16,17,18,19,
AddFace2,20,21,22,23,
AddFace2,24,25,26,27,
AddFace2,28,29,30,31,
AddFace2,32,33,34,35,
AddFace2,36,37,38,39,
AddFace2,40,41,42,43,
AddFace2,44,45,46,47,
GenerateNormals,
Setcolor,100,100,100
Translate, 0, 0, 0.58
Rotate,1,0,0,-5.5

CreateMeshBuilder,
AddVertex,-0.33, 4.5, -0.41
AddVertex, 0.35, 4.5, -0.41
AddVertex, 0.35, 3.2, -0.41
AddVertex,-0.33, 3.2, -0.41
AddFace2,0,1,2,3
LoadTexture,signal\sigstep.bmp
SetTextureCoordinates,0,0,0,
SetTextureCoordinates,1,1,0,
SetTextureCoordinates,2,1,1,
SetTextureCoordinates,3,0,1,
SetDecalTransparentColor,0,0,0,
GenerateNormals,
Translate,-0.2,0.2

CreateMeshBuilder,
AddVertex,-0.10, 5.0, -0.15
AddVertex, 0.10, 5.0, -0.15
AddVertex, 0.10, 0.5, -0.15
AddVertex,-0.10, 0.5, -0.15
AddFace2,0,1,2,3
LoadTexture,pole/Tpole.bmp
SetTextureCoordinates,0  ,0,0
SetTextureCoordinates,1  ,1,0
SetTextureCoordinates,2  ,1,1
SetTextureCoordinates,3  ,0,1
GenerateNormals,