CreateMeshBuilder,
AddVertex,-1.95, 6.9, 0,
AddVertex,7.85, 6.9, 0,
AddVertex,7.85, -0.3, 0,
AddVertex,-1.95, -0.3, 0,
AddFace,0, 1, 2, 3,
GenerateNormals,
LoadTexture,TunE.bmp,
SetTextureCoordinates,0, 1, 0,
SetTextureCoordinates,1, 2, 0,
SetTextureCoordinates,2, 2, 1,
SetTextureCoordinates,3, 1, 1,
SetDecalTransparentColor,255,255,255,

CreateMeshBuilder,
AddVertex,-5.1, 7.88, -1.0
AddVertex, 2.1, 7.88, -1.0
AddVertex, 2.1,  0.88, -1.0
AddVertex,-5.1,  0.88, -1.0
AddFace2,0,1,2,3
LoadTexture,other/tree_D1.bmp
SetTextureCoordinates,0,0,0.01
SetTextureCoordinates,1,1,0.01
SetTextureCoordinates,2,1,1
SetTextureCoordinates,3,0,1
SetDecalTransparentColor,255,255,255,
GenerateNormals,
Rotate,0,1,0,-20
Translate,-5,1.5,-105
CreateMeshBuilder,
AddVertex,-5.1, 7.88, -1.0
AddVertex, 2.1, 7.88, -1.0
AddVertex, 2.1,  0.88, -1.0
AddVertex,-5.1,  0.88, -1.0
AddFace2,0,1,2,3
LoadTexture,other/tree_D1.bmp
SetTextureCoordinates,0,0,0.01
SetTextureCoordinates,1,1,0.01
SetTextureCoordinates,2,1,1
SetTextureCoordinates,3,0,1
SetDecalTransparentColor,255,255,255,
GenerateNormals,
Rotate,0,1,0,-20
Translate,-5,2.0,-85
CreateMeshBuilder,
AddVertex,-5.1, 7.88, -1.0
AddVertex, 2.1, 7.88, -1.0
AddVertex, 2.1,  0.88, -1.0
AddVertex,-5.1,  0.88, -1.0
AddFace2,0,1,2,3
LoadTexture,other/tree_D1.bmp
SetTextureCoordinates,0,0,0.01
SetTextureCoordinates,1,1,0.01
SetTextureCoordinates,2,1,1
SetTextureCoordinates,3,0,1
SetDecalTransparentColor,255,255,255,
GenerateNormals,
Rotate,0,1,0,-20
Translate,-5,2.6,-65
CreateMeshBuilder,
AddVertex,-5.1, 7.88, -1.0
AddVertex, 2.1, 7.88, -1.0
AddVertex, 2.1,  0.88, -1.0
AddVertex,-5.1,  0.88, -1.0
AddFace2,0,1,2,3
LoadTexture,other/tree_D1.bmp
SetTextureCoordinates,0,0,0.01
SetTextureCoordinates,1,1,0.01
SetTextureCoordinates,2,1,1
SetTextureCoordinates,3,0,1
SetDecalTransparentColor,255,255,255,
GenerateNormals,
Rotate,0,1,0,-20
Translate,-5,3.2,-45
CreateMeshBuilder,
AddVertex,-5.1, 7.88, -1.0
AddVertex, 2.1, 7.88, -1.0
AddVertex, 2.1,  0.88, -1.0
AddVertex,-5.1,  0.88, -1.0
AddFace2,0,1,2,3
LoadTexture,other/tree_D1.bmp
SetTextureCoordinates,0,0,0.01
SetTextureCoordinates,1,1,0.01
SetTextureCoordinates,2,1,1
SetTextureCoordinates,3,0,1
SetDecalTransparentColor,255,255,255,
GenerateNormals,
Rotate,0,1,0,-20
Translate,-5,4.0,-25
CreateMeshBuilder,
AddVertex,-5.1, 7.88, -1.0
AddVertex, 2.1, 7.88, -1.0
AddVertex, 2.1,  0.88, -1.0
AddVertex,-5.1,  0.88, -1.0
AddFace2,0,1,2,3
LoadTexture,other/tree_D1.bmp
SetTextureCoordinates,0,0,0.01
SetTextureCoordinates,1,1,0.01
SetTextureCoordinates,2,1,1
SetTextureCoordinates,3,0,1
SetDecalTransparentColor,255,255,255,
GenerateNormals,
Rotate,0,1,0,-20
Translate,-5,4.5,-5
CreateMeshBuilder,,,,
AddVertex,-115, 0.4,  28,
AddVertex,  47, 4.6,  28,
AddVertex,  47, 4.45, 0,
AddVertex,-115,-0.25, 0,
AddFace,0,1,2,3,
GenerateNormals,,,,
LoadTexture,other/tree4.bmp
SetTextureCoordinates,0,0,0.01,
SetTextureCoordinates,1,2,0.01
SetTextureCoordinates,2,2,2
SetTextureCoordinates,3,0,2
setcolor,234,180,230,
Rotate,0,1,0,-90
Translate,-2, 3.2,0
SetDecalTransparentColor,255,255,255,

CreateMeshBuilder,,,,
AddVertex,-9, 4.4,  0,
AddVertex,  1, 4.4,  0,
AddVertex,  1, 0.25, 0,
AddVertex,-9, 0.25, 0,
AddFace,0,1,2,3,
GenerateNormals,,,,
LoadTexture,other/tree3.bmp
SetTextureCoordinates,0,0,0.01,
SetTextureCoordinates,1,2,0.01
SetTextureCoordinates,2,2,1
SetTextureCoordinates,3,0,1
setcolor,234,230,230,
Rotate,0,1,0,0
Translate,7, 6.2,4
SetDecalTransparentColor,255,255,255,
CreateMeshBuilder,,,,
AddVertex,-15, 3.4,  4,
AddVertex,  7, 3.4,  4,
AddVertex,  7, 0.25, 0,
AddVertex,-15, 0.25, 0,
AddFace,0,1,2,3,
GenerateNormals,,,,
LoadTexture,other/tree4.bmp
SetTextureCoordinates,0,0,0.01,
SetTextureCoordinates,1,2,0.01
SetTextureCoordinates,2,2,1
SetTextureCoordinates,3,0,1
setcolor,234,180,230,
Rotate,0,1,0,0
Translate,7, 6.2,0
SetDecalTransparentColor,255,255,255,
CreateMeshBuilder,
AddVertex,-5.1, 7.88, -1.0
AddVertex, 2.1, 7.88, -1.0
AddVertex, 2.1,  0.88, -1.0
AddVertex,-5.1,  0.88, -1.0
AddFace2,0,1,2,3
LoadTexture,other/tree_D1.bmp
SetTextureCoordinates,0,0,0.01
SetTextureCoordinates,1,1,0.01
SetTextureCoordinates,2,1,1
SetTextureCoordinates,3,0,1
SetDecalTransparentColor,255,255,255,
GenerateNormals,
Rotate,0,1,0,-20
Translate,3,6.8,16
CreateMeshBuilder,
AddVertex,-5.1, 7.88, -1.0
AddVertex, 2.1, 7.88, -1.0
AddVertex, 2.1,  0.88, -1.0
AddVertex,-5.1,  0.88, -1.0
AddFace2,0,1,2,3
LoadTexture,other/tree_D1.bmp
SetTextureCoordinates,0,0,0.01
SetTextureCoordinates,1,1,0.01
SetTextureCoordinates,2,1,1
SetTextureCoordinates,3,0,1
SetDecalTransparentColor,255,255,255,
GenerateNormals,
Rotate,0,1,0,-20
Translate,8,6.8,14
CreateMeshBuilder,
AddVertex,-5.1, 7.88, -1.0
AddVertex, 2.1, 7.88, -1.0
AddVertex, 2.1,  0.88, -1.0
AddVertex,-5.1,  0.88, -1.0
AddFace2,0,1,2,3
LoadTexture,other/tree_D1.bmp
SetTextureCoordinates,0,0,0.01
SetTextureCoordinates,1,1,0.01
SetTextureCoordinates,2,1,1
SetTextureCoordinates,3,0,1
SetDecalTransparentColor,255,255,255,
GenerateNormals,
Rotate,0,1,0,-20
Translate,12,6.8,19

CreateMeshBuilder,
AddVertex,-5.1, 7.88, -1.0
AddVertex, 2.1, 7.88, -1.0
AddVertex, 2.1,  0.88, -1.0
AddVertex,-5.1,  0.88, -1.0
AddFace2,0,1,2,3
LoadTexture,other/tree_D1.bmp
SetTextureCoordinates,0,0,0.01
SetTextureCoordinates,1,1,0.01
SetTextureCoordinates,2,1,1
SetTextureCoordinates,3,0,1
SetDecalTransparentColor,255,255,255,
GenerateNormals,
Rotate,0,1,0,-20
Translate,12,1.5,-105
CreateMeshBuilder,
AddVertex,-5.1, 7.88, -1.0
AddVertex, 2.1, 7.88, -1.0
AddVertex, 2.1,  0.88, -1.0
AddVertex,-5.1,  0.88, -1.0
AddFace2,0,1,2,3
LoadTexture,other/tree_D1.bmp
SetTextureCoordinates,0,0,0.01
SetTextureCoordinates,1,1,0.01
SetTextureCoordinates,2,1,1
SetTextureCoordinates,3,0,1
SetDecalTransparentColor,255,255,255,
GenerateNormals,
Rotate,0,1,0,-20
Translate,12,2.0,-85
CreateMeshBuilder,
AddVertex,-5.1, 7.88, -1.0
AddVertex, 2.1, 7.88, -1.0
AddVertex, 2.1,  0.88, -1.0
AddVertex,-5.1,  0.88, -1.0
AddFace2,0,1,2,3
LoadTexture,other/tree_D1.bmp
SetTextureCoordinates,0,0,0.01
SetTextureCoordinates,1,1,0.01
SetTextureCoordinates,2,1,1
SetTextureCoordinates,3,0,1
SetDecalTransparentColor,255,255,255,
GenerateNormals,
Rotate,0,1,0,-20
Translate,12,2.6,-65
CreateMeshBuilder,
AddVertex,-5.1, 7.88, -1.0
AddVertex, 2.1, 7.88, -1.0
AddVertex, 2.1,  0.88, -1.0
AddVertex,-5.1,  0.88, -1.0
AddFace2,0,1,2,3
LoadTexture,other/tree_D1.bmp
SetTextureCoordinates,0,0,0.01
SetTextureCoordinates,1,1,0.01
SetTextureCoordinates,2,1,1
SetTextureCoordinates,3,0,1
SetDecalTransparentColor,255,255,255,
GenerateNormals,
Rotate,0,1,0,-20
Translate,12,3.2,-45
CreateMeshBuilder,
AddVertex,-5.1, 7.88, -1.0
AddVertex, 2.1, 7.88, -1.0
AddVertex, 2.1,  0.88, -1.0
AddVertex,-5.1,  0.88, -1.0
AddFace2,0,1,2,3
LoadTexture,other/tree_D1.bmp
SetTextureCoordinates,0,0,0.01
SetTextureCoordinates,1,1,0.01
SetTextureCoordinates,2,1,1
SetTextureCoordinates,3,0,1
SetDecalTransparentColor,255,255,255,
GenerateNormals,
Rotate,0,1,0,-20
Translate,12,4.0,-25
CreateMeshBuilder,
AddVertex,-5.1, 7.88, -1.0
AddVertex, 2.1, 7.88, -1.0
AddVertex, 2.1,  0.88, -1.0
AddVertex,-5.1,  0.88, -1.0
AddFace2,0,1,2,3
LoadTexture,other/tree_D1.bmp
SetTextureCoordinates,0,0,0.01
SetTextureCoordinates,1,1,0.01
SetTextureCoordinates,2,1,1
SetTextureCoordinates,3,0,1
SetDecalTransparentColor,255,255,255,
GenerateNormals,
Rotate,0,1,0,-20
Translate,12,4.5,-5

CreateMeshBuilder,
AddVertex,-21.5,33.0, -48.0,
AddVertex,  0.0,33.0, -48.0,
AddVertex,  0.0,33.0, -34.0,
AddVertex,  7.0,33.0, -34.0,
AddVertex,  7.0,33.0, -30.0,
AddVertex,  0.0,33.0, -30.0,
AddVertex,  0.0,33.0,  15.0,
AddVertex,  3.0,33.0,  15.0,
AddVertex,  3.0,33.0,  20.0,
AddVertex,  0.0,33.0,  20.0,
AddVertex,  0.0,33.0,  30.0,
AddVertex,  0.0,0.0,  30.0,
AddVertex,  0.0,0.0,  20.0,
AddVertex,  3.0,0.0,  20.0,
AddVertex,  3.0,0.0,  15.0,
AddVertex,  0.0,0.0,  15.0,
AddVertex,  0.0,0.0, -30.0,
AddVertex,  7.0,0.0, -30.0,
AddVertex,  7.0,0.0, -34.0,
AddVertex,  0.0,0.0, -34.0,
AddVertex,  0.0,0.0, -48.0,
AddVertex,-21.5,0.0, -48.0,
AddFace,0,1,20,21,
AddFace,1,2,19,20,
AddFace,2,3,18,19,
AddFace,3,4,17,18,
AddFace,4,5,16,17,
AddFace,5,6,15,16,
AddFace,6,7,14,15,
AddFace,7,8,13,14,
AddFace,8,9,12,13,
AddFace,9,10,11,12,
LoadTexture,Building/Builother_005.bmp
SetTextureCoordinates,0,0.00,0,
SetTextureCoordinates,1,0.07,0
SetTextureCoordinates,2,0.24,0
SetTextureCoordinates,3,0.28,0
SetTextureCoordinates,4,0.31,0,
SetTextureCoordinates,5,0.32,0
SetTextureCoordinates,6,0.84,0
SetTextureCoordinates,7,0.87,0
SetTextureCoordinates,8,0.92,0,
SetTextureCoordinates,9,0.92,0
SetTextureCoordinates,10,1.00,0
SetTextureCoordinates,11,1.00,1
SetTextureCoordinates,12,0.92,1
SetTextureCoordinates,13,0.92,1
SetTextureCoordinates,14,0.87,1
SetTextureCoordinates,15,0.84,1
SetTextureCoordinates,16,0.32,1
SetTextureCoordinates,17,0.31,1
SetTextureCoordinates,18,0.28,1
SetTextureCoordinates,19,0.24,1
SetTextureCoordinates,20,0.07,1
SetTextureCoordinates,21,0.00,1
GenerateNormals,
Setcolor,200,200,200,
Rotate,0,1,0,80
Translate,13,5.9,79