CreateMeshBuilder,
AddVertex,-2.6,-0.40, -0.2
AddVertex,-2.6, 5.62, -0.2
AddVertex,-2.6, 5.62, 25.2
AddVertex,-2.6,-0.40, 25.2
AddFace,0,1,2,3 
LoadTexture,Wall7A.bmp
;SetColor,85,85,85
SetTextureCoordinates,0, 0, 1,
SetTextureCoordinates,1, 0, 0,
SetTextureCoordinates,2, 1, 0,
SetTextureCoordinates,3, 1, 1,
GenerateNormals,

CreateMeshBuilder,
AddVertex,-2.6,-0.29,-0.2
AddVertex,+4.5,-0.30,-0.2
AddVertex,+4.5,-0.30, 25.2
AddVertex,-2.6,-0.29, 25.2
AddFace,3,2,1,0
LoadTexture,Wall7A.bmp
SetColor,138,138,128
SetTextureCoordinates,0, 0, 0.2
SetTextureCoordinates,1, 0, 1
SetTextureCoordinates,2, 1, 1
SetTextureCoordinates,3, 1, 0.2
GenerateNormals,

CreateMeshBuilder,
AddVertex,-2.6,+5.62,-0.2
AddVertex,+11.3,+5.62,-0.2
AddVertex,+11.3,+5.62,+25.2
AddVertex,-2.6,+5.62,+25.2
AddFace,0,1,2,3
Loadtexture,Wall5.Bmp
SetColor,50,50,40
SetTextureCoordinates,0, 0, 1,
SetTextureCoordinates,1, 0, 0,
SetTextureCoordinates,2, 1, 0,
SetTextureCoordinates,3, 1, 1,
GenerateNormals,

CreateMeshBuilder,
AddVertex,-2.58, 4.4,  11.8,
AddVertex,-2.58, 4.4,  13.8,
AddVertex,-2.53, 4.4,  11.8,
AddVertex,-2.53, 4.4,  13.8,
AddVertex,-2.58, 4.35, 11.8,
AddVertex,-2.58, 4.35, 13.8,
AddVertex,-2.53, 4.35, 11.8,
AddVertex,-2.53, 4.35, 13.8,
AddFace,0,2,6,4,
AddFace,2,3,7,6,
AddFace,0,1,3,2,
AddFace,6,7,5,4,
SetColor,254,254,254,
GenerateNormals,
Translate,0,0,-0.6

CreateMeshBuilder,
AddVertex,-2.60, 2.8, 0,
AddVertex,-2.60, 2.8, 25.12,
AddVertex,-2.50, 2.8, 25.12,
AddVertex,-2.50, 1.4, 25.12,
AddVertex,-2.50, 1.4, 0
AddVertex,-2.50, 2.8, 0
AddFace,0,1,2,5,
AddFace,5,2,3,4,
Loadtexture,Wall8.bmp
SetTextureCoordinates,0,  0,0,
SetTextureCoordinates,1,  0,1,
SetTextureCoordinates,2,  0.1,1,
SetTextureCoordinates,3,  1.14,1,
SetTextureCoordinates,4,  1.14,0,
SetTextureCoordinates,5,  0.1,0,
Translate,0,-1,0

CreateMeshBuilder,
AddVertex,-2.70, 1.4, 0,
AddVertex,-2.70, 1.4, 25.12,
AddVertex,-2.40, 1.4, 25.12,
AddVertex,-2.40, 1.0, 25.12,
AddVertex,-1.90, 1.0, 25.12,
AddVertex,-1.90, 0.7, 25.12,
AddVertex,-1.90, 0.7, 0,
AddVertex,-1.90, 1.0, 0,
AddVertex,-2.40, 1.0, 0
AddVertex,-2.40, 1.4, 0
AddFace,0,1,2,9,
AddFace,9,2,3,8,
AddFace,8,3,4,7,
AddFace,7,4,5,6,
Loadtexture,Wall91.bmp
SetTextureCoordinates,0,  0   ,0.2,
SetTextureCoordinates,1,  0   ,0.8,
SetTextureCoordinates,2,  0.15,0.8,
SetTextureCoordinates,3,  0.35,0.8,
SetTextureCoordinates,4,  0.80,0.8,
SetTextureCoordinates,5,  1   ,0.8, 
SetTextureCoordinates,6,  1   ,0.2, 
SetTextureCoordinates,7,  0.80,0.2,
SetTextureCoordinates,8,  0.35,0.2,
SetTextureCoordinates,9,  0.15,0.2,
Translate,0,-1,0