CreateMeshBuilder,
AddVertex,-10.0, 15.0, 0
AddVertex,-3.5, 15.0, 0.02
AddVertex,-3.5,-0.5, 0.02
AddVertex,-10.0,-0.5, 0
AddFace,0,1,2,3
LoadTexture,ManBill_E1.bmp
SetTextureCoordinates,0,0,0,
SetTextureCoordinates,1,1,0,
SetTextureCoordinates,2,1,1,
SetTextureCoordinates,3,0,1,
GenerateNormals,
SetDecalTransparentColor,0,64,0,

CreateMeshBuilder,
AddVertex,-3.6, 12.8, 0
AddVertex,-3.6, 12.8, 18
AddVertex,-3.6,-0.5,  18
AddVertex,-3.6,-0.5, 0
ADdFace,0,1,2,3
LoadTexture,ManBill_E2.bmp
SetTextureCoordinates,0,0,0,
SetTextureCoordinates,1,1,0,
SetTextureCoordinates,2,1,1,
SetTextureCoordinates,3,0,1,
GenerateNormals,
SetDecalTransparentColor,0,64,0,