CreateMeshBuilder,
AddVertex,-10.0, 19.0, 0
AddVertex,-3.5, 19.0, 0.02
AddVertex,-3.5, 0.0, 0.02
AddVertex,-10.0, 0.0, 0
AddFace,0,1,2,3
LoadTexture,manBill_H2.bmp
SetTextureCoordinates,0,0,0,
SetTextureCoordinates,1,1,0,
SetTextureCoordinates,2,1,1,
SetTextureCoordinates,3,0,1,
GenerateNormals,
SetDecalTransparentColor,0,0,0,

CreateMeshBuilder,
AddVertex,-3.5, 19.0, 0
AddVertex,-3.5, 19.0, 28
AddVertex,-3.5, 0.0,  28
AddVertex,-3.5, 0.0, 0
ADdFace,0,1,2,3
LoadTexture,manBill_H1.bmp
SetTextureCoordinates,0,0,0,
SetTextureCoordinates,1,1,0,
SetTextureCoordinates,2,1,1,
SetTextureCoordinates,3,0,1,
GenerateNormals,
SetDecalTransparentColor,0,0,0,