CreateMeshBuilder,
AddVertex,-11.0, 11.0, 0
ADdVertex,-3.0, 11.0, 0
AddVertex,-3.0, 11.0, 18
ADdVertex,-3.0,  3.0, 18
AddVertex,-3.0,  3.0, 0
AddVertex,-11.0,  3.0, 0
AddFace,0,1,4,5
AddFace,1,2,3,4
LoadTexture,ManBill_C.bmp
SetTextureCoordinates,0,0,0,
SetTextureCoordinates,1,0.01,0,
SetTextureCoordinates,2,1,0,
SetTextureCoordinates,3,1,1,
SetTextureCoordinates,4,0.01,1,
SetTextureCoordinates,5,0,1,
SetDecalTransparentColor,0,0,255,
GenerateNormals,

CreateMeshBuilder,
AddVertex,-9.5, 3.0, 0
ADdVertex,-3.0, 3.0, 0
AddVertex,-3.0, 3.0, 17.2
ADdVertex,-3.0,  0.0, 17.2
AddVertex,-3.0,  0.0, 0
AddVertex,-9.5,  0.0, 0
AddFace,0,1,4,5
AddFace,1,2,3,4
LoadTexture,../PicBill_B1.bmp
SetTextureCoordinates,0,0,0.78,
SetTextureCoordinates,1,0.01,0.78,
SetTextureCoordinates,2,1,0.78,
SetTextureCoordinates,3,1,1,
SetTextureCoordinates,4,0.01,1,
SetTextureCoordinates,5,0,1,
GenerateNormals,