CreateMeshBuilder,
AddVertex,-7.2, 4.25, 0,
AddVertex,-7.2, 4.50, 0,
AddVertex,-1.5, 5.10, 0,
AddVertex,-1.6, 4.75, 0,
AddFace,0,1,2,3
GenerateNormals,
LoadTexture,Nkasai_R.bmp,
SetTextureCoordinates,0, 1, 4,
SetTextureCoordinates,1, 0, 4,
SetTextureCoordinates,2, 0, -0.05,
SetTextureCoordinates,3, 1, 0,

CreateMeshBuilder
AddVertex,7.2, 4.25, 0
AddVertex,7.2, 4.50, 0
AddVertex,1.5, 5.10, 0
AddVertex,1.6, 4.75, 0
AddFace,3,2,1,0
GenerateNormals
LoadTexture,Nkasai_R.bmp
SetTextureCoordinates,0, 1, 4
SetTextureCoordinates,1, 0, 4
SetTextureCoordinates,2, 0, -0.05
SetTextureCoordinates,3, 1, 0
Translate, 3.8,0,0