CreateMeshBuilder
AddVertex,1.3, 4.7, 0.0
AddVertex,7.5, 4.7, 0.0
AddVertex,7.5, 4.7,25.2
AddVertex,1.3, 4.7,25.2
AddFace,0,1,2,3
LoadTexture,MzRoof2.bmp
SetTextureCoordinates,0, 0, 1
SetTextureCoordinates,1, 0, 0
SetTextureCoordinates,2, 35, 0
SetTextureCoordinates,3, 35, 1
GenerateNormals

CreateMeshBuilder
AddVertex,1.3, 4.7, 0.0
AddVertex,1.3, 6.4, 0.0
AddVertex,-1.5, 6.4, 0.0
AddVertex,-1.5, 6.4,25.0
AddVertex,1.3, 6.4,25.0
AddVertex,1.3, 4.7,25.0
AddFAce,5,4,1,0
AddFace,4,3,2,1
LoadTexture,wall_B1.bmp
SetTextureCoordinates,0,0,0
SetTextureCoordinates,1,0.2,0
SetTextureCoordinates,2,1,0
SetTextureCoordinates,3,1,1
SetTextureCoordinates,4,0.2,1
SetTextureCoordinates,5,0,1
Setcolor,110,110,90
GenerateNormals
