

CreateMeshBuilder,
AddVertex,0.73, 0.8,-1.3
AddVertex,0.7, 0.8, 2.8
AddVertex,0.7,-0.3, 2.8
AddVertex,0.73,-0.3,-1.3
AddVertex,3.47, 0.8, 2.8
AddVertex,3.5, 0.8,-1.3
AddVertex,3.5,-0.3,-1.3
AddVertex,3.47,-0.3, 2.8
AddFace2,0,1,2,3,
AddFace2,4,5,6,7,
Loadtexture,../sta/nakanoJ.bmp
SetTextureCoordinates,0,1.0,0,
SetTextureCoordinates,1,0.0,0,
SetTextureCoordinates,2,0.0,1,
SetTextureCoordinates,3,1.0,1,
SetTextureCoordinates,4,0,0,
SetTextureCoordinates,5,1,0,
SetTextureCoordinates,6,1,1,
SetTextureCoordinates,7,0,1,
Setcolor,200,200,200,
SetDecalTransparentColor,255,255,255,
GenerateNormals,
Translate,-8.2,1.4,-138




CreateMeshBuilder,
AddVertex, 0.7,-0.2,-5.3
AddVertex, 3.5,-0.2,-5.3
AddVertex, 3.5,-0.2, 4.6
AddVertex, 0.7,-0.2, 4.6
AddFace,3,2,1,0
Loadtexture,../sta/stairB.bmp
SetTextureCoordinates,0,0,0,
SetTextureCoordinates,1,1,0,
SetTextureCoordinates,2,1,1,
SetTextureCoordinates,3,0,1,
GenerateNormals,
Setcolor,150,150,150,
Translate,-8.2,1.4,-134

CreateMeshBuilder,
AddVertex,0.7, 0.8, 4.6
AddVertex,0.7, 0.8,-1.3
AddVertex,0.7,-0.3,-1.3
AddVertex,0.7,-0.3, 4.6
AddVertex,3.5, 0.8, 4.6
AddVertex,3.5, 0.8,-1.3
AddVertex,3.5,-0.3,-1.3
AddVertex,3.5,-0.3, 4.6
AddFace2,0,1,2,3,
AddFace2,4,5,6,7,
Loadtexture,../sta/nakanoI.bmp
SetTextureCoordinates,0,0,0,
SetTextureCoordinates,1,1,0,
SetTextureCoordinates,2,1,1,
SetTextureCoordinates,3,0,1,
SetTextureCoordinates,4,0,0,
SetTextureCoordinates,5,1,0,
SetTextureCoordinates,6,1,1,
SetTextureCoordinates,7,0,1,
GenerateNormals,
Setcolor,180,180,180,
Translate,-8.2,1.4,-134

CreateMeshBuilder,
AddVertex,0.73, 0.8,-1.3
AddVertex,0.7, 0.8, 4.6
AddVertex,0.7,-0.3, 4.6
AddVertex,0.73,-0.3,-1.3
AddVertex,3.47, 0.8, 4.6
AddVertex,3.5, 0.8,-1.3
AddVertex,3.5,-0.3,-1.3
AddVertex,3.47,-0.3, 4.6
AddFace2,0,1,2,3,
AddFace2,4,5,6,7,
Loadtexture,../sta/stairB_13A.bmp
SetTextureCoordinates,0,0,0,
SetTextureCoordinates,1,1,0,
SetTextureCoordinates,2,1,1,
SetTextureCoordinates,3,0,1,
SetTextureCoordinates,4,0,0,
SetTextureCoordinates,5,1,0,
SetTextureCoordinates,6,1,1,
SetTextureCoordinates,7,0,1,
GenerateNormals,
Setcolor,180,180,180,
Translate,-8.2,1.4,-134

CreateMeshBuilder,
AddVertex,0.7, 0.8, 4.6
AddVertex,3.5, 0.8, 4.6
AddVertex,3.5,-0.3, 4.6
AddVertex,0.7,-0.3, 4.6
AddFace2,0,1,2,3,
Loadtexture,../sta/nakanoI.bmp
SetTextureCoordinates,0,0.8,0,
SetTextureCoordinates,1,0.3,0,
SetTextureCoordinates,2,0.3,1,
SetTextureCoordinates,3,0.8,1,
Setcolor,180,180,180,
GenerateNormals,
Translate,-8.2,1.4,-134

CreateMeshBuilder,
AddVertex,-3.5,4.9,0,
AddVertex,-3.5,4.9,-15,
AddVertex, 0.7,4.9,-15,
AddVertex, 0.7,4.9,0,
AddVertex, 0.7,1.1,0,
AddVertex, 0.7,1.1,-15,
AddVertex,-3.5,1.1,-15,
AddVertex,-3.5,1.1,0,
AddFace2,0,1,6,7,
AddFace2,1,2,5,6,
AddFace2,2,3,4,5,
LoadTexture,../sta/nakanoK.bmp,
SetTextureCoordinates,0,0.00,0
SetTextureCoordinates,1,1.05,0
SetTextureCoordinates,2,1.81,0
SetTextureCoordinates,3,2.54,0
SetTextureCoordinates,4,2.54,1
SetTextureCoordinates,5,1.81,1
SetTextureCoordinates,6,1.05,1
SetTextureCoordinates,7,0.00,1
GenerateNormals,
Translate,-4.7,0.0,-102,

CreateMeshBuilder,
AddVertex,0.7, 0.8, -1.3
AddVertex,3.5, 0.8, -1.3
AddVertex,3.5,-0.3, -1.3
AddVertex,0.7,-0.3, -1.3
AddFace2,0,1,2,3,
Loadtexture,../sta/nakanoI.bmp
SetTextureCoordinates,0,0.8,0,
SetTextureCoordinates,1,0.3,0,
SetTextureCoordinates,2,0.3,1,
SetTextureCoordinates,3,0.8,1,
Setcolor,180,180,180,
GenerateNormals,
Translate,-8.2,1.4,-84,


CreateMeshBuilder,
AddVertex,0.7, 0.8, 4.6
AddVertex,0.7, 0.8,-1.3
AddVertex,0.7,-0.3,-1.3
AddVertex,0.7,-0.3, 4.6
AddVertex,3.5, 0.8, 4.6
AddVertex,3.5, 0.8,-1.3
AddVertex,3.5,-0.3,-1.3
AddVertex,3.5,-0.3, 4.6
AddFace2,0,1,2,3,
AddFace2,4,5,6,7,
Loadtexture,../sta/nakanoI.bmp
SetTextureCoordinates,0,1,0,
SetTextureCoordinates,1,0,0,
SetTextureCoordinates,2,0,1,
SetTextureCoordinates,3,1,1,
SetTextureCoordinates,4,1,0,
SetTextureCoordinates,5,0,0,
SetTextureCoordinates,6,0,1,
SetTextureCoordinates,7,1,1,
Setcolor,180,180,180,
Translate,-8.2,1.4,-84
GenerateNormals,


CreateMeshBuilder,
AddVertex,0.73, 0.8,-1.3
AddVertex,0.7, 0.8, 4.6
AddVertex,0.7,-0.3, 4.6
AddVertex,0.73,-0.3,-1.3
AddVertex,3.47, 0.8, 4.6
AddVertex,3.5, 0.8,-1.3
AddVertex,3.5,-0.3,-1.3
AddVertex,3.47,-0.3, 4.6
AddFace2,0,1,2,3,
AddFace2,4,5,6,7,
Loadtexture,../sta/stairB_13A.bmp
SetTextureCoordinates,0,1,0,
SetTextureCoordinates,1,0,0,
SetTextureCoordinates,2,0,1,
SetTextureCoordinates,3,1,1,
SetTextureCoordinates,4,0,0,
SetTextureCoordinates,5,1,0,
SetTextureCoordinates,6,1,1,
SetTextureCoordinates,7,0,1,
GenerateNormals,
Setcolor,180,180,180,
Translate,-8.2,1.4,-84

CreateMeshBuilder,
AddVertex, 0.7,-0.2,-1.3
AddVertex, 3.5,-0.2,-1.3
AddVertex, 3.5,-0.2, 8.6
AddVertex, 0.7,-0.2, 8.6
AddFace,3,2,1,0
Loadtexture,../sta/stairB.bmp
SetTextureCoordinates,0,1,0,
SetTextureCoordinates,1,0,0,
SetTextureCoordinates,2,0,1,
SetTextureCoordinates,3,1,1,
GenerateNormals,
Setcolor,150,150,150,
Translate,-8.2,1.4,-84

CreateMeshBuilder,
AddVertex,0.73, 0.8,-1.3
AddVertex,0.7, 0.8, 2.8
AddVertex,0.7,-0.3, 2.8
AddVertex,0.73,-0.3,-1.3
AddVertex,3.47, 0.8, 2.8
AddVertex,3.5, 0.8,-1.3
AddVertex,3.5,-0.3,-1.3
AddVertex,3.47,-0.3, 2.8
AddFace2,0,1,2,3,
AddFace2,4,5,6,7,
Loadtexture,../sta/nakanoJ.bmp
SetTextureCoordinates,0,0,0,
SetTextureCoordinates,1,1,0,
SetTextureCoordinates,2,1,1,
SetTextureCoordinates,3,0,1,
SetTextureCoordinates,4,1,0,
SetTextureCoordinates,5,0,0,
SetTextureCoordinates,6,0,1,
SetTextureCoordinates,7,1,1,
Setcolor,200,200,200,
SetDecalTransparentColor,255,255,255,
GenerateNormals,
Translate,-8.2,1.4,-78.15,

CreateMeshBuilder,
AddVertex, 0.7,-0.2,4.6
AddVertex, 3.5,-0.2,4.6
AddVertex, 3.5,-0.3,4.6
AddVertex, 0.7,-0.3,4.6
AddFace,3,2,1,0
GenerateNormals,
Loadtexture,../Wall\boadwall.bmp
Setcolor,100,100,100
SetTextureCoordinates,0,0,1
SetTextureCoordinates,1,0,0
SetTextureCoordinates,2,0.4,0
SetTextureCoordinates,3,0.4,1
Translate,-8.2,1.4,-84





CreateMeshBuilder,
AddVertex, 0.7,-0.2,-1.3
AddVertex, 3.5,-0.2,-1.3
AddVertex, 3.5,-0.3,-1.3
AddVertex, 0.7,-0.3,-1.3
AddFace2,3,2,1,0
GenerateNormals,
Loadtexture,../Wall\boadwall.bmp
Setcolor,100,100,100
SetTextureCoordinates,0,0,1
SetTextureCoordinates,1,0,0
SetTextureCoordinates,2,0.4,0
SetTextureCoordinates,3,0.4,1
Translate,-8.2,1.4,-139

