CreateMeshBuilder,
AddVertex,-2.4,2.3,-10,
AddVertex,-2.4,2.3,5,
AddVertex,-2.4,1.1,5,
AddVertex,-2.4,1.1,-10,
AddFace2,0,1,2,3,
LoadTexture,../sta/saku3A.bmp
SetTextureCoordinates,0,0,0
SetTextureCoordinates,1,3,0
SetTextureCoordinates,2,3,1
SetTextureCoordinates,3,0,1
SetDecalTransparentColor,255,255,255,
GenerateNormals,
CreateMeshBuilder,
AddVertex,-2.3,2.3,-10,
AddVertex,-2.3,2.3,5,
AddVertex,-2.3,1.1,5,
AddVertex,-2.3,1.1,-10,
AddFace2,0,1,2,3,
LoadTexture,../sta/saku3A.bmp
SetTextureCoordinates,0,0,0
SetTextureCoordinates,1,3,0
SetTextureCoordinates,2,3,1
SetTextureCoordinates,3,0,1
SetDecalTransparentColor,255,255,255,
GenerateNormals,
Translate,-7.6,0,0
CreateMeshBuilder,
AddVertex,-2.3,2.3,-10,
AddVertex,-2.3,2.3,0,
AddVertex,-2.3,1.1,0,
AddVertex,-2.3,1.1,-10,
AddFace2,0,1,2,3,
LoadTexture,../sta/saku3A.bmp
SetTextureCoordinates,0,0,0
SetTextureCoordinates,1,2,0
SetTextureCoordinates,2,2,1
SetTextureCoordinates,3,0,1
SetDecalTransparentColor,255,255,255,
GenerateNormals,
Translate,-18.1,0,0
CreateMeshBuilder,
AddVertex,-2.3,2.3,-10,
AddVertex,-2.3,2.3,-2,
AddVertex,-2.3,1.1,-2,
AddVertex,-2.3,1.1,-10,
AddFace2,0,1,2,3,
LoadTexture,../sta/saku3A.bmp
SetTextureCoordinates,0,0,0
SetTextureCoordinates,1,1,0
SetTextureCoordinates,2,1,1
SetTextureCoordinates,3,0,1
SetDecalTransparentColor,255,255,255,
GenerateNormals,
Translate,10.7,0,0
CreateMeshBuilder,
AddVertex,-2.3,2.3,-10,
AddVertex,-2.3,2.3,-5,
AddVertex,-2.3,1.1,-5,
AddVertex,-2.3,1.1,-10,
AddFace2,0,1,2,3,
LoadTexture,../sta/saku3A.bmp
SetTextureCoordinates,0,0,0
SetTextureCoordinates,1,1,0
SetTextureCoordinates,2,1,1
SetTextureCoordinates,3,0,1
SetDecalTransparentColor,255,255,255,
GenerateNormals,
Translate,18.2,0,0

CreateMeshBuilder,
AddVertex,-2.7,6,-17,
AddVertex,-2.7,6,-10,
AddVertex,-2.7,-0.45,-10,
AddVertex,-2.7,-0.45,-17,
AddFace2,0,1,2,3,
LoadTexture,../sta/nakanoD.bmp
SetTextureCoordinates,0,0.7,0
SetTextureCoordinates,1,0,0
SetTextureCoordinates,2,0,1
SetTextureCoordinates,3,0.7,1
SetDecalTransparentColor,255,255,255,
GenerateNormals,
Translate,11.2,0,0
CreateMeshBuilder,
AddVertex,3.3,6,-15,
AddVertex,-2.7,6,-15,
AddVertex,-2.7,-0.45,-15,
AddVertex,3.3,-0.45,-15,
AddFace2,0,1,2,3,
LoadTexture,../sta/nakanoD.bmp
SetTextureCoordinates,0,1,0
SetTextureCoordinates,1,0,0
SetTextureCoordinates,2,0,1
SetTextureCoordinates,3,1,1
SetDecalTransparentColor,255,255,255,
Setcolor,180,180,180,
GenerateNormals,
Translate,11.2,0,-1.90

CreateMeshBuilder,
AddVertex,-12.7, 4.73, -10,
AddVertex,-12.7, 4.23, -10,
AddVertex,-12.7, 4.23, -17,
AddVertex,-12.7, 4.73, -17,
AddFace2,0,1,2,3,
LoadTexture,RoofA3.bmp
SetTextureCoordinates,0,0,2,
SetTextureCoordinates,1,1,2,
SetTextureCoordinates,2,1,0,
SetTextureCoordinates,3,0,0,
GenerateNormals,
Setcolor,150,150,150
Translate,20.39,1.26
CreateMeshBuilder,
AddVertex,-11.60, 4.72, -10,
AddVertex,-11.60, 4.72, -17,
AddVertex,-12.4, 4.73,-10,
AddVertex,-12.4, 4.73, -17,
AddFace2,0,2,3,1,
LoadTexture,RoofA.bmp,
SetTextureCoordinates,0, 0.7, 3,
SetTextureCoordinates,1, 0.7, 0,
SetTextureCoordinates,2, 1, 3,
SetTextureCoordinates,3, 1, 0,
GenerateNormals,
Translate,20.1,1.26
Setcolor,130,130,130

CreateMeshBuilder,
AddVertex,6.3,6,-21,
AddVertex,2.3,6,-21,
AddVertex,2.3,6,-31,
AddVertex,6.3,6,-31,
AddVertex,6.3,-0.45,-31,
AddVertex,2.3,-0.45,-31,
AddVertex,2.3,-0.45,-21,
AddVertex,6.3,-0.45,-21,
AddFace2,0,1,6,7,
AddFace2,1,2,5,6,
AddFace2,2,3,4,5,
LoadTexture,../sta/nakanoE.bmp
SetTextureCoordinates,0,0,0
SetTextureCoordinates,1,0.31,0
SetTextureCoordinates,2,1,0
SetTextureCoordinates,3,1.31,0
SetTextureCoordinates,4,1.31,1
SetTextureCoordinates,5,1,1
SetTextureCoordinates,6,0.31,1
SetTextureCoordinates,7,0,1
SetDecalTransparentColor,255,255,255,
GenerateNormals,
Translate,5.5,0,-3

CreateMeshBuilder,
AddVertex,-2.8,6,-26,
AddVertex,-2.5,6,-10,
AddVertex,-2.5,-0.45,-10,
AddVertex,-2.8,-0.45,-26,
AddFace2,0,1,2,3,
LoadTexture,../sta/nakanoF.bmp
SetTextureCoordinates,0,0,0
SetTextureCoordinates,1,1,0
SetTextureCoordinates,2,1,1
SetTextureCoordinates,3,0,1
SetDecalTransparentColor,255,255,255,
GenerateNormals,
Setcolor,200,205,200,
Translate,0,0,0
CreateMeshBuilder,
AddVertex,-8.8,5.9,-25.7,
AddVertex,-8.8,5.5,-25.7,
AddVertex,-8.8,5.4,-25.2,
AddVertex,-8.8,2.5,-25.2,
AddVertex,-8.8,2.5,-25,
AddVertex,-8.8,0.6,-25,
AddVertex,-8.8,0.5,-25.81,
AddVertex,-8.8,0.3,-26.01,
AddVertex,-8.8,-0.45,-26.01,
AddVertex,-2.8,-0.45,-26.01,
AddVertex,-2.8,0.3,-26.01,
AddVertex,-2.8,0.5,-25.81,
AddVertex,-2.8,0.6,-25,
AddVertex,-2.8,2.5,-25,
AddVertex,-2.8,2.5,-25.2,
AddVertex,-2.8,5.4,-25.2,
AddVertex,-2.8,5.5,-25.7,
AddVertex,-2.8,5.9,-25.7,
AddFace2,0,1,16,17,
AddFace2,1,2,15,16,
AddFace2,2,3,14,15,
AddFace2,3,4,13,14,
AddFace2,4,5,12,13,
AddFace2,5,6,11,12,
AddFace2,6,7,10,11,
AddFace2,7,8,9,10,
LoadTexture,../sta/nakanoH.bmp
SetTextureCoordinates,0,0,1
SetTextureCoordinates,1,0.03,1
SetTextureCoordinates,2,0.06,1
SetTextureCoordinates,3,0.59,1
SetTextureCoordinates,4,0.60,1
SetTextureCoordinates,5,0.81,1
SetTextureCoordinates,6,0.86,1
SetTextureCoordinates,7,0.90,1
SetTextureCoordinates,8,1.00,1
SetTextureCoordinates,9,1.00,0
SetTextureCoordinates,10,0.90,0
SetTextureCoordinates,11,0.86,0
SetTextureCoordinates,12,0.81,0
SetTextureCoordinates,13,0.60,0
SetTextureCoordinates,14,0.59,0
SetTextureCoordinates,15,0.06,0
SetTextureCoordinates,16,0.03,0
SetTextureCoordinates,17,0,0
SetDecalTransparentColor,255,255,255,
GenerateNormals,
Translate,0,0,0.0

CreateMeshBuilder,
AddVertex,-4.9,2.6,-36,
AddVertex,-2.9,2.6,-36,
AddVertex,-2.9,2.6,-29,
AddVertex,-2.9,-0.45,-29,
AddVertex,-2.9,-0.45,-36,
AddVertex,-4.9,-0.45,-36,
AddFace2,0,1,4,5,
AddFace2,1,2,3,4,
LoadTexture,../sta/nakanoG.bmp
SetTextureCoordinates,0,1,0
SetTextureCoordinates,1,0.49,0
SetTextureCoordinates,2,0,0
SetTextureCoordinates,3,0,1
SetTextureCoordinates,4,0.49,1
SetTextureCoordinates,5,1,1
SetDecalTransparentColor,255,255,255,
GenerateNormals,
Setcolor,240,245,242,
Translate,-2,0.2,0

CreateMeshBuilder,
AddVertex,-3.9,0.7,-36,
AddVertex,-2.9,0.7,-36,
AddVertex,-2.9,-0.45,-36,
AddVertex,-3.9,-0.45,-36,
AddFace2,0,1,2,3,
LoadTexture,../Rail/pointA.bmp
SetTextureCoordinates,0,1,0
SetTextureCoordinates,1,0,0
SetTextureCoordinates,2,0,1
SetTextureCoordinates,3,1,1
SetDecalTransparentColor,255,255,255,
GenerateNormals,
Setcolor,200,200,200,
Translate,-2.4,0.2,-3
CreateMeshBuilder,
AddVertex,-3.9,0.7,-36,
AddVertex,-2.9,0.7,-36,
AddVertex,-2.9,-0.45,-36,
AddVertex,-3.9,-0.45,-36,
AddFace2,0,1,2,3,
LoadTexture,../Rail/pointA.bmp
SetTextureCoordinates,0,0,0
SetTextureCoordinates,1,1,0
SetTextureCoordinates,2,1,1
SetTextureCoordinates,3,0,1
SetDecalTransparentColor,255,255,255,
GenerateNormals,
Setcolor,200,200,200,
Translate,12,0.0,-4
CreateMeshBuilder,
AddVertex,-3.9,0.7,-36,
AddVertex,-2.9,0.7,-36,
AddVertex,-2.9,-0.45,-36,
AddVertex,-3.9,-0.45,-36,
AddFace2,0,1,2,3,
LoadTexture,../Rail/pointA.bmp
SetTextureCoordinates,0,1,0
SetTextureCoordinates,1,0,0
SetTextureCoordinates,2,0,1
SetTextureCoordinates,3,1,1
SetDecalTransparentColor,255,255,255,
GenerateNormals,
Setcolor,200,200,200,
Translate,-8.4,-0.2,-27
CreateMeshBuilder,
AddVertex,-3.9,0.5,-36,
AddVertex,-2.9,0.5,-36,
AddVertex,-2.9,-0.45,-36,
AddVertex,-3.9,-0.45,-36,
AddFace2,0,1,2,3,
LoadTexture,../Rail/pointA.bmp
SetTextureCoordinates,0,1,0
SetTextureCoordinates,1,0,0
SetTextureCoordinates,2,0,1
SetTextureCoordinates,3,1,1
SetDecalTransparentColor,255,255,255,
GenerateNormals,
Setcolor,200,200,200,
Translate,-3.3,-0.8,-86
CreateMeshBuilder,
AddVertex,-3.9,0.5,-36,
AddVertex,-2.9,0.5,-36,
AddVertex,-2.9,-0.45,-36,
AddVertex,-3.9,-0.45,-36,
AddFace2,0,1,2,3,
LoadTexture,../Rail/pointA.bmp
SetTextureCoordinates,0,0,0
SetTextureCoordinates,1,1,0
SetTextureCoordinates,2,1,1
SetTextureCoordinates,3,0,1
SetDecalTransparentColor,255,255,255,
GenerateNormals,
Setcolor,200,200,200,
Translate,6.2,-0.7,-92

CreateMeshBuilder,
AddVertex,-1.9, 1.3, -0.3
AddVertex,-1.3, 1.3, -0.3
AddVertex,-1.3, -0.1, -0.3
AddVertex,-1.9, -0.1, -0.3
AddFace2,0,1,2,3
LoadTexture,../Signal/postbox1.bmp
SetTextureCoordinates,0,  1,0,
SetTextureCoordinates,1,  0,0,
SetTextureCoordinates,2,  0,1,
SetTextureCoordinates,3,  1,1,
GenerateNormals,
SetDecalTransparentColor,0,0,255,
Setcolor,210,210,212,
Translate,-5,-0.34,-43.1
CreateMeshBuilder,
AddVertex,-1.3, 1.3, 0.7
AddVertex,-1.3, 1.3, -0.3
AddVertex,-1.3, -0.1, -0.3
AddVertex,-1.3, -0.1, 0.7
AddFace2,0,1,2,3
LoadTexture,../Signal/postbox2.bmp
SetTextureCoordinates,0,  0,0,
SetTextureCoordinates,1,  1,0,
SetTextureCoordinates,2,  1,1,
SetTextureCoordinates,3,  0,1,
GenerateNormals,
Setcolor,210,210,212,
Translate,-5,-0.34,-43.1
CreateMeshBuilder,
AddVertex,-1.9, 1.30, 0.7
AddVertex,-1.6, 1.35, 0.7
AddVertex,-1.3, 1.30, 0.7
AddVertex,-1.3, 1.30, -0.3
AddVertex,-1.6, 1.35, -0.3
AddVertex,-1.9, 1.30, -0.3
AddFace,0,1,4,5,
AddFace,1,2,3,4,
AddFace,5,4,3
LoadTexture,../Signal/postbox2.bmp
SetTextureCoordinates,0,  0.1,0.1,
SetTextureCoordinates,1,  0.2,0.1,
SetTextureCoordinates,2,  0.2,0.2,
SetTextureCoordinates,3,  0.1,0.2,
GenerateNormals,
Setcolor,210,210,212,
Translate,-5,-0.34,-43.1
CreateMeshBuilder,
AddVertex,-1.9, 1.3, -0.3
AddVertex,-1.3, 1.3, -0.3
AddVertex,-1.3, -0.1, -0.3
AddVertex,-1.9, -0.1, -0.3
AddFace2,0,1,2,3
LoadTexture,../Signal/postbox1.bmp
SetTextureCoordinates,0,  1,0,
SetTextureCoordinates,1,  0,0,
SetTextureCoordinates,2,  0,1,
SetTextureCoordinates,3,  1,1,
GenerateNormals,
SetDecalTransparentColor,0,0,255,
Setcolor,210,210,212,
Translate,-3.8,-0.34,-45.1
CreateMeshBuilder,
AddVertex,-1.3, 1.3, 0.7
AddVertex,-1.3, 1.3, -0.3
AddVertex,-1.3, -0.1, -0.3
AddVertex,-1.3, -0.1, 0.7
AddFace2,0,1,2,3
LoadTexture,../Signal/postbox2.bmp
SetTextureCoordinates,0,  0,0,
SetTextureCoordinates,1,  1,0,
SetTextureCoordinates,2,  1,1,
SetTextureCoordinates,3,  0,1,
GenerateNormals,
Setcolor,210,210,212,
Translate,-3.8,-0.34,-45.1
CreateMeshBuilder,
AddVertex,-1.9, 1.30, 0.7
AddVertex,-1.6, 1.35, 0.7
AddVertex,-1.3, 1.30, 0.7
AddVertex,-1.3, 1.30, -0.3
AddVertex,-1.6, 1.35, -0.3
AddVertex,-1.9, 1.30, -0.3
AddFace,0,1,4,5,
AddFace,1,2,3,4,
AddFace,5,4,3
LoadTexture,../Signal/postbox2.bmp
SetTextureCoordinates,0,  0.1,0.1,
SetTextureCoordinates,1,  0.2,0.1,
SetTextureCoordinates,2,  0.2,0.2,
SetTextureCoordinates,3,  0.1,0.2,
GenerateNormals,
Setcolor,210,210,212,
Translate,-3.8,-0.34,-45.1

CreateMeshBuilder,
AddVertex, 0.5,1.4,-0,
AddVertex, 1.2,1.4,-0,
AddVertex, 1.2,-0.45,-0,
AddVertex, 0.5,-0.45,-0,
AddFace2,0,1,2,3
LoadTexture,../Rail/pointB.bmp
SetTextureCoordinates,0,1,0
SetTextureCoordinates,1,0,0
SetTextureCoordinates,2,0,1
SetTextureCoordinates,3,1,1
SetDecalTransparentColor,0,0,0,
;Setcolor,210,210,205,
GenerateNormals,
Translate,-5.5,,-40.1
CreateMeshBuilder,
AddVertex, 0.5,1.4,-0,
AddVertex, 1.2,1.4,-0,
AddVertex, 1.2,-0.45,-0,
AddVertex, 0.5,-0.45,-0,
AddFace2,0,1,2,3
LoadTexture,../Rail/pointB.bmp
SetTextureCoordinates,0,0,0
SetTextureCoordinates,1,1,0
SetTextureCoordinates,2,1,1
SetTextureCoordinates,3,0,1
SetDecalTransparentColor,0,0,0,
;Setcolor,210,210,205,
GenerateNormals,
Translate,9.5,,-37.1

CreateMeshBuilder,
AddVertex,-5.8,-0.25,-42,
AddVertex,-2.2,-0.25,-42,
AddVertex,-2.2,-0.25,-26,
AddVertex,-5.8,-0.25,-26,
AddVertex,-5.8,-0.25,-42,
AddVertex,-2.2,-0.25,-42,
AddVertex,-2.2,-0.25,-26,
AddVertex,-2.2,-0.55,-26,
AddVertex,-2.2,-0.55,-42,
AddVertex,-5.8,-0.55,-42,
AddFace2,0,1,2,3,
AddFace2,4,5,8,9,
AddFace2,5,6,7,8,
LoadTexture,../bridge/Wall.bmp
SetTextureCoordinates,0,0,0
SetTextureCoordinates,1,1,0
SetTextureCoordinates,2,1,2
SetTextureCoordinates,3,0,2
SetTextureCoordinates,4,0,0.8
SetTextureCoordinates,5,1,0.8
SetTextureCoordinates,6,4,0.8
SetTextureCoordinates,7,4,1
SetTextureCoordinates,8,1,1
SetTextureCoordinates,9,0,1
GenerateNormals,
Translate,-2,0,0

CreateMeshBuilder,
AddVertex,-2.5, -0.44, 5.2
AddVertex,-1.25, -0.124, 5.2
AddVertex,1.15, -0.124, 5.2
AddVertex,2.5, -0.44, 5.2
AddVertex,2.7, -0.47, -5
AddVertex,1.05, -0.157, -5
AddVertex,-1.35, -0.157, -5
AddVertex,-2.7, -0.47, -5
AddFace,0,1,6,7
AddFace,1,2,5,6,
AddFace,2,3,4,5,
LoadTexture,../Rail/pointrailA.bmp,,,
SetTextureCoordinates,0,0,0,
SetTextureCoordinates,1,0.26,0,
SetTextureCoordinates,2,0.78,0,
SetTextureCoordinates,3,1,0,
SetTextureCoordinates,4,1,1,
SetTextureCoordinates,5,0.78,1,
SetTextureCoordinates,6,0.26,1,
SetTextureCoordinates,7,0,1,
GenerateNormals,
Translate,0,-0.01,-44
CreateMeshBuilder,
AddVertex,-2.5, -0.44, 5.2
AddVertex,-1.15, -0.134, 5.2
AddVertex,1.25, -0.134, 5.2
AddVertex,2.5, -0.44, 5.2
AddVertex,2.5, -0.44, -5
AddVertex,1.05, -0.124, -5
AddVertex,-1.15, -0.124, -5
AddVertex,-2.5, -0.44, -5
AddFace,0, 1,6,7
AddFace,1,2,5,6,
AddFace,2,3,4,5,
LoadTexture,../Rail/pointrailB.bmp,,,
SetTextureCoordinates,0,0,0,
SetTextureCoordinates,1,0.26,0,
SetTextureCoordinates,2,0.78,0,
SetTextureCoordinates,3,1,0,
SetTextureCoordinates,4,1,1,
SetTextureCoordinates,5,0.78,1,
SetTextureCoordinates,6,0.26,1,
SetTextureCoordinates,7,0,1,
GenerateNormals,
Translate,5.5,0,-11

CreateMeshBuilder,
AddVertex,-2.5, -0.44, 5.2
AddVertex,-1.05, -0.134, 5.2
AddVertex,1.15, -0.134, 5.2
AddVertex,2.5, -0.44, 5.2
AddVertex,2.5, -0.54, -5
AddVertex,1.05, -0.224, -5
AddVertex,-1.25, -0.224, -5
AddVertex,-2.5, -0.54, -5
AddFace,0, 1,6,7
AddFace,1,2,5,6,
AddFace,2,3,4,5,
LoadTexture,../Rail/pointrailB.bmp,,,
SetTextureCoordinates,0,0,0,
SetTextureCoordinates,1,0.26,0,
SetTextureCoordinates,2,0.78,0,
SetTextureCoordinates,3,1,0,
SetTextureCoordinates,4,1,1,
SetTextureCoordinates,5,0.78,1,
SetTextureCoordinates,6,0.26,1,
SetTextureCoordinates,7,0,1,
GenerateNormals,
Rotate,0,1,0,-9.3
Translate,-9.4,-0.08,-59

CreateMeshBuilder,
AddVertex,-2.5, -0.44, 5.2
AddVertex,-1.15, -0.034, 5.2
AddVertex,1.15, -0.034, 5.2
AddVertex,2.5, -0.44, 5.2
AddVertex,2.5, -0.44, -5
AddVertex,1.15, -0.124, -5
AddVertex,-1.15, -0.124, -5
AddVertex,-2.5, -0.44, -5
AddFace,0, 1,6,7
AddFace,1,2,5,6,
AddFace,2,3,4,5,
LoadTexture,../Rail/pointrailA.bmp,,,
SetTextureCoordinates,0,0,0,
SetTextureCoordinates,1,0.26,0,
SetTextureCoordinates,2,0.78,0,
SetTextureCoordinates,3,1,0,
SetTextureCoordinates,4,1,1,
SetTextureCoordinates,5,0.78,1,
SetTextureCoordinates,6,0.26,1,
SetTextureCoordinates,7,0,1,
GenerateNormals,
Translate,0.3,-0.63,-104
CreateMeshBuilder,
AddVertex,-2.5, -0.44, 5.2
AddVertex,-1.15, -0.134, 5.2
AddVertex,1.15, -0.134, 5.2
AddVertex,2.5, -0.44, 5.2
AddVertex,2.5, -0.54, -5
AddVertex,1.15, -0.224, -5
AddVertex,-1.15, -0.224, -5
AddVertex,-2.5, -0.54, -5
AddFace,0, 1,6,7
AddFace,1,2,5,6,
AddFace,2,3,4,5,
LoadTexture,../Rail/pointrailB.bmp,,,
SetTextureCoordinates,0,0,0,
SetTextureCoordinates,1,0.26,0,
SetTextureCoordinates,2,0.78,0,
SetTextureCoordinates,3,1,0,
SetTextureCoordinates,4,1,1,
SetTextureCoordinates,5,0.78,1,
SetTextureCoordinates,6,0.26,1,
SetTextureCoordinates,7,0,1,
GenerateNormals,
Translate,0.3,-0.72,-125
CreateMeshBuilder,
AddVertex,-2.5, -0.44, 5.2
AddVertex,-1.05, -0.134, 5.2
AddVertex,1.15, -0.134, 5.2
AddVertex,2.5, -0.44, 5.2
AddVertex,2.5, -0.54, -5
AddVertex,1.05, -0.224, -5
AddVertex,-1.25, -0.224, -5
AddVertex,-2.5, -0.54, -5
AddFace,0, 1,6,7
AddFace,1,2,5,6,
AddFace,2,3,4,5,
LoadTexture,../Rail/pointrailB.bmp,,,
SetTextureCoordinates,0,0,0,
SetTextureCoordinates,1,0.26,0,
SetTextureCoordinates,2,0.78,0,
SetTextureCoordinates,3,1,0,
SetTextureCoordinates,4,1,1,
SetTextureCoordinates,5,0.78,1,
SetTextureCoordinates,6,0.26,1,
SetTextureCoordinates,7,0,1,
GenerateNormals,
Translate,-4.1,-0.72,-127

CreateMeshBuilder,
AddVertex,-50.8,-2.25, 25,
AddVertex, 50.2,-2.25, 25,
AddVertex, 50.2,-4.25,-256,
AddVertex,-50.8,-4.25,-256,
AddFace,0,1,2,3,
LoadTexture,../bridge/Wall.bmp
SetTextureCoordinates,0,0,0
SetTextureCoordinates,1,5,0
SetTextureCoordinates,2,5,5
SetTextureCoordinates,3,0,5
GenerateNormals,
Setcolor,180,180,180

;-------------------------------------------------
;Pole
CreateMeshBuilder,
AddVertex,-4.02, 8.0, -0.16
AddVertex,-1.40, 8.0, -0.16
AddVertex,-1.40, 8.0,  0.15
AddVertex,-1.40, 7.35, 0.15
AddVertex,-1.40, 7.35,-0.16
AddVertex,-4.02, 7.35, -0.16,
AddVertex, 11.30, 8.0,  0.15
AddVertex, 11.30, 8.0, -0.16
AddVertex, 13.90, 8.0, -0.16
AddVertex, 13.90, 7.35,-0.16
AddVertex, 11.30, 7.35,-0.16
AddVertex, 11.30, 7.35, 0.15
AddFace2,0,1,4,5
AddFace2,1,2,3,4
AddFace2,6,7,10,11
AddFace2,7,8,9,10
Setcolor,220,230,240
LoadTexture,../bridge/Wall.bmp
SetTextureCoordinates,0,0,0.5
SetTextureCoordinates,1,1,0.5
SetTextureCoordinates,2,2,0.5
SetTextureCoordinates,3,2,1
SetTextureCoordinates,4,1,1
SetTextureCoordinates,5,0,1
SetTextureCoordinates,6,0,0.3
SetTextureCoordinates,7,1,0.3
SetTextureCoordinates,8,2,0.3
SetTextureCoordinates,9,2,1
SetTextureCoordinates,10,1,1
SetTextureCoordinates,11,0,1
GenerateNormals,
Translate,-3.2,-0.2,-47

;POLE_4LINE----------------------(No1)
CreateMeshBuilder
Cube, 0.2, 0.45, 0.3
LoadTexture,../Wall\mopole1.bmp
SetTextureCoordinates,0  ,0,1
SetTextureCoordinates,1  ,1,1
SetTextureCoordinates,2  ,1,0.65
SetTextureCoordinates,3  ,0,0.65
SetTextureCoordinates,4  ,0,0.65
SetTextureCoordinates,5  ,1,0.65
SetTextureCoordinates,6  ,1,1
SetTextureCoordinates,7  ,0,1
Translate, -5.8, -0.15, -47
SetColor,240,234,232
CreateMeshBuilder
Cube, 0.2, 0.45, 0.3
LoadTexture,../Wall\mopole1.bmp
SetTextureCoordinates,0  ,0,1
SetTextureCoordinates,1  ,1,1
SetTextureCoordinates,2  ,1,0.65
SetTextureCoordinates,3  ,0,0.65
SetTextureCoordinates,4  ,0,0.65
SetTextureCoordinates,5  ,1,0.65
SetTextureCoordinates,6  ,1,1
SetTextureCoordinates,7  ,0,1
Translate, 9.3, -0.15, -47
SetColor,240,234,232

;POLE_4LINE(FRONT1)
CreateMeshBuilder,
AddVertex,-2.42, 8.8, -0.15
AddVertex,-2.15, 8.8, -0.15
AddVertex,-2.15,-0.2, -0.15
AddVertex,-2.42,-0.2, -0.15
AddFace2,0,1,2,3
LoadTexture,../Pole/Topole4.bmp
SetTextureCoordinates,0  ,0,0
SetTextureCoordinates,1  ,1,0
SetTextureCoordinates,2  ,1,14
SetTextureCoordinates,3  ,0,14
SetDecalTransparentColor,0,0,142,
GenerateNormals,
Translate, -3.5, 0, -47
CreateMeshBuilder,
AddVertex,-2.42,-0.2, 0.15,
AddVertex,-2.42, 8.8, 0.15,
AddVertex,-2.15, 8.8, 0.15,
AddVertex,-2.15,-0.2, 0.15,
AddFace2,0,1,2,3
LoadTexture,../Pole/Topole4.bmp
SetTextureCoordinates,0  ,0,14
SetTextureCoordinates,1  ,0,0
SetTextureCoordinates,2  ,-1,0
SetTextureCoordinates,3  ,-1,14
SetDecalTransparentColor,0,0,142,
GenerateNormals,
Translate, -3.5, 0, -47
;POLE_4LINE(FRONT2)
CreateMeshBuilder,
AddVertex, 5.93, 8.8, -0.15
AddVertex, 6.20, 8.8, -0.15
AddVertex, 6.20,-0.2, -0.15
AddVertex, 5.93,-0.2, -0.15
AddFace2,0,1,2,3
LoadTexture,../Pole/Topole4.bmp
SetTextureCoordinates,0  ,0,0
SetTextureCoordinates,1  ,1,0
SetTextureCoordinates,2  ,1,14
SetTextureCoordinates,3  ,0,14
SetDecalTransparentColor,0,0,142,
GenerateNormals,
Translate,3.2, 0, -47
CreateMeshBuilder,
AddVertex, 5.93, 8.8,  0.15
AddVertex, 6.20, 8.8,  0.15
AddVertex, 6.20,-0.2,  0.15
AddVertex, 5.93,-0.2,  0.15
AddFace2,0,1,2,3
LoadTexture,../Pole/Topole4.bmp
SetTextureCoordinates,0  ,0,0
SetTextureCoordinates,1  ,1,0
SetTextureCoordinates,2  ,1,14
SetTextureCoordinates,3  ,0,14
SetDecalTransparentColor,0,0,142,
GenerateNormals,
Translate,3.2, 0, -47
CreateMeshBuilder
AddVertex,-2.6, 8.0, -0.1
AddVertex,10.2, 8.0, -0.1
AddVertex,10.2, 7.35, -0.1
AddVertex,-2.6, 7.35, -0.1
AddFace2, 0, 1, 2, 3
GenerateNormals
LoadTexture,../Pole/Topole4.bmp
SetTextureCoordinates,0,1,0
SetTextureCoordinates,1,1,12
SetTextureCoordinates,2,0,12
SetTextureCoordinates,3,0,0
SetDecalTransparentColor, 0, 0, 142
Translate, -2.0, -0.2, -47


CreateMeshBuilder,
AddVertex, 9.0, 8.8, -0.1
AddVertex, 12.0, 8.8, -0.1
AddVertex, 12.0, 8.0, -0.1
AddVertex, 9.0, 8.0, -0.1
AddFace2, 0, 1, 2, 3
GenerateNormals
LoadTexture,../Pole/pole_d.bmp
SetTextureCoordinates,0,0,0
SetTextureCoordinates,1,1,0
SetTextureCoordinates,2,1,1
SetTextureCoordinates,3,0,1
Setcolor,200,200,220
SetDecalTransparentColor, 0, 0, 255
Translate, -8.7, -0.2, -47

CreateMeshBuilder,
AddVertex, 5.55, 6.25, 0
AddVertex, 5.55, 8.0, 0
AddVertex,-1.85, 8.0, 0
AddVertex,-1.85, 6.25, 0
AddFace2,3,2,1,0
GenerateNormals
LoadTexture,../Pole/poleA3.bmp
SetTextureCoordinates,0,1,1
SetTextureCoordinates,1,1,0
SetTextureCoordinates,2,0,0
SetTextureCoordinates,3,0,1
SetDecalTransparentColor, 255, 0, 0
Translate,0.0, -0.6, -47,

CreateMeshBuilder
AddVertex,-16.6, 8.0, -0.1
AddVertex,10.2, 8.0, -0.1
AddVertex,10.2, 7.35, -0.1
AddVertex,-16.6, 7.35, -0.1
AddFace2, 0, 1, 2, 3
GenerateNormals
LoadTexture,../Pole/Topole4.bmp
SetTextureCoordinates,0,1,0
SetTextureCoordinates,1,1,22
SetTextureCoordinates,2,0,22
SetTextureCoordinates,3,0,0
SetDecalTransparentColor, 0, 0, 142
Translate, -17.0, -0.2, -47
CreateMeshBuilder
AddVertex,-16.6, 8.0, -0.1
AddVertex,10.2, 8.0, -0.1
AddVertex,10.2, 7.35, -0.1
AddVertex,-16.6, 7.35, -0.1
AddFace2, 0, 1, 2, 3
GenerateNormals
LoadTexture,../Pole/Topole4.bmp
SetTextureCoordinates,0,1,0
SetTextureCoordinates,1,1,22
SetTextureCoordinates,2,0,22
SetTextureCoordinates,3,0,0
SetDecalTransparentColor, 0, 0, 142
Translate, 27.0, -0.2, -47
;
CreateMeshBuilder
Cube, 0.2, 0.45, 0.3
LoadTexture,../Wall\mopole1.bmp
SetTextureCoordinates,0  ,0,1
SetTextureCoordinates,1  ,1,1
SetTextureCoordinates,2  ,1,0.65
SetTextureCoordinates,3  ,0,0.65
SetTextureCoordinates,4  ,0,0.65
SetTextureCoordinates,5  ,1,0.65
SetTextureCoordinates,6  ,1,1
SetTextureCoordinates,7  ,0,1
Translate, -33.7, -0.15, -47
SetColor,240,234,232
CreateMeshBuilder
Cube, 0.2, 0.45, 0.3
LoadTexture,../Wall\mopole1.bmp
SetTextureCoordinates,0  ,0,1
SetTextureCoordinates,1  ,1,1
SetTextureCoordinates,2  ,1,0.65
SetTextureCoordinates,3  ,0,0.65
SetTextureCoordinates,4  ,0,0.65
SetTextureCoordinates,5  ,1,0.65
SetTextureCoordinates,6  ,1,1
SetTextureCoordinates,7  ,0,1
Translate, 37.27, -0.15, -47
SetColor,240,234,232

;POLE_4LINE(FRONT1)
CreateMeshBuilder,
AddVertex,-2.42, 8.8, -0.15
AddVertex,-2.15, 8.8, -0.15
AddVertex,-2.15,-0.2, -0.15
AddVertex,-2.42,-0.2, -0.15
AddFace2,0,1,2,3
LoadTexture,../Pole/Topole4.bmp
SetTextureCoordinates,0  ,0,0
SetTextureCoordinates,1  ,1,0
SetTextureCoordinates,2  ,1,14
SetTextureCoordinates,3  ,0,14
SetDecalTransparentColor,0,0,142,
GenerateNormals,
Translate, -31.4, 0, -47
CreateMeshBuilder,
AddVertex,-2.42,-0.2, 0.15,
AddVertex,-2.42, 8.8, 0.15,
AddVertex,-2.15, 8.8, 0.15,
AddVertex,-2.15,-0.2, 0.15,
AddFace2,0,1,2,3
LoadTexture,../Pole/Topole4.bmp
SetTextureCoordinates,0  ,0,14
SetTextureCoordinates,1  ,0,0
SetTextureCoordinates,2  ,-1,0
SetTextureCoordinates,3  ,-1,14
SetDecalTransparentColor,0,0,142,
GenerateNormals,
Translate, -31.4, 0, -47
;POLE_4LINE(FRONT2)
CreateMeshBuilder,
AddVertex, 5.93, 8.8, -0.15
AddVertex, 6.20, 8.8, -0.15
AddVertex, 6.20,-0.2, -0.15
AddVertex, 5.93,-0.2, -0.15
AddFace2,0,1,2,3
LoadTexture,../Pole/Topole4.bmp
SetTextureCoordinates,0  ,0,0
SetTextureCoordinates,1  ,1,0
SetTextureCoordinates,2  ,1,14
SetTextureCoordinates,3  ,0,14
SetDecalTransparentColor,0,0,142,
GenerateNormals,
Translate,31.2, 0, -47
CreateMeshBuilder,
AddVertex, 5.93, 8.8,  0.15
AddVertex, 6.20, 8.8,  0.15
AddVertex, 6.20,-0.2,  0.15
AddVertex, 5.93,-0.2,  0.15
AddFace2,0,1,2,3
LoadTexture,../Pole/Topole4.bmp
SetTextureCoordinates,0  ,0,0
SetTextureCoordinates,1  ,1,0
SetTextureCoordinates,2  ,1,14
SetTextureCoordinates,3  ,0,14
SetDecalTransparentColor,0,0,142,
GenerateNormals,
Translate,31.2, 0, -47

;

CreateMeshBuilder,
AddVertex,-7.7, 3.5,-50
AddVertex,-10.5, 3.5, -0.3
AddVertex,-10.5,  1.5, -0.3
AddVertex,-7.7,  1.5,-50
AddVertex,-7.85, 1.5,-150
AddVertex,-7.85, 3.5,-150
AddFace2,3,2,1,0
AddFace2,0,3,4,5
GenerateNormals,
Loadtexture,../Wall/EntWall2.bmp
SetTextureCoordinates,0,0,0
SetTextureCoordinates,1,3,0
SetTextureCoordinates,2,3,1
SetTextureCoordinates,3,0,1
SetTextureCoordinates,4,8,1
SetTextureCoordinates,5,8,0
Translate,1.01,-0.84,-84.71

CreateMeshBuilder,
AddVertex, 2.1, 3.5,-50
AddVertex, 3.1, 3.5, -10.3
AddVertex, 3.1,  1.5, -10.3
AddVertex, 2.1,  1.5,-50
AddVertex, 2.0, 1.5,-150
AddVertex, 2.0, 3.5,-150
AddFace2,3,2,1,0
AddFace2,0,3,4,5
GenerateNormals,
Loadtexture,../Wall/EntWall2.bmp
SetTextureCoordinates,0,0,0
SetTextureCoordinates,1,3,0
SetTextureCoordinates,2,3,1
SetTextureCoordinates,3,0,1
SetTextureCoordinates,4,8,1
SetTextureCoordinates,5,8,0
Translate,1.01,-0.84,-84.71

CreateMeshBuilder,
AddVertex,-7.7, 1.5,-50
AddVertex,-10.5, 1.5, -0.3
AddVertex,-10.5, -0.36, -0.3
AddVertex,-7.7, -0.58,-50
AddVertex,-7.85, -1.88,-150
AddVertex,-7.85, 1.5,-150
AddFace2,3,2,1,0
AddFace2,0,3,4,5
GenerateNormals,
Loadtexture,../bridge/Pier.bmp
SetTextureCoordinates,0,0,1
SetTextureCoordinates,1,3,1
SetTextureCoordinates,2,3,0
SetTextureCoordinates,3,0,0
SetTextureCoordinates,4,8,0
SetTextureCoordinates,5,8,1
Translate,1.01,-0.84,-84.71

CreateMeshBuilder,
AddVertex, 2.1, 1.5,-50
AddVertex, 3.1, 1.5, -10.3
AddVertex, 3.1,  -0.36, -10.3
AddVertex, 2.1,  -0.58,-50
AddVertex, 2.0, -1.88,-150
AddVertex, 2.0, 1.5,-150
AddFace2,3,2,1,0
AddFace2,0,3,4,5
GenerateNormals,
Loadtexture,../bridge/Pier.bmp
SetTextureCoordinates,0,0,1
SetTextureCoordinates,1,3,1
SetTextureCoordinates,2,3,0
SetTextureCoordinates,3,0,0
SetTextureCoordinates,4,8,0
SetTextureCoordinates,5,8,1
Translate,1.01,-0.84,-84.71

CreateMeshBuilder,
AddVertex,-2.7,6,-17,
AddVertex,-2.7,6,-10,
AddVertex,-2.7,-0.45,-10,
AddVertex,-2.7,-0.45,-17,
AddFace2,0,1,2,3,
LoadTexture,../sta/nakanoD.bmp
SetTextureCoordinates,0,0.7,0
SetTextureCoordinates,1,0,0
SetTextureCoordinates,2,0,1
SetTextureCoordinates,3,0.7,1
SetDecalTransparentColor,255,255,255,
GenerateNormals,
Translate,29.2,0,0
CreateMeshBuilder,
AddVertex,3.3,6,-15,
AddVertex,-2.7,6,-15,
AddVertex,-2.7,-0.45,-15,
AddVertex,3.3,-0.45,-15,
AddFace2,0,1,2,3,
LoadTexture,../sta/nakanoD.bmp
SetTextureCoordinates,0,1,0
SetTextureCoordinates,1,0,0
SetTextureCoordinates,2,0,1
SetTextureCoordinates,3,1,1
SetDecalTransparentColor,255,255,255,
Setcolor,180,180,180,
GenerateNormals,
Translate,29.2,0,-1.90

CreateMeshBuilder,
AddVertex,-12.7, 4.73, -10,
AddVertex,-12.7, 4.23, -10,
AddVertex,-12.7, 4.23, -17,
AddVertex,-12.7, 4.73, -17,
AddFace2,0,1,2,3,
LoadTexture,RoofA3.bmp
SetTextureCoordinates,0,0,2,
SetTextureCoordinates,1,1,2,
SetTextureCoordinates,2,1,0,
SetTextureCoordinates,3,0,0,
GenerateNormals,
Setcolor,150,150,150
Translate,38.39,1.26
CreateMeshBuilder,
AddVertex,-11.60, 4.72, -10,
AddVertex,-11.60, 4.72, -17,
AddVertex,-12.4, 4.73,-10,
AddVertex,-12.4, 4.73, -17,
AddFace2,0,2,3,1,
LoadTexture,RoofA.bmp,
SetTextureCoordinates,0, 0.7, 3,
SetTextureCoordinates,1, 0.7, 0,
SetTextureCoordinates,2, 1, 3,
SetTextureCoordinates,3, 1, 0,
GenerateNormals,
Translate,38.1,1.26
Setcolor,130,130,130

CreateMeshBuilder,
AddVertex,6.3,6,-21,
AddVertex,2.3,6,-21,
AddVertex,2.3,6,-31,
AddVertex,6.3,6,-31,
AddVertex,6.3,-0.45,-31,
AddVertex,2.3,-0.45,-31,
AddVertex,2.3,-0.45,-21,
AddVertex,6.3,-0.45,-21,
AddFace2,0,1,6,7,
AddFace2,1,2,5,6,
AddFace2,2,3,4,5,
LoadTexture,../sta/nakanoL.bmp
SetTextureCoordinates,0,0,0
SetTextureCoordinates,1,1,0
SetTextureCoordinates,2,2,0
SetTextureCoordinates,3,2.31,0
SetTextureCoordinates,4,2.31,1
SetTextureCoordinates,5,2,1
SetTextureCoordinates,6,1,1
SetTextureCoordinates,7,0,1
SetDecalTransparentColor,255,255,255,
GenerateNormals,
Translate,25.5,0,4

CreateMeshBuilder,
AddVertex,-40.3,0,-10,
AddVertex,38.3,0,-10,
AddVertex,-40.3,0,-41,
AddVertex,38.3,0,-41,
AddVertex,-40.3,-0.5,-91,
AddVertex,38.3,-0.5,-91,
AddVertex,-40.3,-1.1,-138,
AddVertex,38.3,-1.1,-138,
AddFace,0,1,3,2,
AddFace,2,3,5,4,
AddFace,4,5,7,6,
LoadTexture,../rail/ballast_c.bmp
SetTextureCoordinates,0,0,0
SetTextureCoordinates,1,22,0
SetTextureCoordinates,2,0,8
SetTextureCoordinates,3,22,8
SetTextureCoordinates,4,0,16
SetTextureCoordinates,5,22,16
SetTextureCoordinates,6,0,24
SetTextureCoordinates,7,22,24
Setcolor,192,203,245
GenerateNormals,
Translate,0,-0.45,0