CreateMeshBuilder,
AddVertex,-10.0,2.3,25
AddVertex,-2.3,2.3,25
AddVertex,-2.3,1.1,25
AddVertex,-10.0,1.1,25
AddFace2,0,1,2,3
LoadTexture,../sta/saku3A.bmp
SetTextureCoordinates,0, 2, 0,
SetTextureCoordinates,1, 0, 0,
SetTextureCoordinates,2, 0, 1,
SetTextureCoordinates,3, 2, 1,
GenerateNormals,
SetDecalTransparentColor,255,255,255
CreateMeshBuilder,
AddVertex,-16.0,2.3,0
AddVertex, 9.3,2.3,0
AddVertex, 9.3,1.1,0
AddVertex,-16.0,1.1,0
AddFace2,0,1,2,3
LoadTexture,../sta/saku3A.bmp
SetTextureCoordinates,0, 4, 0,
SetTextureCoordinates,1, 0, 0,
SetTextureCoordinates,2, 0, 1,
SetTextureCoordinates,3, 4, 1,
GenerateNormals,
SetDecalTransparentColor,255,255,255
Rotate,0,1,0,90
Translate,-2.3,0,9
CreateMeshBuilder,
AddVertex,-16.0,2.3,0
AddVertex, 9.3,2.3,0
AddVertex, 9.3,1.1,0
AddVertex,-16.0,1.1,0
AddFace2,0,1,2,3
LoadTexture,../sta/saku3A.bmp
SetTextureCoordinates,0, 4, 0,
SetTextureCoordinates,1, 0, 0,
SetTextureCoordinates,2, 0, 1,
SetTextureCoordinates,3, 4, 1,
GenerateNormals,
SetDecalTransparentColor,255,255,255
Rotate,0,1,0,90
Translate,-9.98,0,9

CreateMeshBuilder,
AddVertex, 0.9, 2.1, 0,
AddVertex, 1.4, 2.1, 0,
AddVertex, 1.4, 1.1, 0,
AddVertex, 0.9, 1.1, 0,
AddFace,0,1,2,3
LoadTexture,../sta/saku4.bmp
SetTextureCoordinates,0  ,1,0
SetTextureCoordinates,1  ,0,0
SetTextureCoordinates,2  ,0,1
SetTextureCoordinates,3  ,1,1
GenerateNormals,
Setcolor,200,200,225
SetDecalTransparentColor,0,0,255
Translate,-3.19,0,-0.2
CreateMeshBuilder,
AddVertex, 0.9, 2.1, 0,
AddVertex, 1.4, 2.1, 0,
AddVertex, 1.4, 1.1, 0,
AddVertex, 0.9, 1.1, 0,
AddFace,0,1,2,3
LoadTexture,../sta/saku4.bmp
SetTextureCoordinates,0  ,0,0
SetTextureCoordinates,1  ,1,0
SetTextureCoordinates,2  ,1,1
SetTextureCoordinates,3  ,0,1
GenerateNormals,
Setcolor,200,200,225
SetDecalTransparentColor,0,0,255
Translate,6.5,0,25


CreateMeshBuilder,
AddVertex,-10.0,2.3,25
AddVertex,-2.3,2.3,25
AddVertex,-2.3,1.1,25
AddVertex,-10.0,1.1,25
AddFace2,0,1,2,3
LoadTexture,../sta/saku3A.bmp
SetTextureCoordinates,0, 0, 0,
SetTextureCoordinates,1, 2, 0,
SetTextureCoordinates,2, 2, 1,
SetTextureCoordinates,3, 0, 1,
GenerateNormals,
SetDecalTransparentColor,255,255,255
Translate,17.9

CreateMeshBuilder,
AddVertex,-10.0,2.3,25
AddVertex,-2.0,2.3,25
AddVertex,-2.0,1.1,25
AddVertex,-10.0,1.1,25
AddFace2,0,1,2,3
LoadTexture,../sta/saku3A.bmp
SetTextureCoordinates,0, 2, 0,
SetTextureCoordinates,1, 0, 0,
SetTextureCoordinates,2, 0, 1,
SetTextureCoordinates,3, 2, 1,
GenerateNormals,
SetDecalTransparentColor,255,255,255
Translate,-18.9,0,-60