CreateMeshBuilder,
AddVertex,-1.0, 4.8,  0.0
AddVertex,-1.0, 4.8, 25.2
AddVertex,-8.0, 4.8, 25.2
AddVertex,-8.0, 4.8,  0.0
AddVertex, 8.1, 5.0,  0.0
AddVertex,14.5, 5.0,  0.0
AddVertex,14.5, 5.0, 25.2
AddVertex, 8.1, 5.0, 25.2
AddFace,0,1,2,3
AddFace,4,5,6,7
GenerateNormals,
LoadTexture,toyorf.bmp
SetTextureCoordinates,0,2,0
SetTextureCoordinates,1,2,2
SetTextureCoordinates,2,0,2
SetTextureCoordinates,3,0,0
SetTextureCoordinates,4,2,0
SetTextureCoordinates,5,0,0
SetTextureCoordinates,6,0,2
SetTextureCoordinates,7,2,2

CreateMeshBuilder,
AddVertex,-1.0, 4.8, 25,
AddVertex,-0.4, 6.6, 25,
AddVertex, 3.55, 6.6, 25,
AddVertex, 3.55, 6.6, 0,
AddVertex,-0.4, 6.6, 0,
AddVertex,-1.0, 4.8, 0,
AddFace,5,4,1,0
AddFace,4,3,2,1
LoadTexture,roofB1.bmp,
SetTextureCoordinates,0, -0.3, 0,
SetTextureCoordinates,1, 0, 0,
SetTextureCoordinates,2, 1.1, 0,
SetTextureCoordinates,3, 1.1, 6,
SetTextureCoordinates,4, 0, 6,
SetTextureCoordinates,5, -0.3, 6,
Setcolor,200,200,200
GenerateNormals,

CreateMeshBuilder
AddVertex, 8.1, 4.8, 25
AddVertex, 7.5, 6.6, 25
AddVertex, 3.55, 6.6, 25
AddVertex, 3.55, 6.6, 0
AddVertex, 7.5, 6.6, 0
AddVertex, 8.1, 4.8, 0
AddFace,0,1,4,5
AddFace,1,2,3,4
LoadTexture,roofB1.bmp
SetTextureCoordinates,0, -0.3, 0
SetTextureCoordinates,1, 0, 0
SetTextureCoordinates,2, 1.1, 0
SetTextureCoordinates,3, 1.1, 6
SetTextureCoordinates,4, 0, 6
SetTextureCoordinates,5, -0.3, 6
Setcolor,200,200,200,
GenerateNormals

CreateMeshBuilder,
ADdVertex,-1.8, 4.5, 24.5
AddVertex,-1.6, 4.6, 24.5
AddVertex,-1.6, 4.6, 0.5
AddVertex,-1.8, 4.5, 0.5
ADdVertex, 8.7, 4.6, 24.5
AddVertex, 8.9, 4.5, 24.5
AddVertex, 8.9, 4.5, 0.5
AddVertex, 8.7, 4.6, 0.5
ADdFace,3,2,1,0
Addface,7,6,5,4
LoadTexture,../Wall/WaseRight.bmp
SetTextureCoordinates,0  ,0,1
SetTextureCoordinates,1  ,0,0
SetTextureCoordinates,2  ,3,0
SetTextureCoordinates,3  ,3,1
SetTextureCoordinates,4  ,0,1
SetTextureCoordinates,5  ,0,0
SetTextureCoordinates,6  ,3,0
SetTextureCoordinates,7  ,3,1
GenerateNormals,