CreateMeshBuilder,
AddVertex, 0, 3.7, 2.6,
AddVertex, 0, 3.7, 0,
AddVertex, 3, 3.7, 0,
AddVertex, 3, 3.7, 2.6,
AddVertex, 3, 1.1, 2.6,
AddVertex, 3, 1.1, 0,
AddVertex, 0, 1.1, 0,
AddVertex, 0, 1.1, 2.6,
AddFace,0,1,6,7,
AddFace,1,2,5,6,
AddFace,2,3,4,5,
LoadTexture,../../EDtozai/sta/CV_ez2.bmp
SetTextureCoordinates,0  ,0,0
SetTextureCoordinates,1  ,0.5,0
SetTextureCoordinates,2  ,1,0
SetTextureCoordinates,3  ,1.5,0
SetTextureCoordinates,4  ,1.5,1
SetTextureCoordinates,5  ,1,1
SetTextureCoordinates,6  ,0.5,1
SetTextureCoordinates,7  ,0,1
GenerateNormals,
