CreateMeshBuilder,
AddVertex,-5.65, 6.3,-125,
AddVertex,-15.5, 6.3,-125,
AddVertex,-7.35, 6.3,-100,
AddVertex,-7.35,-1.0,-100,
AddVertex,-15.5,-1.0,-125,
AddVertex,-5.65,-1.0,-125,

AddVertex,9.35, 6.3,-125
AddVertex,15.2, 6.3,-125
AddVertex,11.1, 6.3,-100
AddVertex,11.1,-1.0,-100
AddVertex,15.2,-1.0,-125
AddVertex,9.35,-1.0,-125

AddFace,5,4,1,0,
AddFace,0,2,3,5,
AddFace,6,7,10,11,
AddFace,11,9,8,6,
LoadTexture,../Road/tollgatewall1.bmp
SetTextureCoordinates,0, 0, 0,
SetTextureCoordinates,1, 0.3, 0,
SetTextureCoordinates,2, 1, 0,
SetTextureCoordinates,3, 1, 1,
SetTextureCoordinates,4, 0.3, 1,
SetTextureCoordinates,5, 0, 1,
SetTextureCoordinates,6, 0, 0,
SetTextureCoordinates,7, 0.3, 0,
SetTextureCoordinates,8, 1, 0,
SetTextureCoordinates,9, 1, 1,
SetTextureCoordinates,10, 0.3, 1,
SetTextureCoordinates,11, 0, 1,
Setcolor,71,87,89
GenerateNormals,

CreateMeshBuilder,
AddVertex, -5.65, 0.05, -125,
ADdVertex, -14.5, 0.05,  25,
AddVertex, 18.3, 0.05, 25,
AddVertex, 9.35, 0.05, -120,
AddFace,0,1,2,3,
Setcolor,10,10,10,100
GenerateNormals,

CreateMeshBuilder,
AddVertex,-5.65, 6.3, -125,
ADdVertex,-7.4, 6.3, -100,
AddVertex,11.1, 6.3, -100,
AddVertex,9.35, 6.3, -125,
AddFace,3,2,1,0,
LoadTexture,../rail/Slab4.bmp
SetTextureCoordinates,0, 0, 1,
SetTextureCoordinates,1, 1, 0.2,
SetTextureCoordinates,2, 0, 0.2,
SetTextureCoordinates,3, 1, 1,
GenerateNormals,

CreateMeshBuilder,
AddVertex,-7.35, 6.3, -100,
AddVertex,-14.5,6.3, 25,
AddVertex,-14.5,-1.0,25,
AddVertex,-7.35, -1.0, -100,
AddVertex, 11.1, 6.3, -100,
AddVertex, 18.3,6.3, 25,
AddVertex, 18.3,-1.0,25,
AddVertex, 11.1, -1.0, -100,
ADdFace,0,1,2,3,
ADdFace,7,6,5,4,
GenerateNormals,
Setcolor,11,27,29

CreateMeshBuilder,
AddVertex,-14.5, 6.3, -100,
ADdVertex,-14.5, 6.3, 25,
AddVertex, 18.3, 6.3, 25,
AddVertex, 18.3, 6.3, -100,
AddFace,3,2,1,0,
LoadTexture,../Roof/RoofB.bmp
SetTextureCoordinates,0, 0,-0.1,
SetTextureCoordinates,1, 3,-0.1,
SetTextureCoordinates,2, 3, 0.95,
SetTextureCoordinates,3, 0, 0.95,
GenerateNormals,

CreateMeshBuilder,
ADdVertex,-2.8, 5.5, 24.5
AddVertex,-2.5, 5.6, 24.5
AddVertex,-2.5, 5.6, -100
AddVertex,-2.8, 5.5, -100
ADdVertex, 6.6, 5.5, 24.5
AddVertex, 6.3, 5.6, 24.5
AddVertex, 6.3, 5.6, -100
AddVertex, 6.6, 5.5, -100
ADdFace,3,2,1,0
ADdFace,4,5,6,7,
LoadTexture,../../EDtozai/Wall/WaseRight.bmp
SetTextureCoordinates,0  ,0,1
SetTextureCoordinates,1  ,0,0
SetTextureCoordinates,2  ,12,0
SetTextureCoordinates,3  ,12,1
SetTextureCoordinates,4  ,0,1
SetTextureCoordinates,5  ,0,0
SetTextureCoordinates,6  ,12,0
SetTextureCoordinates,7  ,12,1
GenerateNormals,