CreateMeshBuilder
AddVertex,-1.5, 0.3, 0
AddVertex, 1.5, 0.3, 0
AddVertex, 1.5, 0.0, 0
AddVertex,-1.5, 0.0, 0
AddFace,0,1,2,3
GenerateNormals,
Loadtexture,out.bmp
SetTextureCoordinates,0,0,0
SetTextureCoordinates,1,1,0
SetTextureCoordinates,2,1,1
SetTextureCoordinates,3,0,1

;CreateMeshBuilder,
;AddVertex, 0.0, 0.3, 0.0
;AddVertex, 0.0, 0.3, 0.3
;AddVertex, 0.0, 0.0, 0.3
;AddVertex,-1.5, 0.0, 0.3
;AddVertex,-1.5, 0.0, 0.0
;AddVertex, 0.0, 0.0, 0.0
;AddVertex,-1.5, 0.3, 0.3
;AddVertex,-1.5, 0.3, 0.0
;AddFace,0,1,2,5
;AddFace,2,3,4,5
;AddFace,6,7,4,3
;Setcolor,200,200,200
;GenerateNormals,