;light-door1
CreateMeshBuilder,
AddVertex,-1.415,3.18, -1.82
AddVertex,-1.415,3.18, -2.58
AddVertex,-1.415,1.17, -2.58
AddVertex,-1.415,1.17, -1.82
AddFace,0,1,2,3,
LoadTexture,doorA.png
SetTextureCoordinates,0,0.0,0.0,
SetTextureCoordinates,1,0.5,0.0,
SetTextureCoordinates,2,0.5,1.0,
SetTextureCoordinates,3,0.0,1.0,

SetEmissiveColor,65,65,65,
Translate,0.02,,0.03
;in-door1
CreateMeshBuilder,
AddVertex,-1.415,3.15, -1.82
AddVertex,-1.415,3.15, -2.53
AddVertex,-1.415,1.01, -2.53
AddVertex,-1.415,1.01, -1.82
AddFace,3,2,1,0,
LoadTexture,S904-7200interiorF.png
SetTextureCoordinates,0,0,0.0,
SetTextureCoordinates,1,0.5,0.0,
SetTextureCoordinates,2,0.5,1,
SetTextureCoordinates,3,0,1,
SetEmissiveColor,255,245,235,
Translate,0.02,,0.10

CreateMeshBuilder,
AddVertex,-1.415,3.18, -1.82
AddVertex,-1.415,3.18, -2.58
AddVertex,-1.415,1.17, -2.58
AddVertex,-1.415,1.17, -1.82
AddFace,0,1,2,3,
LoadTexture,doorA.png
SetTextureCoordinates,0,0.0,0.0,
SetTextureCoordinates,1,0.5,0.0,
SetTextureCoordinates,2,0.5,1.0,
SetTextureCoordinates,3,0.0,1.0,
SetEmissiveColor,65,65,65,
Translate,0.02,,-4.85,
;in-door1
CreateMeshBuilder,
AddVertex,-1.415,3.15, -1.82
AddVertex,-1.415,3.15, -2.61
AddVertex,-1.415,1.01, -2.61
AddVertex,-1.415,1.01, -1.82
AddFace,3,2,1,0,
LoadTexture,S904-7200interiorF.png
SetTextureCoordinates,0,0,0.0,
SetTextureCoordinates,1,0.5,0.0,
SetTextureCoordinates,2,0.5,1,
SetTextureCoordinates,3,0,1,
SetEmissiveColor,255,245,235,
Translate,0.02,,-4.65,

CreateMeshBuilder,
AddVertex,-1.415,3.18, -1.82
AddVertex,-1.415,3.18, -2.58
AddVertex,-1.415,1.17, -2.58
AddVertex,-1.415,1.17, -1.82
AddFace,0,1,2,3,
LoadTexture,doorA.png
SetTextureCoordinates,0,0.0,0.0,
SetTextureCoordinates,1,0.5,0.0,
SetTextureCoordinates,2,0.5,1.0,
SetTextureCoordinates,3,0.0,1.0,
SetEmissiveColor,65,65,65,
Translate,0.02,,4.85,
;in-door1
CreateMeshBuilder,
AddVertex,-1.415,3.16, -1.82
AddVertex,-1.415,3.16, -2.59
AddVertex,-1.415,1.01, -2.59
AddVertex,-1.415,1.01, -1.82
AddFace,3,2,1,0,
LoadTexture,S904-7200interiorF.png
SetTextureCoordinates,0,0,0.0,
SetTextureCoordinates,1,0.5,0.0,
SetTextureCoordinates,2,0.5,1,
SetTextureCoordinates,3,0,1,
SetEmissiveColor,255,245,235,
Translate,0.02,,4.95,

CreateMeshBuilder,
AddVertex,-1.415,3.18, -1.82
AddVertex,-1.415,3.18, -2.58
AddVertex,-1.415,1.17, -2.58
AddVertex,-1.415,1.17, -1.82
AddFace,0,1,2,3,
LoadTexture,doorA.png
SetTextureCoordinates,0,0.0,0.0,
SetTextureCoordinates,1,0.5,0.0,
SetTextureCoordinates,2,0.5,1.0,
SetTextureCoordinates,3,0.0,1.0,
SetEmissiveColor,65,65,65,
Translate,0.02,,9.65,
;in-door1
CreateMeshBuilder,
AddVertex,-1.415,3.15, -1.82
AddVertex,-1.415,3.15, -2.60
AddVertex,-1.415,1.01, -2.60
AddVertex,-1.415,1.01, -1.82
AddFace,3,2,1,0,
LoadTexture,S904-7200interiorF.png
SetTextureCoordinates,0,0,0.0,
SetTextureCoordinates,1,0.5,0.0,
SetTextureCoordinates,2,0.5,1,
SetTextureCoordinates,3,0,1,
SetEmissiveColor,255,245,235,
Translate,0.02,,9.79,