CreateMeshBuilder,
AddVertex, 0, 3.7, 2.6,
AddVertex, 0, 3.7, 0,
AddVertex, 3, 3.7, 0,
AddVertex, 3, 3.7, 2.6,
AddVertex, 3, 1.1, 2.6,
AddVertex, 3, 1.1, 0,
AddVertex, 0, 1.1, 0,
AddVertex, 0, 1.1, 2.6,
AddFace2,0,1,6,7,
AddFace2,1,2,5,6,
AddFace2,2,3,4,5,
AddFace2,0,3,4,7,
LoadTexture,../../../EDtozai/sta/CV_ez2.bmp
SetTextureCoordinates,0  ,0,0
SetTextureCoordinates,1  ,1,0
SetTextureCoordinates,2  ,2,0
SetTextureCoordinates,3  ,1,0
SetTextureCoordinates,4  ,1,1
SetTextureCoordinates,5  ,2,1
SetTextureCoordinates,6  ,1,1
SetTextureCoordinates,7  ,0,1
SetEmissiveColor,255,255,255,
GenerateNormals,
