CreateMeshBuilder,
AddVertex, 0.7,-0.2,-1.3
AddVertex, 3.5,-0.2,-1.3
AddVertex, 3.5,-0.2, 4.6
AddVertex, 0.7,-0.2, 4.6
AddFace2,3,2,1,0
GenerateNormals,
Setcolor,20,20,20
SetEmissiveColor,15,15,15,

CreateMeshBuilder,
AddVertex, 0.7,-0.2,4.6
AddVertex, 3.5,-0.2,4.6
AddVertex, 3.5,-0.3,4.6
AddVertex, 0.7,-0.3,4.6
AddFace2,3,2,1,0
Loadtexture,../../Form\boadwall.bmp
Setcolor,250,250,250
SetTextureCoordinates,0,0,5
SetTextureCoordinates,1,0,0
SetTextureCoordinates,2,1,0
SetTextureCoordinates,3,1,5
SetEmissiveColor,115,115,115,
GenerateNormals,

CreateMeshBuilder,
addvertex,0.7, 1.5, 4.6
addvertex,0.7, 1.5,-1.3
addvertex,3.5, 1.5,-1.3
addvertex,3.5, 1.5, 4.6
addvertex,3.5,-0.2, 4.6
addvertex,3.5,-0.2,-1.3
addvertex,0.7,-0.2,-1.3
addvertex,0.7,-0.2, 4.6
addface2,0,1,6,7
addface2,1,2,5,6
addface2,2,3,4,5
loadtexture,../../Form\stairA.bmp
SetTextureCoordinates,0,0,0,
SetTextureCoordinates,1,2,0,
SetTextureCoordinates,2,3,0,
SetTextureCoordinates,3,5,0,
SetTextureCoordinates,4,5,1,
SetTextureCoordinates,5,3,1,
SetTextureCoordinates,6,2,1,
SetTextureCoordinates,7,0,1,
SetEmissiveColor,115,115,115,
GenerateNormals,
Translate,0,-0.5,0