CreateMeshBuilder,
AddVertex, 0, 4.4, 10,
AddVertex, 0, 4.4, 0,
AddVertex, 1, 4.4, 0,
AddVertex, 1, 4.4, 10,
AddVertex, 1, 1.1, 10,
AddVertex, 1, 1.1, 0,
AddVertex, 0, 1.1, 0,
AddVertex, 0, 1.1, 10,
AddFace,0,1,6,7
AddFace,1,2,5,6
AddFace,2,3,4,5,
AddFace,7,4,3,0,
Setcolor,249,241,238
LoadTexture,../nihonwall3.png
SetTextureCoordinates,0  ,0,0
SetTextureCoordinates,1  ,8,0
SetTextureCoordinates,2  ,10,0
SetTextureCoordinates,3  ,2,0
SetTextureCoordinates,4  ,2,1
SetTextureCoordinates,5  ,10,1
SetTextureCoordinates,6  ,8,1
SetTextureCoordinates,7  ,0,1
SetEmissiveColor,115,115,115,
GenerateNormals,

CreateMeshBuilder,
AddVertex, 5, 4.4, 10,
AddVertex, 5, 4.4, 0,
AddVertex, 6, 4.4, 0,
AddVertex, 6, 4.4, 10,
AddVertex, 6, 1.1, 10,
AddVertex, 6, 1.1, 0,
AddVertex, 5, 1.1, 0,
AddVertex, 5, 1.1, 10,
AddFace,0,1,6,7
AddFace,1,2,5,6
AddFace,2,3,4,5,
AddFace,7,4,3,0,
Setcolor,249,241,238
LoadTexture,../nihonwall3.png
SetTextureCoordinates,0  ,0,0
SetTextureCoordinates,1  ,8,0
SetTextureCoordinates,2  ,10,0
SetTextureCoordinates,3  ,2,0
SetTextureCoordinates,4  ,2,1
SetTextureCoordinates,5  ,10,1
SetTextureCoordinates,6  ,8,1
SetTextureCoordinates,7  ,0,1
SetEmissiveColor,115,115,115,
GenerateNormals,

CreateMeshBuilder,
AddVertex, 1, 4.4, 10,
AddVertex, 5, 4.4, 10,
AddVertex, 5, 1.1, 10,
AddVertex, 1, 1.1, 10,
AddFace,3,2,1,0,
Setcolor,249,241,238
LoadTexture,../nihonwall3.png
SetTextureCoordinates,0  ,0,0
SetTextureCoordinates,1  ,3,0
SetTextureCoordinates,2  ,3,1
SetTextureCoordinates,3  ,0,1
SetEmissiveColor,115,115,115,
GenerateNormals,

CreateMeshBuilder,
AddVertex, 1, 4.4, 8.5,
AddVertex, 5, 4.4, 8.5,
AddVertex, 5, 1.1, 2.5,
AddVertex, 1, 1.1, 2.5, 
AddFace2,0,1,2,3
LoadTexture,../stairB.png
SetTextureCoordinates,0,0,0.5,
SetTextureCoordinates,1,1,0.5,
SetTextureCoordinates,2,1,2,
SetTextureCoordinates,3,0,2,
SetEmissiveColor,115,115,115,
GenerateNormals,