CreateMeshBuilder,
AddVertex, 2.7, 4.4, 0,
AddVertex, 3.5, 4.4, 0,
AddVertex, 3.5, 1.1, 0,
AddVertex, 2.7, 1.1, 0,

AddVertex, 9.7, 4.4, 10,
AddVertex, 9.7, 4.4, 0,
AddVertex, 10.5, 4.4, 0,
AddVertex, 10.5, 1.1, 0,
AddVertex, 9.7, 1.1, 0,
AddVertex, 9.7, 1.1, 10,
AddFace2,0,1,2,3
AddFace2,4,5,8,9
AddFace2,5,6,7,8
Setcolor,220,220,210,
LoadTexture,../nihonwall3.png
SetTextureCoordinates,0  ,0,0
SetTextureCoordinates,1  ,2,0
SetTextureCoordinates,2  ,2,1
SetTextureCoordinates,3  ,0,1
SetTextureCoordinates,4  ,0,0
SetTextureCoordinates,5  ,5,0
SetTextureCoordinates,6  ,7,0
SetTextureCoordinates,7  ,7,1
SetTextureCoordinates,8  ,5,1
SetTextureCoordinates,9  ,0,1
SetEmissiveColor,115,115,115,
GenerateNormals,

CreateMeshBuilder,
AddVertex, 3.5, 4.4, 0,
AddVertex, 3.5, 4.4, 10,
AddVertex, 3.5, 1.1, 10,
AddVertex, 3.5, 1.1, 0,
AddFace2,0,1,2,3
Setcolor,220,220,210,
LoadTexture,../nihonwall3.png
SetTextureCoordinates,0  ,0,0
SetTextureCoordinates,1  ,5,0
SetTextureCoordinates,2  ,5,1
SetTextureCoordinates,3  ,0,1
SetEmissiveColor,115,115,115,
GenerateNormals,


CreateMeshBuilder,
AddVertex, 3.5, 10.4, 20.5,
AddVertex, 9.7, 10.4, 20.5,
AddVertex, 9.7, 1.1, 0.5,
AddVertex, 3.5, 1.1, 0.5, 
AddFace2,0,1,2,3
LoadTexture,../stairB.png,
SetTextureCoordinates,0,0,0,
SetTextureCoordinates,1,1,0,
SetTextureCoordinates,2,1,3,
SetTextureCoordinates,3,0,3,
GenerateNormals,
SetEmissiveColor,115,115,115,