CreateMeshBuilder,
AddVertex,-5.65, 6.3,-125,
AddVertex,-15.5, 6.3,-125,
AddVertex,-7.35, 6.3,-100,
AddVertex,-7.35,-1.0,-100,
AddVertex,-15.5,-1.0,-125,
AddVertex,-5.65,-1.0,-125,

AddVertex,9.35, 6.3,-125
AddVertex,15.2, 6.3,-125
AddVertex,11.1, 6.3,-100
AddVertex,11.1,-1.0,-100
AddVertex,15.2,-1.0,-125
AddVertex,9.35,-1.0,-125

AddFace2,5,4,1,0,
AddFace2,0,2,3,5,
AddFace2,6,7,10,11,
AddFace2,11,9,8,6,
LoadTexture,../../Road/tollgatewall1.bmp
SetTextureCoordinates,0, 1, 1,
SetTextureCoordinates,1, 1, 0,
SetTextureCoordinates,2, 1, 1,
SetTextureCoordinates,3, 0, 1,
SetTextureCoordinates,4, 0, 0,
SetTextureCoordinates,5, 0, 1,
SetTextureCoordinates,6, 1, 1,
SetTextureCoordinates,7, 1, 0,
SetTextureCoordinates,8, 1, 1,
SetTextureCoordinates,9, 0, 1,
SetTextureCoordinates,10, 0, 0,
SetTextureCoordinates,11, 0, 1,
Setcolor,71,87,89
GenerateNormals,

CreateMeshBuilder,
AddVertex,-5.65, 6.3, -125,
ADdVertex,-7.4, 6.3, -100,
AddVertex,11.1, 6.3, -100,
AddVertex,9.35, 6.3, -125,
AddFace,3,2,1,0,
LoadTexture,../../rail/Slab4.bmp
SetTextureCoordinates,0, 1,0,
SetTextureCoordinates,1, 0,0.5,
SetTextureCoordinates,2, 1,0.5,
SetTextureCoordinates,3, 0,0,
GenerateNormals,

CreateMeshBuilder,
AddVertex,-7.35, 6.3, -100,
AddVertex,-14.5,6.3, 25,
AddVertex,-14.5,-1.0,25,
AddVertex,-7.35, -1.0, -100,
AddVertex, 11.1, 6.3, -100,
AddVertex, 18.3,6.3, 25,
AddVertex, 18.3,-1.0,25,
AddVertex, 11.1, -1.0, -100,
ADdFace2,0,1,2,3,
ADdFace2,7,6,5,4,
LoadTexture,../../Road/tollgatewall1.bmp
SetTextureCoordinates,0, 1,0.2,
SetTextureCoordinates,1, 1,1,
SetTextureCoordinates,2, 0,1,
SetTextureCoordinates,3, 0,0.2,
SetTextureCoordinates,4, 1,0.2,
SetTextureCoordinates,5, 1,1,
SetTextureCoordinates,6, 0,1,
SetTextureCoordinates,7, 0,0.2,
GenerateNormals,
Setcolor,71,87,89
SetEmissiveColor,21,27,29,


CreateMeshBuilder,
AddVertex,-14.5, 6.3, -100,
ADdVertex,-14.5, 6.3, 25,
AddVertex, 18.3, 6.3, 25,
AddVertex, 18.3, 6.3, -100,
AddFace,3,2,1,0,
LoadTexture,../../Roof/RoofB.bmp
SetTextureCoordinates,0, 0,-0.1,
SetTextureCoordinates,1, 3,-0.1,
SetTextureCoordinates,2, 3, 0.95,
SetTextureCoordinates,3, 0, 0.95,
GenerateNormals,
SetEmissiveColor,255,255,255,


CreateMeshBuilder,
ADdVertex,-2.8, 5.5, 20.5
AddVertex,-2.5, 5.6, 20.5
AddVertex,-2.5, 5.6, -100
AddVertex,-2.8, 5.5, -100

ADdVertex,10.8, 5.5, 20.5
AddVertex,10.5, 5.6, 20.5
AddVertex,10.5, 5.6, -100
AddVertex,10.8, 5.5, -100

ADdVertex, 7.6, 5.5, 20.5
AddVertex, 7.3, 5.6, 20.5
AddVertex, 7.3, 5.6, -100
AddVertex, 7.6, 5.5, -100

ADdVertex,-6.6, 5.5, 20.5
AddVertex,-6.3, 5.6, 20.5
AddVertex,-6.3, 5.6, -100
AddVertex,-6.6, 5.5, -100
ADdFace2,3,2,1,0
ADdFace2,4,5,6,7,
ADdFace2,8,9,10,11
ADdFace2,12,13,14,15,
LoadTexture,../../../EDtozai/Wall/WaseRight.bmp
SetTextureCoordinates,0  ,0,1
SetTextureCoordinates,1  ,0,0
SetTextureCoordinates,2  ,12,0
SetTextureCoordinates,3  ,12,1
SetTextureCoordinates,4  ,0,1
SetTextureCoordinates,5  ,0,0
SetTextureCoordinates,6  ,12,0
SetTextureCoordinates,7  ,12,1
SetTextureCoordinates,8  ,0,1
SetTextureCoordinates,9  ,0,0
SetTextureCoordinates,10  ,12,0
SetTextureCoordinates,11  ,12,1
SetTextureCoordinates,12  ,0,1
SetTextureCoordinates,13  ,0,0
SetTextureCoordinates,14  ,12,0
SetTextureCoordinates,15  ,12,1
GenerateNormals,
SetEmissiveColor,255,255,255,
SetBlendMode,Additive,

CreateMeshBuilder,
AddVertex,-20, 0.003, -105,
AddVertex,20, 0.003, -105,
AddVertex,20, 0.003, -100,
AddVertex,-25, 0.003, -100
AddFace2,0,1,2,3
Setcolor,80,80,80,20,
SetEmissiveColor,80,80,80,
CreateMeshBuilder,
AddVertex,-20, 0.003, -110,
AddVertex,20, 0.003, -110,
AddVertex,20, 0.003, -105,
AddVertex,-25, 0.003, -105
AddFace2,0,1,2,3
Setcolor,60,60,60,30,
SetEmissiveColor,40,40,40,
CreateMeshBuilder,
AddVertex,-20, 0.003, -115,
AddVertex,20, 0.003, -115,
AddVertex,20, 0.003, -110,
AddVertex,-25, 0.003, -110
AddFace2,0,1,2,3
Setcolor,40,40,40,50,
SetEmissiveColor,20,20,20,
CreateMeshBuilder,
AddVertex,-20, 0.003, -120,
AddVertex,20, 0.003, -120,
AddVertex,20, 0.003, -115,
AddVertex,-25, 0.003, -115
AddFace2,0,1,2,3
Setcolor,20,20,20,80,
SetEmissiveColor,10,10,10,
CreateMeshBuilder,
AddVertex,-20, -0.403, -125,
AddVertex,-20, 0.003, -125,
AddVertex,-20, 0.003, -120
AddVertex,20, 0.003, -120,
AddVertex,20, 0.003, -125,
AddVertex,20, -0.403, -125,
AddFace2,0,1,4,5
AddFace2,1,2,3,4
Setcolor,0,0,0,90,
SetEmissiveColor,0,0,0,