CreateMeshBuilder,
AddVertex,-1.5, 1.1, 0,
AddVertex,-1.5, 1.1, 25.1,
AddVertex,-2.7, 1.1, 25.1,
AddVertex,-2.7, 1.1, 0,
AddFace2,3, 2, 1, 0,
GenerateNormals,
LoadTexture,../../Form\TformA.bmp,
SetTextureCoordinates,0, 0, 1,
SetTextureCoordinates,1, 0, 0,
SetTextureCoordinates,2, 1, 0,
SetTextureCoordinates,3, 1, 1,
SetEmissiveColor,115,115,115,

CreateMeshBuilder,
AddVertex,-1.5, -0.45, 0,
AddVertex,-1.5, -0.45, 25.1,
AddVertex,-1.5, 1.1, 25.1,
AddVertex,-1.5, 1.1, 0,
AddFace2,3, 2, 1, 0,
GenerateNormals,
LoadTexture,../..\..\EDtozai\Form\FormWallB.bmp,
SetTextureCoordinates,0, 0, 1,
SetTextureCoordinates,1, 4, 1,
SetTextureCoordinates,2, 4, 0,
SetTextureCoordinates,3, 0, 0,
Setcolor,200,200,180
SetEmissiveColor,115,115,115,

CreateMeshBuilder,
AddVertex,-1.5, -0.45, 0,
AddVertex,-1.5, 1.1, 0,
AddVertex,-2.7, 1.1, 0,
AddVertex,-2.7, -0.45, 0,
AddFace2,3, 2, 1, 0,
GenerateNormals,
LoadTexture,../..\..\EDtozai\Form\FormWallB.bmp,
SetTextureCoordinates,0, 0, 1,
SetTextureCoordinates,1, 0, 0,
SetTextureCoordinates,2, 1, 0,
SetTextureCoordinates,3, 1, 1,
Setcolor,140,130,120
SetEmissiveColor,115,115,115,