CreateMeshBuilder,
AddVertex,-9.2, 1.1, -75,
AddVertex,-9.2, 1.1, 0,
AddVertex,-3.0, 1.1, 0,
AddVertex,-3.0, 1.1, -75,
AddFace2,0, 1, 2, 3,
GenerateNormals,
LoadTexture,../../Form\FormE.bmp
SetTextureCoordinates,0, 4, 42,
SetTextureCoordinates,1, 4, 0,
SetTextureCoordinates,2, 0, 0,
SetTextureCoordinates,3, 0, 42,


CreateMeshBuilder,
AddVertex,-1.5, 1.1, -75,
AddVertex,-1.5, 1.1, 0,
AddVertex,-3.0, 1.1, 0,
AddVertex,-3.0, 1.1, -75,
AddFace2,3, 2, 1, 0,
GenerateNormals,
LoadTexture,../(U)FormG.png,
SetTextureCoordinates,0, 0, 36,
SetTextureCoordinates,1, 0, 0,
SetTextureCoordinates,2, 1, 0,
SetTextureCoordinates,3, 1, 36,

CreateMeshBuilder,
AddVertex,-2.1, -0.45, -75,
AddVertex,-2.1, 0.7, -75,
AddVertex,-1.5, 0.9, -75,
AddVertex,-1.5, 1.1, -75,
AddVertex,-1.5, 1.1, 0,
AddVertex,-1.5, 0.9, 0,
AddVertex,-2.1, 0.7, 0,
AddVertex,-2.1, -0.45, 0,
AddFace2,0,1,6,7,
AddFace2,1,2,5,6,
AddFace2,2,3,4,5,
GenerateNormals,
LoadTexture,../FormWallC.png,
SetTextureCoordinates,0, 15, 1,
SetTextureCoordinates,1, 15, 0.2,
SetTextureCoordinates,2, 15, 0.15,
SetTextureCoordinates,3, 15, 0,
SetTextureCoordinates,4, 0, 0,
SetTextureCoordinates,5, 0, 0.15,
SetTextureCoordinates,6, 0, 0.2,
SetTextureCoordinates,7, 0, 1,

CreateMeshBuilder,
AddVertex,-2.1, -0.45, -75,
AddVertex,-2.1, 0.7, -75,
AddVertex,-1.5, 0.9, -75,
AddVertex,-3.0, 0.9, -75,
AddVertex,-3.0, -0.45, -75,
AddFace2,0,1,3,4,
AddFace2,1,2,3,
Setcolor,30,30,30,
GenerateNormals,

CreateMeshBuilder,
AddVertex,-1.5, 0.9, -75,
AddVertex,-1.5, 1.1, -75,
AddVertex,-3.0, 1.1, -75,
AddVertex,-3.0, 0.9, -75,
AddFace,3,2,1,0,
GenerateNormals,
LoadTexture,../FormWallB.png,
SetTextureCoordinates,0, 0.5, .1,
SetTextureCoordinates,1, 0.5, 0,
SetTextureCoordinates,2, 0.7, 0,
SetTextureCoordinates,3, 0.7, .1,
SetEmissiveColor,75,75,45

CreateMeshBuilder,
AddVertex,-9.2, 1.1, -75,
AddVertex,-9.2, 4.7, -75,
AddVertex,-9.2, 4.7, 5,
AddVertex,-9.2, 1.1, 5,
AddFace2,0,1,2,3,
Loadtexture,../../Wall\sueWall2.bmp
SetTextureCoordinates,0, 0, 1,
SetTextureCoordinates,1, 0, 0,
SetTextureCoordinates,2, 3, 0,
SetTextureCoordinates,3, 3, 1,
GenerateNormals,
Setcolor,220,220,220

CreateMeshBuilder,
AddVertex,-2.6, 4.7, -75
AddVertex,-9.2, 4.7, -75
AddVertex,-9.2, 4.7, 5.0
AddVertex,-2.6, 4.7, 5.0
AddFace2,3,2,1,0
LoadTexture,../../../EDtozai/Roof1/MzRoof1.bmp
SetTextureCoordinates,0, 0, 1,
SetTextureCoordinates,1, 0, 0,
SetTextureCoordinates,2, 35, 0,
SetTextureCoordinates,3, 35, 1,
GenerateNormals,

CreateMeshBuilder,
AddVertex,-9.2, 5.6, -75
AddVertex,-2.6, 5.6, -75
AddVertex,-2.6, 5.6, 5.0
AddVertex,-2.6, 4.7, 5.0
AddVertex,-2.6, 4.7, -75
AddVertex,-9.2, 4.7, -75
AddFace2,0,1,4,5
AddFace2,1,2,3,4
LoadTexture,../../../EDtozai/Wall/bordwall_A.bmp,
SetTextureCoordinates,0,0,0,
SetTextureCoordinates,1,1,0,
SetTextureCoordinates,2,3,0,
SetTextureCoordinates,3,3,1,
SetTextureCoordinates,4,1,1,
SetTextureCoordinates,5,0,1,
GenerateNormals,

CreateMeshBuilder,
AddVertex,12.6, 5.6, -75
AddVertex,-2.6, 5.6, -75
AddVertex,-2.6, 5.6, 5.0
AddVertex,12.6, 5.6, 5.0
AddFace2,3,2,1,0
LoadTexture,../../../EDtozai/Wall/bordwall_A.bmp,
SetTextureCoordinates,0, 0, 3,
SetTextureCoordinates,1, 0, 0,
SetTextureCoordinates,2, 3, 0,
SetTextureCoordinates,3, 3, 3,
GenerateNormals,

CreateMeshBuilder,
AddVertex,-2.9, 4.7, -75
AddVertex,-4.1, 4.7, -25
AddVertex,-2.6, 4.7, 0
AddVertex,-2.6, 1.1, 0
AddVertex,-4.1, 1.1, -25
AddVertex,-2.9, 1.1, -75
AddFace2,0,1,4,5
AddFace2,1,2,3,4
LoadTexture,../../Road\anzen_23.bmp
SetTextureCoordinates,0, 0, 0,
SetTextureCoordinates,1, 14, 0,
SetTextureCoordinates,2, 21, 0,
SetTextureCoordinates,3, 21, 1,
SetTextureCoordinates,4, 14, 1,
SetTextureCoordinates,5, 0, 1,
GenerateNormals,
SetDecalTransparentColor,0,0,128

CreateMeshBuilder,
AddVertex,-9.2,4.7,+5.0
AddVertex,-2.7,4.7,+5.0
AddVertex,-2.7,1.1,-0.0,
AddVertex,-9.2,1.1,-0.0,
AddFace,0,1,2,3,
LoadTexture,../ballast_c.png
SetTextureCoordinates,0, 0, 2,
SetTextureCoordinates,1, 0, 0,
SetTextureCoordinates,2, 1, 0,
SetTextureCoordinates,3, 1, 2,
Setcolor,175,185,195,
CreateMeshBuilder,
AddVertex,-9.2,3.3,+3.0
AddVertex,-2.7,3.3,+3.0
AddVertex,-2.9,1.1,-5.0,
AddVertex,-9.2,1.1,-5.0,
AddFace,0,1,2,3,
LoadTexture,../ballast_c.png
SetTextureCoordinates,0, 0, 2,
SetTextureCoordinates,1, 0, 0,
SetTextureCoordinates,2, 1.5, 0,
SetTextureCoordinates,3, 1.5, 2,
Setcolor,175,185,195,








;left------------------------



CreateMeshBuilder
AddVertex,1.5, 1.1, -75
AddVertex,1.5, 1.1, 0
AddVertex,3, 1.1, 0
AddVertex,3, 1.1, -75
AddFace2,0,1,2,3
GenerateNormals
LoadTexture,../(U)FormG.png
SetTextureCoordinates,0, 0, 36
SetTextureCoordinates,1, 0, 0
SetTextureCoordinates,2, 1, 0
SetTextureCoordinates,3, 1, 36
Translate,4.2,0,0

CreateMeshBuilder
AddVertex,2.1, -0.45, -75
AddVertex,2.1, 0.7, -75
AddVertex,1.5, 0.9, -75
AddVertex,1.5, 1.1, -75
AddVertex,1.5, 1.1, 0
AddVertex,1.5, 0.9, 0
AddVertex,2.1, 0.7, 0
AddVertex,2.1, -0.45, 0
AddFace2,7,6,1,0
AddFace2,6,5,2,1
AddFace2,5,4,3,2
GenerateNormals
LoadTexture,../FormWallC.png
SetTextureCoordinates,0, 15, 1
SetTextureCoordinates,1, 15, 0.2
SetTextureCoordinates,2, 15, 0.15
SetTextureCoordinates,3, 15, 0
SetTextureCoordinates,4, 0, 0
SetTextureCoordinates,5, 0, 0.15
SetTextureCoordinates,6, 0, 0.2
SetTextureCoordinates,7, 0, 1
Translate,4.2,0,0

CreateMeshBuilder
AddVertex,2.1, -0.45, -75
AddVertex,2.1, 0.7, -75
AddVertex,1.5, 0.9, -75
AddVertex,3, 0.9, -75
AddVertex,3, -0.45, -75
AddFace2,4,3,1,0
AddFace2,3,2,1
Setcolor,30,30,30
GenerateNormals
Translate,4.2,0,0

CreateMeshBuilder
AddVertex,1.5, 0.9, -75
AddVertex,1.5, 1.1, -75
AddVertex,3, 1.1, -75
AddVertex,3, 0.9, -75
AddFace2,3,2,1,0
GenerateNormals
LoadTexture,../FormWallB.png
SetTextureCoordinates,0, 0.5, .1
SetTextureCoordinates,1, 0.5, 0
SetTextureCoordinates,2, 0.7, 0
SetTextureCoordinates,3, 0.7, .1
SetEmissiveColor,75,75,45
Translate,4.2,0,0

CreateMeshBuilder,
AddVertex,9.2,4.7,+5.0
AddVertex,2.7,4.7,+5.0
AddVertex,2.7,1.1,-0.0,
AddVertex,9.2,1.1,-0.0,
AddFace2,3,2,1,0,
LoadTexture,../ballast_c.png
SetTextureCoordinates,0, 0, 2,
SetTextureCoordinates,1, 0, 0,
SetTextureCoordinates,2, 1, 0,
SetTextureCoordinates,3, 1, 2,
Setcolor,175,185,195,
Translate,4.2,0,0
CreateMeshBuilder,
AddVertex,9.2,3.3,+3.0
AddVertex,2.7,3.3,+3.0
AddVertex,2.7,1.1,-5.0,
AddVertex,9.2,1.1,-5.0,
AddFace2,3,2,1,0,
LoadTexture,../ballast_c.png
SetTextureCoordinates,0, 0, 2,
SetTextureCoordinates,1, 0, 0,
SetTextureCoordinates,2, 1.5, 0,
SetTextureCoordinates,3, 1.5, 2,
Setcolor,175,185,195,
Translate,4.2,0,0