CreateMeshBuilder,
AddVertex,2.4, 6.2, 25
AddVertex,2.4, 6.2, 0
AddVertex,2.4,-0.0, 0
AddVertex,2.4,-0.0, 25
AddFace,0,1,2,3
LoadTexture,../../../EDtozai/Wall7A.bmp
SetColor,255,255,245
SetTextureCoordinates,0, 0, 0,
SetTextureCoordinates,1, 1, 0,
SetTextureCoordinates,2, 1, 1,
SetTextureCoordinates,3, 0, 1,
SetEmissiveColor,65,65,60,
GenerateNormals,

CreateMeshBuilder,
AddVertex,1.9, 1.3, -0.3
AddVertex,1.3, 1.3, -0.3
AddVertex,1.3, -0.1, -0.3
AddVertex,1.9, -0.1, -0.3
AddVertex,1.9, 1.3, 0.7
AddVertex,1.3, 1.3, 0.7
AddVertex,1.3, -0.1, 0.7
AddVertex,1.9, -0.1, 0.7
AddFace,3,2,1,0,
AddFace,4,5,6,7
LoadTexture,../../signal/postbox1.bmp
SetTextureCoordinates,0,  1,0,
SetTextureCoordinates,1,  0,0,
SetTextureCoordinates,2,  0,1,
SetTextureCoordinates,3,  1,1,
SetTextureCoordinates,4,  1,0,
SetTextureCoordinates,5,  0,0,
SetTextureCoordinates,6,  0,1,
SetTextureCoordinates,7,  1,1,
GenerateNormals,
Setcolor,100,100,100
SetDecalTransparentColor,0,0,255,
Translate,0.3,0.4,3
CreateMeshBuilder,
AddVertex,1.9, 1.3, 0.7
AddVertex,1.9, 1.3, -0.3
AddVertex,1.9, -0.1, -0.3
AddVertex,1.9, -0.1, 0.7
AddFace2,0,1,2,3
LoadTexture,../../signal/postbox2.bmp
SetTextureCoordinates,0,  0,0,
SetTextureCoordinates,1,  1,0,
SetTextureCoordinates,2,  1,1,
SetTextureCoordinates,3,  0,1,
GenerateNormals,
Setcolor,100,100,100
Translate,0.3,0.4,3
CreateMeshBuilder,
AddVertex,1.3, 1.3, 0.7
AddVertex,1.3, 1.3, -0.3
AddVertex,1.3, -0.1, -0.3
AddVertex,1.3, -0.1, 0.7
AddFace2,0,1,2,3
LoadTexture,../../signal/postbox2.bmp
SetTextureCoordinates,0,  0,0,
SetTextureCoordinates,1,  1,0,
SetTextureCoordinates,2,  1,1,
SetTextureCoordinates,3,  0,1,
GenerateNormals,
Setcolor,100,100,100
Translate,0.3,0.4,3
CreateMeshBuilder,
AddVertex,1.9, 1.30, 0.7
AddVertex,1.6, 1.35, 0.7
AddVertex,1.3, 1.30, 0.7
AddVertex,1.3, 1.30, -0.3
AddVertex,1.6, 1.35, -0.3
AddVertex,1.9, 1.30, -0.3
AddFace2,0,1,4,5,
AddFace2,1,2,3,4,
AddFace2,5,4,3
LoadTexture,../../signal/postbox2.bmp
SetTextureCoordinates,0,  0.1,0.1,
SetTextureCoordinates,1,  0.2,0.1,
SetTextureCoordinates,2,  0.2,0.2,
SetTextureCoordinates,3,  0.1,0.2,
GenerateNormals,
Setcolor,100,100,100
Translate,0.3,0.4,3

;;;;;;;;;;;;;;;;;;;;;;;;;
CreateMeshBuilder,
AddVertex,1.9, 1.3, -0.3
AddVertex,1.3, 1.3, -0.3
AddVertex,1.3, -0.1, -0.3
AddVertex,1.9, -0.1, -0.3
AddVertex,1.9, 1.3, 0.7
AddVertex,1.3, 1.3, 0.7
AddVertex,1.3, -0.1, 0.7
AddVertex,1.9, -0.1, 0.7
AddFace,3,2,1,0,
AddFace,4,5,6,7
LoadTexture,../../signal/postbox1.bmp
SetTextureCoordinates,0,  0,0,
SetTextureCoordinates,1,  1,0,
SetTextureCoordinates,2,  1,1,
SetTextureCoordinates,3,  0,1,
SetTextureCoordinates,4,  0,0,
SetTextureCoordinates,5,  1,0,
SetTextureCoordinates,6,  1,1,
SetTextureCoordinates,7,  0,1,
GenerateNormals,
Setcolor,70,70,70
SetDecalTransparentColor,0,0,255,
Translate,0.4,,6
CreateMeshBuilder,
AddVertex,1.9, 1.3, 0.7
AddVertex,1.9, 1.3, -0.3
AddVertex,1.9, -0.1, -0.3
AddVertex,1.9, -0.1, 0.7
AddFace2,0,1,2,3
LoadTexture,../../signal/postbox2.bmp
SetTextureCoordinates,0,  0,0,
SetTextureCoordinates,1,  1,0,
SetTextureCoordinates,2,  1,1,
SetTextureCoordinates,3,  0,1,
GenerateNormals,
Setcolor,70,70,70
Translate,0.4,,6
CreateMeshBuilder,
AddVertex,1.3, 1.3, 0.7
AddVertex,1.3, 1.3, -0.3
AddVertex,1.3, -0.1, -0.3
AddVertex,1.3, -0.1, 0.7
AddFace2,0,1,2,3
LoadTexture,../../signal/postbox2.bmp
SetTextureCoordinates,0,  0,0,
SetTextureCoordinates,1,  1,0,
SetTextureCoordinates,2,  1,1,
SetTextureCoordinates,3,  0,1,
GenerateNormals,
Setcolor,70,70,70
Translate,0.4,0,6
CreateMeshBuilder,
AddVertex,1.9, 1.30, 0.7
AddVertex,1.6, 1.35, 0.7
AddVertex,1.3, 1.30, 0.7
AddVertex,1.3, 1.30, -0.3
AddVertex,1.6, 1.35, -0.3
AddVertex,1.9, 1.30, -0.3
AddFace2,0,1,4,5,
AddFace2,1,2,3,4,
AddFace2,5,4,3
LoadTexture,../../signal/postbox2.bmp
SetTextureCoordinates,0,  0.1,0.1,
SetTextureCoordinates,1,  0.2,0.1,
SetTextureCoordinates,2,  0.2,0.2,
SetTextureCoordinates,3,  0.1,0.2,
GenerateNormals,
Setcolor,70,70,70
Translate,0.4,0,6
;;;;;;;;;;;;;;;;;;;;;;;;;;;;;;

CreateMeshBuilder,
AddVertex,1.0,0.3,+0.0
AddVertex,2.4,0.3,+0.0
AddVertex,2.4,0.3,+25
AddVertex,1.0,0.3,+25
AddFace,3,2,1,0
LoadTexture,../../../EDtozai/Wall7A.bmp
SetColor,138,138,128
SetTextureCoordinates,0, 1, 0.5
SetTextureCoordinates,1, 1, 1
SetTextureCoordinates,2, 0, 1
SetTextureCoordinates,3, 0, 0.5
GenerateNormals,
SetEmissiveColor,65,65,60,

CreateMeshBuilder,
AddVertex,2.38, 4.4,  11.8
AddVertex,2.38, 4.4,  13.8
AddVertex,2.33, 4.4,  11.8
AddVertex,2.33, 4.4,  13.8
AddVertex,2.38, 4.35, 11.8
AddVertex,2.38, 4.35, 13.8
AddVertex,2.33, 4.35, 11.8
AddVertex,2.33, 4.35, 13.8
AddFace2,4,6,2,0
AddFace2,6,7,3,2
AddFace2,2,3,1,0
AddFace2,4,5,7,6
SetColor,254,254,254
GenerateNormals,
Translate,0,0.4

CreateMeshBuilder
AddVertex,2.6, 3.4, 0
AddVertex,2.6, 3.4, 25.12
AddVertex,2.5, 3.4, 25.12
AddVertex,2.5, 2.0, 25.12
AddVertex,2.5, 2.0, 0
AddVertex,2.5, 3.4, 0
AddFace,5,2,1,0
AddFace,4,3,2,5
Loadtexture,../../../EDtozai/Wall8.bmp
SetTextureCoordinates,0,  0,0
SetTextureCoordinates,1,  0,1
SetTextureCoordinates,2,  0.1,1
SetTextureCoordinates,3,  1,1
SetTextureCoordinates,4,  1,0
SetTextureCoordinates,5,  0.1,0
Translate,-0.2,-0.6,0
SetEmissiveColor,65,65,60,