CreateMeshBuilder,
AddVertex,-0.95, -0.134, -82
AddVertex,-0.95, -5.134, 25
AddVertex,0.95, -5.134, 25
AddVertex,0.95, -0.134, -82
AddFace,0, 1, 2, 3
GenerateNormals
LoadTexture,../../EDtozai\Rail/tie_c2.bmp
SetTextureCoordinates,0,0.095,32
SetTextureCoordinates,1,0.095,0
SetTextureCoordinates,2,0.85,0
SetTextureCoordinates,3,0.85,32
Translate,-0.08,,

CreateMeshBuilder,
AddVertex,-0.95, -0.134, -82
AddVertex,-0.95, -5.134, 25
AddVertex,0.95, -5.134, 25
AddVertex,0.95, -0.134, -82
AddFace,0, 1, 2, 3
GenerateNormals
Setcolor,190,190,180
LoadTexture,../../EDtozai\Rail/tie_c2.bmp
SetTextureCoordinates,0,0.095,32
SetTextureCoordinates,1,0.095,0
SetTextureCoordinates,2,0.85,0
SetTextureCoordinates,3,0.85,32
Translate,3.6,,

CreateMeshBuilder,,,,
AddVertex, 6.35,-0.145,-82,
AddVertex,-2.5,-0.145,-82,
AddVertex,-2.5,-5.146,25,
AddVertex, 6.35,-5.146,25,
AddFace,0,1,2,3
GenerateNormals,,,,
Setcolor,190,190,180
LoadTexture,../../EDtozai\Rail/ballast_c.bmp
SetTextureCoordinates,0,3,10,
SetTextureCoordinates,1,0,10,
SetTextureCoordinates,2,0,0,
SetTextureCoordinates,3,3,0,
Translate,,,

CreateMeshBuilder,
AddVertex,-0.602, 0, -82
AddVertex,-0.602, -5, 25.5
AddVertex,-0.534, -5, 25.5
AddVertex,-0.534, 0, -82
AddFace,0, 1, 2, 3
Setcolor,180,180,180
LoadTexture,Railb.bmp
SetTextureCoordinates,0,0,0,
SetTextureCoordinates,1,0,4,
SetTextureCoordinates,2,1,4,
SetTextureCoordinates,3,1,0,
GenerateNormals,
Translate,-0.08,,

CreateMeshBuilder,
AddVertex,0.534, 0, -82
AddVertex,0.534, -5, 25.5
AddVertex,0.602, -5, 25.5
AddVertex,0.602, 0, -82
AddFace,0, 1, 2, 3
Setcolor,180,180,180
LoadTexture,Railb.bmp
SetTextureCoordinates,0,1,0,
SetTextureCoordinates,1,1,4,
SetTextureCoordinates,2,0,4,
SetTextureCoordinates,3,0,0,
GenerateNormals
Translate,-0.08,,

CreateMeshBuilder,
AddVertex,-0.602, 0, -82
AddVertex,-0.602, -5, 25.5
AddVertex,-0.534, -5, 25.5
AddVertex,-0.534, 0, -82
AddFace,0, 1, 2, 3
Setcolor,180,180,180
LoadTexture,Railb.bmp
SetTextureCoordinates,0,0,0,
SetTextureCoordinates,1,0,4,
SetTextureCoordinates,2,1,4,
SetTextureCoordinates,3,1,0,
GenerateNormals
translate,3.6,,

CreateMeshBuilder,
AddVertex,0.534, 0, -82
AddVertex,0.534, -5, 25.5
AddVertex,0.602, -5, 25.5
AddVertex,0.602, 0, -82
AddFace,0, 1, 2, 3
Setcolor,180,180,180
LoadTexture,Railb.bmp
SetTextureCoordinates,0,1,0,
SetTextureCoordinates,1,1,4,
SetTextureCoordinates,2,0,4,
SetTextureCoordinates,3,0,0,
GenerateNormals
Translate,3.6,,

CreateMeshBuilder,
AddVertex,-0.012, 5.1, -82,
AddVertex,-0.012, -3.1, 25.2,
AddVertex,-0.024, -3.1, 25.2,
AddVertex,-0.024, 5.1, -82,
AddFace,0,1,2,3,
SetColor,48,40,32,
Translate,-0.08,,
GenerateNormals,

CreateMeshBuilder,
AddVertex,-0.012, 5.7, -82,
AddVertex,-0.012, -3.7, 25.2,
AddVertex,-0.024, -3.7, 25.2,
AddVertex,-0.024, 5.7, -82,
AddFace,0,1,2,3,
SetColor,48,40,32,
Translate,-0.08,,
GenerateNormals,

CreateMeshBuilder,
AddVertex,0.012, 5.1, -82,
AddVertex,0.012, -3.1, 25.2,
AddVertex,0.024, -3.1, 25.2,
AddVertex,0.024, 5.1, -82,
AddFace,3,2,1,0,
SetColor,48,40,32,
Translate,-0.08,,
GenerateNormals,

CreateMeshBuilder,
AddVertex,0.012, 5.7, -82,
AddVertex,0.012, -3.7, 25.2,
AddVertex,0.024, -3.7, 25.2,
AddVertex,0.024, 5.7, -82,
AddFace,3,2,1,0,
SetColor,48,40,32,
Translate,-0.08,,
GenerateNormals,


CreateMeshBuilder,
AddVertex,-0.012, 5.1, -82,
AddVertex,-0.012, -3.1, 25.2,
AddVertex,-0.024, -3.1, 25.2,
AddVertex,-0.024, 5.1, -82,
AddFace,0,1,2,3,
SetColor,48,40,32,
Translate,3.6,,
GenerateNormals,

CreateMeshBuilder,
AddVertex,-0.012, 5.7, -82,
AddVertex,-0.012, -3.7, 25.2,
AddVertex,-0.024, -3.7, 25.2,
AddVertex,-0.024, 5.7, -82,
AddFace,0,1,2,3,
SetColor,48,40,32,
Translate,3.6,,
GenerateNormals,

CreateMeshBuilder,
AddVertex,0.012, 5.1, -82,
AddVertex,0.012, -3.1, 25.2,
AddVertex,0.024, -3.1, 25.2,
AddVertex,0.024, 5.1, -82,
AddFace,3,2,1,0,
SetColor,48,40,32,
Translate,3.6,,
GenerateNormals,

CreateMeshBuilder,
AddVertex,0.012, 5.7, -82,
AddVertex,0.012, -3.7, 25.2,
AddVertex,0.024, -3.7, 25.2,
AddVertex,0.024, 5.7, -82,
AddFace,3,2,1,0,
SetColor,48,40,32,
Translate,3.6,,
GenerateNormals,

CreateMeshBuilder,
AddVertex,-0.568,-0.01,-82,
AddVertex,-0.568,-5.01,25.5,
AddVertex,-0.568,-5.13,25.5,
AddVertex,-0.568,-0.13,-82,
AddVertex, 0.568,-0.01,-82,
AddVertex, 0.568,-5.01,25.5,
AddVertex, 0.568,-5.13,25.5,
AddVertex, 0.568,-0.13,-82,
AddFace2,0,1,2,3
AddFace2,4,5,6,7
SetColor,80,51,37
Translate,3.6,
GenerateNormals,

CreateMeshBuilder,
AddVertex,-0.568,-0.01,-82,
AddVertex,-0.568,-5.01,25.5,
AddVertex,-0.568,-5.13,25.5,
AddVertex,-0.568,-0.13,-82,
AddVertex, 0.568,-0.01,-82,
AddVertex, 0.568,-5.01,25.5,
AddVertex, 0.568,-5.13,25.5,
AddVertex, 0.568,-0.13,-82,
AddFace2,0,1,2,3
AddFace2,4,5,6,7
SetColor,80,51,37
Translate,-0.08,
GenerateNormals,

CreateMeshBuilder
AddVertex,3.01,11.0,-82
AddVertex,3,11.0,25
AddVertex,3, 9.5,25
AddVertex,2, 9.5,25
AddVertex,2, 2.5,25
AddVertex,2.01, 2.5,-82
AddVertex,2.01, 9.5,-82
AddVertex,3.01, 9.5,-82
AddFace2,7,2,1,0
AddFace2,6,3,2,7
AddFace2,6,5,4,3
Loadtexture,../../Con3.bmp
SetTextureCoordinates,0,0,0
SetTextureCoordinates,1,2.0,0
SetTextureCoordinates,2,2.0,0.5
SetTextureCoordinates,3,2.0,1
SetTextureCoordinates,4,2.0,2
SetTextureCoordinates,5,0,2
SetTextureCoordinates,6,0,1
SetTextureCoordinates,7,0,0.5
GenerateNormals,
Translate,3.95,-9,

CreateMeshBuilder,
AddVertex,-3.01,11.0,-82
AddVertex,-3.0,11.0,25
AddVertex,-3.0, 9.5,25
AddVertex,-2.0, 9.5,25
AddVertex,-2.0, 0.5,25
AddVertex,-2.01, 0.5,-82
AddVertex,-2.01, 9.5,-82
AddVertex,-3.01, 9.5,-82
AddFace2,7,2,1,0,
AddFace2,6,3,2,7,
AddFace2,6,5,4,3,
Loadtexture,../../Con3.bmp
SetTextureCoordinates,0,0,0
SetTextureCoordinates,1,2.0,0
SetTextureCoordinates,2,2.0,0.5
SetTextureCoordinates,3,2.0,1
SetTextureCoordinates,4,2.0,2
SetTextureCoordinates,5,0,2
SetTextureCoordinates,6,0,1
SetTextureCoordinates,7,0,0.5
GenerateNormals,
Translate,-0.5,-9,

CreateMeshBuilder,
Addvertex,-2.5, -1.05, -82,
AddVertex,-2.5, -1.05, 25,
AddVertex,-250, -1.05, 0,
AddVertex,-250, -1.05, -136,
AddFace,3,2,1,0,
LoadTexture,../../bg1.bmp
SetTextureCoordinates,0, 0, 0,
SetTextureCoordinates,1, 4, 0,
SetTextureCoordinates,2, 4, 10,
SetTextureCoordinates,3, 0, 10,
GenerateNormals,

CreateMeshBuilder,
Addvertex,6.0, -1.05, -82,
AddVertex,6.0, -1.05, 25,
AddVertex,250, -1.05, 25,
AddVertex,250, -1.05, -82,
AddFace,0,1,2,3,
LoadTexture,../../bg1.bmp
SetTextureCoordinates,0, 0, 0,
SetTextureCoordinates,1, 4, 0,
SetTextureCoordinates,2, 4, 10,
SetTextureCoordinates,3, 0, 10,
GenerateNormals,
