CreateMeshBuilder,,,,
AddVertex,-0.95,-0.01,0,
AddVertex,-0.95,-0.01,6,
AddVertex,0.95,-0.01,6,
AddVertex,0.95,-0.01,0,
AddFace,0,1,2,3
GenerateNormals,,,,
LoadTexture,CrossingA.bmp,,,
SetTextureCoordinates,0,0,1,
SetTextureCoordinates,1,0,0,
SetTextureCoordinates,2,1,0,
SetTextureCoordinates,3,1,1,
,,,,
CreateMeshBuilder,,,,
AddVertex,-1.9,-0.01,0,
AddVertex,-1.9,-0.01,6,
AddVertex,-0.95,-0.01,6,
AddVertex,-0.95,-0.01,0,
AddFace,0,1,2,3
GenerateNormals,,,,
LoadTexture,../Con2.bmp,,,
SetTextureCoordinates,0,0,1,
SetTextureCoordinates,1,0,0,
SetTextureCoordinates,2,1,0,
SetTextureCoordinates,3,1,1,

CreateMeshBuilder,,,,
AddVertex,0.95,-0.01,0,
AddVertex,0.95,-0.01,6,
AddVertex,1.9,-0.01,6,
AddVertex,1.9,-0.01,0,
AddFace,0,1,2,3
GenerateNormals,,,,
LoadTexture,../Con2.bmp,,,
SetTextureCoordinates,0,0,1,
SetTextureCoordinates,1,0,0,
SetTextureCoordinates,2,1,0,
SetTextureCoordinates,3,1,1,

CreateMeshBuilder,,,,
AddVertex,-1.9,-0.45,0,
AddVertex,-1.9,-0.01,0,
AddVertex,1.9,-0.01,0,
AddVertex,1.9,-0.45,0,
AddFace,0,1,2,3
SetColor,228,229,222,
GenerateNormals,,,,
LoadTexture,../Con2.bmp,,,
SetTextureCoordinates,0,0,1,
SetTextureCoordinates,1,0,0,
SetTextureCoordinates,2,1,0,
SetTextureCoordinates,3,1,1,