CreateMeshBuilder,
AddVertex,-1.52,-0.054, 25
AddVertex, 1.52,-0.054, 25,
AddVertex, 1.52,-0.254, 25,
AddVertex, 1.52,-0.254, 0
AddVertex, 1.52,-0.054, 0
AddVertex,-1.52,-0.054, 0
AddFace,0,1,4,5,
AddFace,1,2,3,4,
LoadTexture,railM_a.bmp
SetTextureCoordinates,0, -0.2, 5,
SetTextureCoordinates,1,  1.2, 5,
SetTextureCoordinates,2,  1.22, 5,
SetTextureCoordinates,3,  1.22, 0,
SetTextureCoordinates,4,  1.2, 0,
SetTextureCoordinates,5, -0.2, 0,
GenerateNormals,

CreateMeshBuilder,
AddVertex,-2.52,-0.26, 0
AddVertex, 6.32,-0.26, 0
AddVertex, 6.32,-0.26, 25
AddVertex,-2.52,-0.26, 25
AddFace,3,2,1,0,
LoadTexture,Slab2.bmp
SetTextureCoordinates,0, 0, 0,
SetTextureCoordinates,1, 12, 0,
SetTextureCoordinates,2, 12, 5,
SetTextureCoordinates,3, 0, 5,
;Setcolor,190,190,190
GenerateNormals,

CreateMeshBuilder,
AddVertex, 2.32,-0.254,25
AddVertex, 2.32,-0.054,25
AddVertex, 5.36,-0.054,25,
AddVertex, 5.36,-0.054, 0
AddVertex, 2.32,-0.054, 0
AddVertex, 2.32,-0.254, 0
AddFace,0,1,4,5,
AddFace,1,2,3,4,
LoadTexture,railM_a.bmp
SetTextureCoordinates,0, -0.22, 0,
SetTextureCoordinates,1, -0.2, 0,
SetTextureCoordinates,2,  1.2, 0,
SetTextureCoordinates,3,  1.2, 5,
SetTextureCoordinates,4, -0.2, 5,
SetTextureCoordinates,5, -0.22, 5,
GenerateNormals,

CreateMeshBuilder,
AddVertex,-0.602, 0, 0
AddVertex,-0.602, 0, 25
AddVertex,-0.534, 0, 25
AddVertex,-0.534, 0, 0
AddFace,0, 1, 2, 3
Setcolor,200,200,200
LoadTexture,Railb.bmp
SetTextureCoordinates,0,0,0,
SetTextureCoordinates,1,0,1,
SetTextureCoordinates,2,1,1,
SetTextureCoordinates,3,1,0,
GenerateNormals,
CreateMeshBuilder,
AddVertex,0.534, 0, 0
AddVertex,0.534, 0, 25
AddVertex,0.602, 0, 25
AddVertex,0.602, 0, 0
AddFace,0, 1, 2, 3
Setcolor,200,200,200
LoadTexture,Railb.bmp
SetTextureCoordinates,0,1,0,
SetTextureCoordinates,1,1,1,
SetTextureCoordinates,2,0,1,
SetTextureCoordinates,3,0,0,
GenerateNormals,
CreateMeshBuilder,
AddVertex,-0.568,-0.01,0.00,
AddVertex,-0.568,-0.01,25.5,
AddVertex,-0.568,-0.13,25.5,
AddVertex,-0.568,-0.13,0.00,
AddVertex, 0.568,-0.01,0.00,
AddVertex, 0.568,-0.01,25.5,
AddVertex, 0.568,-0.13,25.5,
AddVertex, 0.568,-0.13,0.00,
AddFace2,0,1,2,3
AddFace2,4,5,6,7
SetColor,80,51,37
GenerateNormals,

CreateMeshBuilder,
AddVertex,-0.012, 5.1, 0,
AddVertex,-0.012, 5.1, 25,
AddVertex,-0.024, 5.1, 25,
AddVertex,-0.024, 5.1, 0,
AddFace2,0,1,2,3,
SetColor,48,40,32,
GenerateNormals,
CreateMeshBuilder,
AddVertex,-0.012, 5.7, 0,
AddVertex,-0.012, 5.7, 25,
AddVertex,-0.024, 5.7, 25,
AddVertex,-0.024, 5.7, 0,
AddFace2,0,1,2,3,
SetColor,48,40,32,
GenerateNormals,

CreateMeshBuilder,
AddVertex,-0.602, 0, 0
AddVertex,-0.602, 0, 25
AddVertex,-0.534, 0, 25
AddVertex,-0.534, 0, 0
AddFace2,0, 1, 2, 3
Setcolor,200,200,200
LoadTexture,Railb.bmp
SetTextureCoordinates,0,0,0,
SetTextureCoordinates,1,0,1,
SetTextureCoordinates,2,1,1,
SetTextureCoordinates,3,1,0,
Translate,3.8
GenerateNormals,
CreateMeshBuilder,
AddVertex,0.534, 0, 0
AddVertex,0.534, 0, 25
AddVertex,0.602, 0, 25
AddVertex,0.602, 0, 0
AddFace2,0, 1, 2, 3
Setcolor,200,200,200
LoadTexture,Railb.bmp
SetTextureCoordinates,0,1,0,
SetTextureCoordinates,1,1,1,
SetTextureCoordinates,2,0,1,
SetTextureCoordinates,3,0,0,
Translate,3.8
GenerateNormals,
CreateMeshBuilder,
AddVertex,-0.568,-0.01,0.00,
AddVertex,-0.568,-0.01,25.5,
AddVertex,-0.568,-0.13,25.5,
AddVertex,-0.568,-0.13,0.00,
AddVertex, 0.568,-0.01,0.00,
AddVertex, 0.568,-0.01,25.5,
AddVertex, 0.568,-0.13,25.5,
AddVertex, 0.568,-0.13,0.00,
AddFace2,0,1,2,3
AddFace2,4,5,6,7
SetColor,80,51,37
Translate,3.8
GenerateNormals,

CreateMeshBuilder,
AddVertex,-0.012, 5.1, 0,
AddVertex,-0.012, 5.1, 25,
AddVertex,-0.024, 5.1, 25,
AddVertex,-0.024, 5.1, 0,
AddFace2,0,1,2,3,
SetColor,48,40,32,
Translate,3.8
GenerateNormals,
CreateMeshBuilder,
AddVertex,-0.012, 5.7, 0,
AddVertex,-0.012, 5.7, 25,
AddVertex,-0.024, 5.7, 25,
AddVertex,-0.024, 5.7, 0,
AddFace2,0,1,2,3,
SetColor,48,40,32,
Translate,3.8
GenerateNormals,