
CreateMeshBuilder
AddVertex,-0.95,-0.124,25.5
AddVertex,0.95,-0.124,25.5
AddVertex,0.6726135,-0.124,19.125
AddVertex,-1.227386,-0.124,19.125
AddVertex,-1.319771,-0.124,12.75
AddVertex,0.580229,-0.124,12.75
AddVertex,0.6726135,-0.124,6.375
AddVertex,-1.227386,-0.124,6.375
AddVertex,-0.95,-0.124,0
AddVertex,0.95,-0.124,0
AddFace,0,1,2,3
AddFace,3,2,5,4
AddFace,4,5,6,7
AddFace,7,6,9,8
SetColor,48,48,42,

LoadTexture,Slab.bmp
SetTextureCoordinates,0,0,0
SetTextureCoordinates,1,1,0
SetTextureCoordinates,2,1,4.8
SetTextureCoordinates,3,0,4.8
SetTextureCoordinates,4,0,0
SetTextureCoordinates,5,1,0
SetTextureCoordinates,6,1,4.8
SetTextureCoordinates,7,0,4.8
SetTextureCoordinates,8,0,0
SetTextureCoordinates,9,1,0
GenerateNormals

CreateMeshBuilder
AddVertex,-1.9,-0.3,25.5
AddVertex,-0.95,-0.3,25.5
AddVertex,-1.227386,-0.3,19.125
AddVertex,-2.177387,-0.3,19.125
AddVertex,-2.269771,-0.3,12.75
AddVertex,-1.227386,-0.3,12.75
AddVertex,-1.227386,-0.3,6.375
AddVertex,-2.177387,-0.3,6.375
AddVertex,-1.9,-0.3,0
AddVertex,-0.95,-0.3,0

AddFace,0,1,2,3
AddFace,3,2,5,4
AddFace,4,5,6,7
AddFace,7,6,9,8
SetColor,48,48,42,

LoadTexture,Slab2.bmp
SetTextureCoordinates,0,0,0
SetTextureCoordinates,1,1,0
SetTextureCoordinates,2,1,4.8
SetTextureCoordinates,3,0,4.8
SetTextureCoordinates,4,0,0
SetTextureCoordinates,5,1,0
SetTextureCoordinates,6,1,4.8
SetTextureCoordinates,7,0,4.8
SetTextureCoordinates,8,0,0
SetTextureCoordinates,9,1,0
GenerateNormals

CreateMeshBuilder
AddVertex,1.9,-0.3,25.5
AddVertex,0.95,-0.3,25.5
AddVertex,0.6726135,-0.3,19.125
AddVertex,1.622613,-0.3,19.125
AddVertex,1.530229,-0.3,12.75
AddVertex,0.580229,-0.3,12.75
AddVertex,0.6726135,-0.3,6.375
AddVertex,1.622613,-0.3,6.375
AddVertex,1.9,-0.3,0
AddVertex,0.95,-0.3,0

AddFace,3,2,1,0
AddFace,4,5,2,3
AddFace,7,6,5,4
AddFace,8,9,6,7
SetColor,48,48,42,

LoadTexture,Slab2.bmp
SetTextureCoordinates,0,0,0
SetTextureCoordinates,1,1,0
SetTextureCoordinates,2,1,4
SetTextureCoordinates,3,0,4
SetTextureCoordinates,4,0,0
SetTextureCoordinates,5,1,0
SetTextureCoordinates,6,1,4
SetTextureCoordinates,7,0,4
SetTextureCoordinates,8,0,0
SetTextureCoordinates,9,1,0
GenerateNormals

CreateMeshBuilder
AddVertex,-0.95,-0.144,25.5
AddVertex,-0.95,-0.3,25.5
AddVertex,-1.227386,-0.3,19.125
AddVertex,-1.227386,-0.144,19.125
AddVertex,-1.319771,-0.144,12.75
AddVertex,-1.227386,-0.3,12.75
AddVertex,-1.227386,-0.3,6.375
AddVertex,-1.227386,-0.144,6.375
AddVertex,-0.95,-0.144,0
AddVertex,-0.95,-0.3,0

AddFace,3,2,1,0
AddFace,4,5,2,3
AddFace,7,6,5,4
AddFace,8,9,6,7
SetColor,48,48,42,

LoadTexture,Slab2.bmp
SetTextureCoordinates,0,0,0
SetTextureCoordinates,1,1,0
SetTextureCoordinates,2,1,4
SetTextureCoordinates,3,0,4
SetTextureCoordinates,4,0,0
SetTextureCoordinates,5,1,0
SetTextureCoordinates,6,1,4
SetTextureCoordinates,7,0,4
SetTextureCoordinates,8,0,0
SetTextureCoordinates,9,1,0
GenerateNormals

CreateMeshBuilder
AddVertex,0.95,-0.144,25.5
AddVertex,0.95,-0.3,25.5
AddVertex,0.6726135,-0.3,19.125
AddVertex,0.6726135,-0.144,19.125
AddVertex,0.580229,-0.144,12.75
AddVertex,0.580229,-0.3,12.75
AddVertex,0.6726135,-0.3,6.375
AddVertex,0.6726135,-0.144,6.375
AddVertex,0.95,-0.144,0
AddVertex,0.95,-0.3,0

AddFace,0,1,2,3
AddFace,3,2,5,4
AddFace,4,5,6,7
AddFace,7,6,9,8
SetColor,48,48,42,

LoadTexture,Slab2.bmp
SetTextureCoordinates,0,0,0
SetTextureCoordinates,1,1,0
SetTextureCoordinates,2,1,4
SetTextureCoordinates,3,0,4
SetTextureCoordinates,4,0,0
SetTextureCoordinates,5,1,0
SetTextureCoordinates,6,1,4
SetTextureCoordinates,7,0,4
SetTextureCoordinates,8,0,0
SetTextureCoordinates,9,1,0
GenerateNormals

CreateMeshBuilder
AddVertex,-0.602,0,25.5
AddVertex,-0.534,0,25.5
AddVertex,-0.8113865,0,19.125
AddVertex,-0.8793865,0,19.125
AddVertex,-0.971771,0,12.75
AddVertex,-0.903771,0,12.75
AddVertex,-0.8113865,0,6.375
AddVertex,-0.8793865,0,6.375
AddVertex,-0.602,0,0
AddVertex,-0.534,0,0

AddFace,0,1,2,3
AddFace,3,2,5,4
AddFace,4,5,6,7
AddFace,7,6,9,8

Setcolor,155,155,155
Loadtexture,Rail1.bmp
SetTextureCoordinates,0,0,0
SetTextureCoordinates,1,1,0
SetTextureCoordinates,2,1,0
SetTextureCoordinates,3,0,0
SetTextureCoordinates,4,0,0
SetTextureCoordinates,5,1,0
SetTextureCoordinates,6,1,1
SetTextureCoordinates,7,0,1
SetTextureCoordinates,8,0,1
SetTextureCoordinates,9,1,1
GenerateNormals

CreateMeshBuilder
AddVertex,0.602,0,25.5
AddVertex,0.534,0,25.5
AddVertex,0.2566135,0,19.125
AddVertex,0.3246135,0,19.125
AddVertex,0.232229,0,12.75
AddVertex,0.164229,0,12.75
AddVertex,0.2566135,0,6.375
AddVertex,0.3246135,0,6.375
AddVertex,0.602,0,0
AddVertex,0.534,0,0

AddFace,3,2,1,0
AddFace,4,5,2,3
AddFace,7,6,5,4
AddFace,8,9,6,7

Setcolor,155,155,155
Loadtexture,Rail1.bmp
SetTextureCoordinates,0,0,0
SetTextureCoordinates,1,1,0
SetTextureCoordinates,2,1,0
SetTextureCoordinates,3,0,0
SetTextureCoordinates,4,0,0
SetTextureCoordinates,5,1,0
SetTextureCoordinates,6,1,1
SetTextureCoordinates,7,0,1
SetTextureCoordinates,8,0,1
SetTextureCoordinates,9,1,1
GenerateNormals

CreateMeshBuilder,
AddVertex,-0.012, 5.1, 0,
AddVertex,-0.012, 5.1, 25.2,
AddVertex,-0.024, 5.1, 25.2,
AddVertex,-0.024, 5.1, 0,
AddFace,0,1,2,3,
SetColor,48,40,32,

GenerateNormals,

CreateMeshBuilder,
AddVertex,-0.012, 5.7, 0,
AddVertex,-0.012, 5.7, 25.2,
AddVertex,-0.024, 5.7, 25.2,
AddVertex,-0.024, 5.7, 0,
AddFace,0,1,2,3,
SetColor,48,40,32,

GenerateNormals,

CreateMeshBuilder,
AddVertex,-0.18, 5.7,  4.167,
AddVertex,-0.12, 5.76, 4.167,
AddVertex,-0.06, 5.7,  4.167,
AddVertex,-0.12, 5.64, 4.167,
AddFace,0,1,2,3,
SetColor,48,40,32,

GenerateNormals,

CreateMeshBuilder,
AddVertex,-0.18, 5.7,  12.5,
AddVertex,-0.12, 5.76, 12.5,
AddVertex,-0.06, 5.7,  12.5,
AddVertex,-0.12, 5.64, 12.5,
AddFace,0,1,2,3,
SetColor,48,40,32,

GenerateNormals,

CreateMeshBuilder,
AddVertex,-0.18, 5.7,  20.833,
AddVertex,-0.12, 5.76, 20.833,
AddVertex,-0.06, 5.7,  20.833,
AddVertex,-0.12, 5.64, 20.833,
AddFace,0,1,2,3,
SetColor,48,40,32,

GenerateNormals,

CreateMeshBuilder,
AddVertex,0.012, 5.1, 0,
AddVertex,0.012, 5.1, 25.2,
AddVertex,0.024, 5.1, 25.2,
AddVertex,0.024, 5.1, 0,
AddFace,3,2,1,0,
SetColor,48,40,32,

GenerateNormals,

CreateMeshBuilder,
AddVertex,0.012, 5.7, 0,
AddVertex,0.012, 5.7, 25.2,
AddVertex,0.024, 5.7, 25.2,
AddVertex,0.024, 5.7, 0,
AddFace,3,2,1,0,
SetColor,48,40,32,

GenerateNormals,

CreateMeshBuilder,
AddVertex,0.18, 5.7,  4.167,
AddVertex,0.12, 5.76, 4.167,
AddVertex,0.06, 5.7,  4.167,
AddVertex,0.12, 5.64, 4.167,
AddFace,3,2,1,0,
SetColor,48,40,32,

GenerateNormals,

CreateMeshBuilder,
AddVertex,0.18, 5.7,  12.5,
AddVertex,0.12, 5.76, 12.5,
AddVertex,0.06, 5.7,  12.5,
AddVertex,0.12, 5.64, 12.5,
AddFace,3,2,1,0,
SetColor,48,40,32,

GenerateNormals,

CreateMeshBuilder,
AddVertex,0.18, 5.7,  20.833,
AddVertex,0.12, 5.76, 20.833,
AddVertex,0.06, 5.7,  20.833,
AddVertex,0.12, 5.64, 20.833,
AddFace,3,2,1,0,
SetColor,48,40,32,
GenerateNormals,

