CreateMeshBuilder,
AddVertex,-0.95,-0.144,0
AddVertex,-0.95,-0.144,15.0
AddVertex, 0.95,-0.144,15.0
AddVertex, 0.95,-0.144,0
AddFace,0,1,2,3,
LoadTexture,../../EDtozai\Rail/tie_c1.bmp
SetTextureCoordinates,0,0.095,4
SetTextureCoordinates,1,0.095,0
SetTextureCoordinates,2,0.85,0
SetTextureCoordinates,3,0.85,4
GenerateNormals,

CreateMeshBuilder,
AddVertex,-2.5,-0.450,0
AddVertex,-2.5,-0.450,15.0
AddVertex,-0.95,-0.144,15.0
AddVertex,-0.95,-0.144,0
AddFace,0,1,2,3,
Setcolor,170,180,190
LoadTexture,../../EDtozai\Rail/ballast_c.bmp
SetTextureCoordinates,0,0,1.2,
SetTextureCoordinates,1,0,0,
SetTextureCoordinates,2,1.5,0,
SetTextureCoordinates,3,1.5,1.2,
GenerateNormals,

CreateMeshBuilder,
AddVertex,0.95,-0.144,0
AddVertex,0.95,-0.144,15.0
AddVertex, 2.5,-0.450,15.0
AddVertex, 2.5,-0.450,0
AddFace,0,1,2,3,
Setcolor,200,210,220
LoadTexture,../../EDtozai\Rail/ballast_c.bmp
SetTextureCoordinates,0,1.5,1.2,
SetTextureCoordinates,1,1.5,0,
SetTextureCoordinates,2,0,0,
SetTextureCoordinates,3,0,1.2,
GenerateNormals,

CreateMeshBuilder,
AddVertex,-0.602, 0, 0
AddVertex,-0.602, 0, 11
AddVertex,-0.534, 0, 11
AddVertex,-0.534, 0, 0
AddFace,0, 1, 2, 3
LoadTexture,Railb.bmp
SetTextureCoordinates,0,0,0,
SetTextureCoordinates,1,0,1,
SetTextureCoordinates,2,1,1,
SetTextureCoordinates,3,1,0,
SetColor,150,121,107
GenerateNormals

CreateMeshBuilder,
AddVertex,0.534, 0, 0
AddVertex,0.534, 0, 11
AddVertex,0.602, 0, 11
AddVertex,0.602, 0, 0
AddFace,0, 1, 2, 3
LoadTexture,Railb.bmp
SetTextureCoordinates,0,0,0,
SetTextureCoordinates,1,0,1,
SetTextureCoordinates,2,1,1,
SetTextureCoordinates,3,1,0,
SetColor,150,121,107
GenerateNormals

CreateMeshBuilder,
AddVertex,-0.568,-0.01,0,
AddVertex,-0.568,-0.01,11,
AddVertex,-0.568,-0.13,11,
AddVertex,-0.568,-0.13,0,
AddVertex, 0.568,-0.01,0,
AddVertex, 0.568,-0.01,11,
AddVertex, 0.568,-0.13,11,
AddVertex, 0.568,-0.13,0,
AddFace2,0,1,2,3
AddFace2,4,5,6,7
SetColor,80,51,37
GenerateNormals,

CreateMeshBuilder,
AddVertex,-0.3,1.6,11,
AddVertex, 0.3,1.6,11,
AddVertex, 0.3,1.0,11,
AddVertex,-0.3,1.0,11,
AddFace,0,1,2,3,
LoadTexture,../../EDtozai/Rail/Stopper0.bmp,
SetTextureCoordinates,0,0,0,
SetTextureCoordinates,1,1,0,
SetTextureCoordinates,2,1,1,
SetTextureCoordinates,3,0,1,
GenerateNormals,

CreateMeshBuilder,
AddVertex,-1.3, 1.10, 11.30,
AddVertex,-1.3, 1.10, 11.05,
AddVertex,-1.3,-0.144, 11.05,
AddVertex,-1.3,-0.144, 11.30,
AddFace,0,1,2,3,
SetColor,48,24,16
GenerateNormals,

CreateMeshBuilder,
AddVertex,-1.3, 1.10, 11.05,
AddVertex, 1.3, 1.10, 11.05,
AddVertex, 1.3,-0.144, 11.05,
AddVertex,-1.3,-0.144, 11.05,
AddFace,0,1,2,3,
LoadTexture,Stopper1.bmp,
SetTextureCoordinates,0,0,0,
SetTextureCoordinates,1,1,0,
SetTextureCoordinates,2,1,2,
SetTextureCoordinates,3,0,2,
GenerateNormals,