CreateMeshBuilder,
AddVertex,-1.8, 1.3, 0
AddVertex, 1.5, 1.3, 0
AddVertex, 1.5,-0.4, 0
AddVertex,-1.8,-0.4, 0
ADdFace,0,1,2,3
LoadTexture,../../car\car_D.bmp
SetTextureCoordinates,0,0,0,
SetTextureCoordinates,1,1,0,
SetTextureCoordinates,2,1,1,
SetTextureCoordinates,3,0,1,
GenerateNormals,
SetDecalTransparentColor,0,128,0,

CreateMeshBuilder
AddVertex,-0.29,-0.7662, 0
AddVertex,-0.29,-0.4962, 0
AddVertex,0.09,-0.4962, 0
AddVertex,0.09,-0.7662, 0
AddFace2,0,1,2,3,
SetTextureCoordinates,0,0,1.0
SetTextureCoordinates,1,0,0.0
SetTextureCoordinates,2,1,0.0
SetTextureCoordinates,3,1,1.0
LoadTexture,../glow_white.png
SetEmissiveColor,255,255,255,
SetBlendMode,Additive,10,DivideExponent2
scale,2,2,2
Translate,-0.88,1.55,-0.02
CreateMeshBuilder
AddVertex,-0.29,-0.7662, 0
AddVertex,-0.29,-0.4962, 0
AddVertex,0.09,-0.4962, 0
AddVertex,0.09,-0.7662, 0
AddFace2,0,1,2,3,
SetTextureCoordinates,0,0,1.0
SetTextureCoordinates,1,0,0.0
SetTextureCoordinates,2,1,0.0
SetTextureCoordinates,3,1,1.0
LoadTexture,../glow_white.png
SetEmissiveColor,255,255,255,
SetBlendMode,Additive,10,DivideExponent2
scale,2,2,2
Translate,0.25,1.55,-0.02