CreateMeshBuilder,
AddVertex,-2.37, 2.8, -0.09
AddVertex,-2.34, 2.8, -0.13
AddVertex,-2.29, 2.8, -0.13
AddVertex,-2.26, 2.8, -0.09
AddVertex,-2.26, 0.0, -0.09
AddVertex,-2.29, 0.0, -0.13
AddVertex,-2.34, 0.0, -0.13
AddVertex,-2.37, 0.0, -0.09
AddFace2,7,6,1,0,
AddFace2,6,5,2,1,
AddFace2,2,3,4,5,
LoadTexture,../Rail/10_2.bmp
SetTextureCoordinates,0  ,0,0
SetTextureCoordinates,1  ,0,0.333
SetTextureCoordinates,2  ,0,0.666
SetTextureCoordinates,3  ,0,1
SetTextureCoordinates,4  ,2,1
SetTextureCoordinates,5  ,2,0.666
SetTextureCoordinates,6  ,2,0.333
SetTextureCoordinates,7  ,2,0
Setcolor,255,225,150,
GenerateNormals,
Rotate,1,0,0,18
Translate,0,0,-2

CreateMeshBuilder,
AddVertex,-2.29, 6.5, -0.13
AddVertex,-2.285, 6.5, -0.09
AddVertex,-2.285,-1.2, -0.09
AddVertex,-2.29,-1.2, -0.13
AddFace2,0,1,2,3,
Setcolor,0,0,0,
GenerateNormals,
Rotate,1,0,0,18
Translate,-0.03,0,-1.98

