CreateMeshBuilder,
AddVertex,-9.0, 10, 20,
AddVertex,-2.2, 10, 20,
AddVertex,-2.2,  0,  0,
AddVertex,-9.0,  0,  0,
AddFace,0,1,2,3
GenerateNormals,
LoadTexture,../Form/stairB.bmp,
SetTextureCoordinates,0,0,0,
SetTextureCoordinates,1,1,0,
SetTextureCoordinates,2,1,3,
SetTextureCoordinates,3,0,3,

CreateMeshBuilder,
AddVertex,2.5, 5.6, 25
AddVertex,2.5, 5.6, 0
AddVertex,2.5,-0.4, 0
AddVertex,2.5,-0.4, 25
AddFace,0,1,2,3
LoadTexture,../../EDtozai/Wall7.bmp
SetColor,255,255,245
SetTextureCoordinates,0, 0, 0,
SetTextureCoordinates,1, 1, 0,
SetTextureCoordinates,2, 1, 1,
SetTextureCoordinates,3, 0, 1,
GenerateNormals,
Translate,-11.5,0,