CreateMeshBuilder,
AddVertex,-1.7,3.9,-26,
AddVertex, 0.4,3.9,-26,
AddVertex, 0.4,3.9,-23.9,
AddVertex, 0.4,0.4,-23.9,
AddVertex, 0.4,0.4,-26,
AddVertex,-1.7,0.4,-26,
AddFace,0,1,4,5,
AddFace,1,2,3,4,
LoadTexture,../other/baraki_A.bmp
SetTextureCoordinates,0,0,0
SetTextureCoordinates,1,0.544,0
SetTextureCoordinates,2,1,0
SetTextureCoordinates,3,1,1
SetTextureCoordinates,4,0.544,1
SetTextureCoordinates,5,0,1
Setcolor,220,220,210,
GenerateNormals,

CreateMeshBuilder,
AddVertex,-3.2,4.9,-23,
AddVertex, 0.6,5.2,-23,
AddVertex, 0.6,5.2,-5,
AddVertex, 0.6,0.4,-5,
AddVertex, 0.6,0.4,-23,
AddVertex,-3.2,0.4,-23,
AddFace,0,1,4,5,
AddFace,1,2,3,4,
LoadTexture,../other/baraki_B.bmp
SetTextureCoordinates,0,0,0
SetTextureCoordinates,1,0.184,0
SetTextureCoordinates,2,1,0
SetTextureCoordinates,3,1,1
SetTextureCoordinates,4,0.184,1
SetTextureCoordinates,5,0,1
Setcolor,200,200,200,
GenerateNormals,