CreateMeshBuilder,
AddVertex, 1.380,1.950,-4.08,
AddVertex, 1.400,1.950,-2.58,
AddVertex, 1.420,1.950,-1.7,
AddVertex, 1.380,1.950,-1.5,

AddVertex, 1.380,1.310,-4.33,
AddVertex, 1.450,1.310,-2.73,
AddVertex, 1.470,1.310,-0.9,
AddVertex, 1.380,1.310,-0.7,

AddVertex, 1.380,0.990,-4.37,
AddVertex, 1.470,0.990,-2.76,
AddVertex, 1.480,0.990,-0.3,
AddVertex, 1.380,0.990,-0.1,

AddVertex, 1.380,0.819,-4.36,
AddVertex, 1.480,0.819,-2.77,
AddVertex, 1.480,0.819,-0.2,
AddVertex, 1.380,0.819,-0.0,

AddVertex, 1.380,0.000,-4.3,
AddVertex, 1.400,0.000,-2.8,
AddVertex, 1.400,0.000,-0.2,
AddVertex, 1.380,0.000,-0.0,

AddFace,0,1,5,4
AddFace,1,2,6,5,
AddFace,2,3,7,6,
AddFace,4,5,9,8,
AddFace,5,6,10,9,
AddFace,6,7,11,10,
AddFace,8,9,13,12,
AddFace,9,10,14,13,
AddFace,10,11,15,14,
AddFace,12,13,17,16,
AddFace,13,14,18,17,
AddFace,14,15,19,18,
LoadTexture,car1A.bmp
SetTextureCoordinates,0,0.080,0.02
SetTextureCoordinates,1,0.443,0.02
SetTextureCoordinates,2,0.600,0.040
SetTextureCoordinates,3,0.684,0.030

SetTextureCoordinates,4,0.03,0.30
SetTextureCoordinates,5,0.416,0.32
SetTextureCoordinates,6,0.81,0.35
SetTextureCoordinates,7,0.86,0.34

SetTextureCoordinates,8, 0.015,0.43
SetTextureCoordinates,9, 0.413,0.43
SetTextureCoordinates,10,0.945,0.43
SetTextureCoordinates,11,1.00,0.43

SetTextureCoordinates,12,0.00,0.6
SetTextureCoordinates,13,0.413,0.6
SetTextureCoordinates,14,0.965,0.6
SetTextureCoordinates,15,1.00,0.6

SetTextureCoordinates,16,0.03,1
SetTextureCoordinates,17,0.39,1
SetTextureCoordinates,18,0.93,1
SetTextureCoordinates,19,1.00,1

GenerateNormals,


CreateMeshBuilder,
AddVertex, 1.380,1.950,-4.08,
AddVertex, 1.340,1.950,-4.13,
AddVertex,-0.150,1.950,-4.13,
AddVertex,-0.190,1.950,-4.08,

AddVertex, 1.380,1.310,-4.33,
AddVertex, 1.340,1.310,-4.38,
AddVertex,-0.150,1.310,-4.38,
AddVertex,-0.190,1.310,-4.33,

AddVertex, 1.380,0.990,-4.37,
AddVertex, 1.340,0.990,-4.42,
AddVertex,-0.150,0.990,-4.42,
AddVertex,-0.190,0.990,-4.37,

AddVertex, 1.380,0.819,-4.36,
AddVertex, 1.340,0.819,-4.41,
AddVertex,-0.150,0.819,-4.41,
AddVertex,-0.190,0.819,-4.36,

AddVertex, 1.380,0.000,-4.3,
AddVertex, 1.340,0.000,-4.35,
AddVertex,-0.150,0.000,-4.35,
AddVertex,-0.190,0.000,-4.3,

AddFace2,0,1,5,4
AddFace2,1,2,6,5,
AddFace2,2,3,7,6,
AddFace2,4,5,9,8,
AddFace2,5,6,10,9,
AddFace2,6,7,11,10,
AddFace2,8,9,13,12,
AddFace2,9,10,14,13,
AddFace2,10,11,15,14,
AddFace2,12,13,17,16,
AddFace2,13,14,18,17,
AddFace2,14,15,19,18,
LoadTexture,car1.bmp
SetTextureCoordinates,0,0.12,0.02
SetTextureCoordinates,1,0.14,0.02
SetTextureCoordinates,2,0.850,0.02
SetTextureCoordinates,3,0.864,0.02

SetTextureCoordinates,4,0.09,0.30
SetTextureCoordinates,5,0.07,0.305
SetTextureCoordinates,6,0.905,0.311
SetTextureCoordinates,7,0.95,0.301

SetTextureCoordinates,8, 0.085,0.460
SetTextureCoordinates,9, 0.059,0.469
SetTextureCoordinates,10,0.925,0.469
SetTextureCoordinates,11,0.99,0.460

SetTextureCoordinates,12,0.04,0.621
SetTextureCoordinates,13,0.06,0.621
SetTextureCoordinates,14,0.92,0.621
SetTextureCoordinates,15,1.00,0.621

SetTextureCoordinates,16,0.00,1
SetTextureCoordinates,17,0.03,1
SetTextureCoordinates,18,0.92,1
SetTextureCoordinates,19,1.00,1

GenerateNormals,