CreateMeshBuilder,
AddVertex, 1.210,1.630,-3.98,
AddVertex, 1.210,1.740,-2.98,
AddVertex, 1.250,1.700,-2.3,
AddVertex, 1.210,1.700,-2.1,

AddVertex, 1.320,1.310,-4.20,
AddVertex, 1.410,1.310,-2.99,
AddVertex, 1.410,1.310,-1.2,
AddVertex, 1.320,1.310,-1.1,

AddVertex, 1.370,0.820,-4.34,
AddVertex, 1.480,0.820,-2.97,
AddVertex, 1.470,0.820,-0.4,
AddVertex, 1.370,0.780,-0.28,

AddVertex, 1.380,0.379,-4.36,
AddVertex, 1.470,0.379,-2.96,
AddVertex, 1.480,0.379,-0.2,
AddVertex, 1.380,0.379,-0.1,

AddVertex, 1.360,0.000,-4.3,
AddVertex, 1.450,0.000,-2.91,
AddVertex, 1.460,0.000,-0.25,
AddVertex, 1.400,0.000,-0.15,

AddFace,0,1,5,4
AddFace,1,2,6,5,
AddFace,2,3,7,6,
AddFace,4,5,9,8,
AddFace,5,6,10,9,
AddFace,6,7,11,10,
AddFace,8,9,13,12,
AddFace,9,10,14,13,
AddFace,10,11,15,14,
AddFace,12,13,17,16,
AddFace,13,14,18,17,
AddFace,14,15,19,18,
LoadTexture,car2A.bmp
SetTextureCoordinates,0,0.100,0.19
SetTextureCoordinates,1,0.333,0.14
SetTextureCoordinates,2,0.480,0.13
SetTextureCoordinates,3,0.420,0.08

SetTextureCoordinates,4,0.07,0.35
SetTextureCoordinates,5,0.333,0.35
SetTextureCoordinates,6,0.75,0.36
SetTextureCoordinates,7,0.77,0.36

SetTextureCoordinates,8, 0.010,0.56
SetTextureCoordinates,9, 0.333,0.58
SetTextureCoordinates,10,0.965,0.60
SetTextureCoordinates,11,1.00,0.62

SetTextureCoordinates,12,0.00,0.81
SetTextureCoordinates,13,0.333,0.81
SetTextureCoordinates,14,0.995,0.82
SetTextureCoordinates,15,1.00,0.83

SetTextureCoordinates,16,0.00,1
SetTextureCoordinates,17,0.34,1
SetTextureCoordinates,18,0.98,1
SetTextureCoordinates,19,1.00,1

GenerateNormals,


CreateMeshBuilder
AddVertex,-1.21,1.630,-3.98
AddVertex,-1.21,1.740,-2.98
AddVertex,-1.21,1.700,-2.3
AddVertex,-1.21,1.700,-2.1

AddVertex,-1.32,1.310,-4.20
AddVertex,-1.41,1.310,-2.99
AddVertex,-1.41,1.310,-1.2
AddVertex,-1.32,1.310,-1.1

AddVertex,-1.37,0.820,-4.34
AddVertex,-1.48,0.820,-2.97
AddVertex,-1.47,0.820,-0.4
AddVertex,-1.37,0.780,-0.28

AddVertex,-1.38,0.379,-4.36
AddVertex,-1.47,0.379,-2.96
AddVertex,-1.48,0.379,-0.2
AddVertex,-1.38,0.379,-0.1

AddVertex,-1.36,0.000,-4.3
AddVertex,-1.45,0.000,-2.91
AddVertex,-1.46,0.000,-0.25
AddVertex,-1.4,0.000,-0.15

AddFace,4,5,1,0
AddFace,5,6,2,1
AddFace,6,7,3,2
AddFace,8,9,5,4
AddFace,9,10,6,5
AddFace,10,11,7,6
AddFace,12,13,9,8
AddFace,13,14,10,9
AddFace,14,15,11,10
AddFace,16,17,13,12
AddFace,17,18,14,13
AddFace,18,19,15,14
LoadTexture,car2A.bmp
SetTextureCoordinates,0,0.100,0.19
SetTextureCoordinates,1,0.333,0.14
SetTextureCoordinates,2,0.480,0.13
SetTextureCoordinates,3,0.420,0.08

SetTextureCoordinates,4,0.07,0.35
SetTextureCoordinates,5,0.333,0.35
SetTextureCoordinates,6,0.75,0.36
SetTextureCoordinates,7,0.77,0.36

SetTextureCoordinates,8, 0.010,0.56
SetTextureCoordinates,9, 0.333,0.58
SetTextureCoordinates,10,0.965,0.60
SetTextureCoordinates,11,1.00,0.62

SetTextureCoordinates,12,0.00,0.81
SetTextureCoordinates,13,0.333,0.81
SetTextureCoordinates,14,0.995,0.82
SetTextureCoordinates,15,1.00,0.83

SetTextureCoordinates,16,0.00,1
SetTextureCoordinates,17,0.34,1
SetTextureCoordinates,18,0.98,1
SetTextureCoordinates,19,1.00,1

GenerateNormals
Translate,1.12

CreateMeshBuilder,
AddVertex, 1.210,1.630,-3.98,
AddVertex, 1.130,1.550,-4.13,
AddVertex,-0.010,1.550,-4.13,
AddVertex,-0.090,1.630,-3.98,

AddVertex, 1.320,1.310,-4.2,
AddVertex, 1.240,1.310,-4.35,
AddVertex,-0.050,1.310,-4.35,
AddVertex,-0.200,1.310,-4.2,

AddVertex, 1.370,0.820,-4.34,
AddVertex, 1.290,0.820,-4.47,
AddVertex,-0.090,0.820,-4.47,
AddVertex,-0.250,0.820,-4.34,

AddVertex, 1.380,0.379,-4.36,
AddVertex, 1.300,0.379,-4.51,
AddVertex,-0.110,0.379,-4.51,
AddVertex,-0.260,0.379,-4.36,

AddVertex, 1.360,0.000,-4.3,
AddVertex, 1.280,0.000,-4.45,
AddVertex,-0.090,0.000,-4.45,
AddVertex,-0.240,0.000,-4.3,

AddFace2,0,1,5,4
AddFace2,1,2,6,5,
AddFace2,2,3,7,6,
AddFace2,4,5,9,8,
AddFace2,5,6,10,9,
AddFace2,6,7,11,10,
AddFace2,8,9,13,12,
AddFace2,9,10,14,13,
AddFace2,10,11,15,14,
AddFace2,12,13,17,16,
AddFace2,13,14,18,17,
AddFace2,14,15,19,18,
LoadTexture,car2.bmp
SetTextureCoordinates,0,0.005,0.00
SetTextureCoordinates,1,0.065,0.00
SetTextureCoordinates,2,0.760,0.00
SetTextureCoordinates,3,0.800,0.00

SetTextureCoordinates,4,0.00,0.15
SetTextureCoordinates,5,0.03,0.18
SetTextureCoordinates,6,0.860,0.18
SetTextureCoordinates,7,0.91,0.18

SetTextureCoordinates,8, 0.04,0.51
SetTextureCoordinates,9, 0.07,0.52
SetTextureCoordinates,10,0.925,0.52
SetTextureCoordinates,11,0.999,0.52

SetTextureCoordinates,12,0.08,0.80
SetTextureCoordinates,13,0.10,0.83
SetTextureCoordinates,14,0.88,0.83
SetTextureCoordinates,15,0.90,0.80

SetTextureCoordinates,16,0.00,1
SetTextureCoordinates,17,0.03,1
SetTextureCoordinates,18,0.88,1
SetTextureCoordinates,19,1.00,1
GenerateNormals,


CreateMeshBuilder,
AddVertex, 1.210,1.630,-3.98,
AddVertex, 1.130,1.550,-4.13,
AddVertex,-0.010,1.550,-4.13,
AddVertex,-0.090,1.630,-3.98,

AddVertex, 1.210,1.740,-2.98,
AddVertex,-0.090,1.740,-2.98,

AddVertex, 1.250,1.700,-2.3,
AddVertex,-0.090,1.700,-2.3,

AddVertex, 1.210,1.700,-2.1,
AddVertex,-0.090,1.700,-2.1,
AddFace,3,0,1,2,
AddFace,4,0,3,5,
AddFace,6,4,5,7,
AddFace,8,6,7,9,
LoadTexture,../sta/Escalator2.bmp
SetTextureCoordinates,0,0.10,0.30
SetTextureCoordinates,1,0.10,0.10
SetTextureCoordinates,2,0.26,0.50
SetTextureCoordinates,3,0.26,0.40
SetTextureCoordinates,4,0.35,0.50
SetTextureCoordinates,5,0.35,0.30
SetTextureCoordinates,6,0.44,0.50
SetTextureCoordinates,7,0.44,0.30
SetTextureCoordinates,8,0.47,0.50
SetTextureCoordinates,9,0.47,0.30
GenerateNormals,
Setcolor,192,192,192

CreateMeshBuilder,
AddVertex, 1.210,1.700,-2.1,
AddVertex,-0.090,1.700,-2.1,
AddVertex, 1.320,1.310,-1.1,
AddVertex,-0.200,1.310,-1.1,
AddVertex, 1.370,0.780,-0.28,
AddVertex,-0.250,0.780,-0.28,
AddVertex, 1.380,0.379,-0.1,
AddVertex,-0.260,0.379,-0.1,
AddVertex, 1.400,0.000,-0.15,
AddVertex,-0.280,0.000,-0.15,
AddFace,3,2,0,1,
AddFace,5,4,2,3,
AddFace,7,6,4,5,
AddFace,9,8,6,7,
LoadTexture,car2B.bmp
SetTextureCoordinates,0,0.000,0.00
SetTextureCoordinates,1,1.000,0.00
SetTextureCoordinates,2,0.000,0.49
SetTextureCoordinates,3,1.000,0.49
SetTextureCoordinates,4,0.080,0.81
SetTextureCoordinates,5,0.920,0.81
SetTextureCoordinates,6,0.100,0.93
SetTextureCoordinates,7,0.900,0.93
SetTextureCoordinates,8,0.080,1.00
SetTextureCoordinates,9,0.920,1.00
GenerateNormals,