CreateMeshBuilder,
AddVertex, 1.210,1.650,-3.98,
AddVertex, 1.250,1.750,-2.98,
AddVertex, 1.250,1.700,-2.1,
AddVertex, 1.210,1.700,-2.0,

AddVertex, 1.320,1.310,-4.10,
AddVertex, 1.350,1.310,-2.99,
AddVertex, 1.360,1.310,-1.4,
AddVertex, 1.320,1.310,-1.35,

AddVertex, 1.370,0.820,-4.17,
AddVertex, 1.420,0.820,-2.97,
AddVertex, 1.430,0.780,-0.75,
AddVertex, 1.370,0.780,-0.70,

AddVertex, 1.370,0.619,-4.17,
AddVertex, 1.430,0.619,-2.96,
AddVertex, 1.440,0.619,-0.65,
AddVertex, 1.380,0.619,-0.6,

AddVertex, 1.370,0.000,-4.17,
AddVertex, 1.430,0.000,-2.95,
AddVertex, 1.450,0.000,-0.65,
AddVertex, 1.400,0.000,-0.60,

AddFace,0,1,5,4
AddFace,1,2,6,5,
AddFace,2,3,7,6,
AddFace,4,5,9,8,
AddFace,5,6,10,9,
AddFace,6,7,11,10,
AddFace,8,9,13,12,
AddFace,9,10,14,13,
AddFace,10,11,15,14,
AddFace,12,13,17,16,
AddFace,13,14,18,17,
AddFace,14,15,19,18,
LoadTexture,car5A.bmp
SetTextureCoordinates,0,0.000,0.00
SetTextureCoordinates,1,0.343,0.00
SetTextureCoordinates,2,0.600,0.04
SetTextureCoordinates,3,0.730,0.15

SetTextureCoordinates,4,0.00,0.26
SetTextureCoordinates,5,0.343,0.26
SetTextureCoordinates,6,0.78,0.26
SetTextureCoordinates,7,0.85,0.26

SetTextureCoordinates,8, 0.000,0.52
SetTextureCoordinates,9, 0.343,0.52
SetTextureCoordinates,10,0.955,0.52
SetTextureCoordinates,11,0.98,0.52

SetTextureCoordinates,12,0.00,0.66
SetTextureCoordinates,13,0.333,0.66
SetTextureCoordinates,14,0.99,0.66
SetTextureCoordinates,15,1.00,0.66

SetTextureCoordinates,16,0.00,1
SetTextureCoordinates,17,0.33,1
SetTextureCoordinates,18,0.99,1
SetTextureCoordinates,19,1.00,1

GenerateNormals,


CreateMeshBuilder
AddVertex,-1.21,1.650,-3.98
AddVertex,-1.25,1.750,-2.98
AddVertex,-1.25,1.700,-2.1
AddVertex,-1.21,1.700,-2.0

AddVertex,-1.32,1.310,-4.10
AddVertex,-1.36,1.310,-2.99
AddVertex,-1.36,1.310,-1.4
AddVertex,-1.32,1.310,-1.35

AddVertex,-1.37,0.820,-4.17
AddVertex,-1.42,0.820,-2.97
AddVertex,-1.43,0.780,-0.75
AddVertex,-1.37,0.780,-0.70

AddVertex,-1.37,0.619,-4.17
AddVertex,-1.43,0.619,-2.96
AddVertex,-1.44,0.619,-0.65
AddVertex,-1.38,0.619,-0.6

AddVertex,-1.37,0.000,-4.17
AddVertex,-1.43,0.000,-2.91
AddVertex,-1.45,0.000,-0.65
AddVertex,-1.4,0.000,-0.6

AddFace,4,5,1,0
AddFace,5,6,2,1
AddFace,6,7,3,2
AddFace,8,9,5,4
AddFace,9,10,6,5
AddFace,10,11,7,6
AddFace,12,13,9,8
AddFace,13,14,10,9
AddFace,14,15,11,10
AddFace,16,17,13,12
AddFace,17,18,14,13
AddFace,18,19,15,14
LoadTexture,car5A.bmp
SetTextureCoordinates,0,0.000,0.00
SetTextureCoordinates,1,0.343,0.00
SetTextureCoordinates,2,0.600,0.04
SetTextureCoordinates,3,0.730,0.15

SetTextureCoordinates,4,0.00,0.26
SetTextureCoordinates,5,0.343,0.26
SetTextureCoordinates,6,0.78,0.26
SetTextureCoordinates,7,0.85,0.26

SetTextureCoordinates,8, 0.000,0.52
SetTextureCoordinates,9, 0.343,0.52
SetTextureCoordinates,10,0.955,0.52
SetTextureCoordinates,11,0.98,0.52

SetTextureCoordinates,12,0.00,0.66
SetTextureCoordinates,13,0.333,0.66
SetTextureCoordinates,14,0.99,0.66
SetTextureCoordinates,15,1.00,0.66

SetTextureCoordinates,16,0.00,1
SetTextureCoordinates,17,0.33,1
SetTextureCoordinates,18,0.99,1
SetTextureCoordinates,19,1.00,1

GenerateNormals
Translate,1.12

CreateMeshBuilder,
AddVertex, 1.210,1.650,-3.98,
AddVertex, 1.130,1.640,-4.13,
AddVertex,-0.010,1.640,-4.13,
AddVertex,-0.090,1.650,-3.98,

AddVertex, 1.320,1.310,-4.1,
AddVertex, 1.240,1.310,-4.25,
AddVertex,-0.050,1.310,-4.25,
AddVertex,-0.200,1.310,-4.1,

AddVertex, 1.370,0.820,-4.17,
AddVertex, 1.290,0.820,-4.33,
AddVertex,-0.090,0.820,-4.33,
AddVertex,-0.250,0.820,-4.17,

AddVertex, 1.370,0.379,-4.17,
AddVertex, 1.300,0.379,-4.35,
AddVertex,-0.110,0.379,-4.35,
AddVertex,-0.260,0.379,-4.17,

AddVertex, 1.370,0.000,-4.17,
AddVertex, 1.280,0.000,-4.32,
AddVertex,-0.090,0.000,-4.32,
AddVertex,-0.250,0.000,-4.17,

AddFace2,0,1,5,4
AddFace2,1,2,6,5,
AddFace2,2,3,7,6,
AddFace2,4,5,9,8,
AddFace2,5,6,10,9,
AddFace2,6,7,11,10,
AddFace2,8,9,13,12,
AddFace2,9,10,14,13,
AddFace2,10,11,15,14,
AddFace2,12,13,17,16,
AddFace2,13,14,18,17,
AddFace2,14,15,19,18,
LoadTexture,car5.bmp
SetTextureCoordinates,0,0.000,0.00
SetTextureCoordinates,1,0.030,0.00
SetTextureCoordinates,2,0.955,0.00
SetTextureCoordinates,3,1.000,0.00

SetTextureCoordinates,4,0.00,0.18
SetTextureCoordinates,5,0.030,0.18
SetTextureCoordinates,6,0.940,0.18
SetTextureCoordinates,7,1.00,0.18

SetTextureCoordinates,8, 0.00,0.61
SetTextureCoordinates,9, 0.05,0.61
SetTextureCoordinates,10,0.915,0.61
SetTextureCoordinates,11,1.00,0.61

SetTextureCoordinates,12,0.00,0.84
SetTextureCoordinates,13,0.05,0.85
SetTextureCoordinates,14,0.93,0.85
SetTextureCoordinates,15,1.00,0.85

SetTextureCoordinates,16,0.00,1
SetTextureCoordinates,17,0.03,1
SetTextureCoordinates,18,0.97,1
SetTextureCoordinates,19,1.00,1
GenerateNormals,


CreateMeshBuilder,
AddVertex, 1.210,1.650,-3.98,
AddVertex, 1.130,1.640,-4.13,
AddVertex,-0.010,1.640,-4.13,
AddVertex,-0.090,1.650,-3.98,

AddVertex, 1.250,1.750,-2.98,
AddVertex,-0.130,1.750,-2.98,

AddVertex, 1.250,1.700,-2.1,
AddVertex,-0.130,1.700,-2.1,

AddVertex, 1.210,1.700,-2.0,
AddVertex,-0.090,1.700,-2.0,
AddFace,3,0,1,2,
AddFace,4,0,3,5,
AddFace,6,4,5,7,
AddFace,8,6,7,9,
LoadTexture,../sta/Escalator2.bmp
SetTextureCoordinates,0,0.10,0.30
SetTextureCoordinates,1,0.10,0.10
SetTextureCoordinates,2,0.26,0.50
SetTextureCoordinates,3,0.26,0.40
SetTextureCoordinates,4,0.35,0.50
SetTextureCoordinates,5,0.35,0.30
SetTextureCoordinates,6,0.44,0.50
SetTextureCoordinates,7,0.44,0.30
SetTextureCoordinates,8,0.47,0.50
SetTextureCoordinates,9,0.47,0.30
GenerateNormals,
Setcolor,141,165,161

CreateMeshBuilder,
AddVertex, 1.210,1.700,-2.0,
AddVertex,-0.090,1.700,-2.0,
AddVertex, 1.320,1.310,-1.35,
AddVertex,-0.200,1.310,-1.35,
AddVertex, 1.370,0.780,-0.70,
AddVertex,-0.250,0.780,-0.70,
AddVertex, 1.380,0.619,-0.6,
AddVertex,-0.260,0.619,-0.6,
AddVertex, 1.400,0.000,-0.6,
AddVertex,-0.280,0.000,-0.6,
AddFace,3,2,0,1,
AddFace,5,4,2,3,
AddFace,7,6,4,5,
AddFace,9,8,6,7,
LoadTexture,car5B.bmp
SetTextureCoordinates,0,0.000,0.00
SetTextureCoordinates,1,1.000,0.00
SetTextureCoordinates,2,0.000,0.24
SetTextureCoordinates,3,1.000,0.24
SetTextureCoordinates,4,0.040,0.545
SetTextureCoordinates,5,0.960,0.545
SetTextureCoordinates,6,0.040,0.682
SetTextureCoordinates,7,0.960,0.685
SetTextureCoordinates,8,0.000,1.00
SetTextureCoordinates,9,1.000,1.00
GenerateNormals,