

CreateMeshBuilder
AddVertex,1.7,3.9,-26
AddVertex,-0.4,3.9,-26
AddVertex,-0.4,3.9,-21.9
AddVertex,-0.4,1.1,-21.9
AddVertex,-0.4,1.1,-26
AddVertex,1.7,1.1,-26
AddFace,5,4,1,0
AddFace,4,3,2,1
LoadTexture,../other/myoden_A.bmp
SetTextureCoordinates,0,0.997,0
SetTextureCoordinates,1,0.641,0
SetTextureCoordinates,2,0,0
SetTextureCoordinates,3,0,1
SetTextureCoordinates,4,0.641,1
SetTextureCoordinates,5,0.997,1
SetDecalTransparentColor,255,255,255
Setcolor,220,220,220
GenerateNormals
Translate,7.6,,-3

CreateMeshBuilder
AddVertex,1.7,3.9,-21.9
AddVertex,-0.6,3.9,-21.9
AddVertex,-0.6,3.9,-15
AddVertex,-0.6,-0.45,-15
AddVertex,-0.6,-0.45,-21.9
AddVertex,1.7,-0.45,-21.9
AddFace,5,4,1,0
AddFace,4,3,2,1
LoadTexture,../other/myoden_B.bmp
SetTextureCoordinates,0,0.997,0
SetTextureCoordinates,1,0.822,0
SetTextureCoordinates,2,0.004,0
SetTextureCoordinates,3,0.004,1
SetTextureCoordinates,4,0.822,1
SetTextureCoordinates,5,0.997,1
SetDecalTransparentColor,255,255,255
Setcolor,200,200,200
GenerateNormals
Translate,7.6,,-3

CreateMeshBuilder,
AddVertex, 0.1,2.2,-16.8,
AddVertex, 0.1,2.2,-10,
AddVertex, 0.1,-0.45,-10,
AddVertex, 0.1,-0.45,-16.8,
AddFace2,3,2,1,0,
LoadTexture,../other/myoden_C.bmp
SetTextureCoordinates,0,1,0.004
SetTextureCoordinates,1,0.004,0.004
SetTextureCoordinates,2,0.004,1
SetTextureCoordinates,3,1,1
SetDecalTransparentColor,255,255,255,
Setcolor,210,210,205,
GenerateNormals,
Translate,7.6,,-3


CreateMeshBuilder
AddVertex,1.7,3.9,-26
AddVertex,-0.4,3.9,-26
AddVertex,-0.4,3.9,-21.9
AddVertex,-0.4,1.1,-21.9
AddVertex,-0.4,1.1,-26
AddVertex,1.7,1.1,-26
AddFace,5,4,1,0
AddFace,4,3,2,1
LoadTexture,../other/myoden_A.bmp
SetTextureCoordinates,0,0.997,0
SetTextureCoordinates,1,0.641,0
SetTextureCoordinates,2,0,0
SetTextureCoordinates,3,0,1
SetTextureCoordinates,4,0.641,1
SetTextureCoordinates,5,0.997,1
SetDecalTransparentColor,255,255,255
Setcolor,220,220,220
GenerateNormals
Translate,-6.0,,-3

CreateMeshBuilder
AddVertex,1.7,3.9,-21.9
AddVertex,-0.6,3.9,-21.9
AddVertex,-0.6,3.9,-15
AddVertex,-0.6,-0.45,-15
AddVertex,-0.6,-0.45,-21.9
AddVertex,1.7,-0.45,-21.9
AddFace,5,4,1,0
AddFace,4,3,2,1
LoadTexture,../other/myoden_B.bmp
SetTextureCoordinates,0,0.997,0
SetTextureCoordinates,1,0.822,0
SetTextureCoordinates,2,0.004,0
SetTextureCoordinates,3,0.004,1
SetTextureCoordinates,4,0.822,1
SetTextureCoordinates,5,0.997,1
SetDecalTransparentColor,255,255,255
Setcolor,200,200,200
GenerateNormals
Translate,-6.0,,-3

CreateMeshBuilder,
AddVertex, 0.1,2.2,-16.8,
AddVertex, 0.1,2.2,-10,
AddVertex, 0.1,-0.45,-10,
AddVertex, 0.1,-0.45,-16.8,
AddFace2,3,2,1,0,
LoadTexture,../other/myoden_C.bmp
SetTextureCoordinates,0,1,0.004
SetTextureCoordinates,1,0.004,0.004
SetTextureCoordinates,2,0.004,1
SetTextureCoordinates,3,1,1
SetDecalTransparentColor,255,255,255,
Setcolor,210,210,205,
GenerateNormals,
Translate,-6.0,,-3
