CreateMeshBuilder,
AddVertex,-2.2,3.9,-26,
AddVertex, 0.4,3.9,-26,
AddVertex, 0.4,3.9,-21.9,
AddVertex, 0.4,1.1,-21.9,
AddVertex, 0.4,1.1,-26,
AddVertex,-2.2,1.1,-26,
AddFace,0,1,4,5,
AddFace,1,2,3,4,
LoadTexture,../other/myoden_A.bmp
SetTextureCoordinates,0,0.997,0
SetTextureCoordinates,1,0.641,0
SetTextureCoordinates,2,0.1,0
SetTextureCoordinates,3,0.1,1
SetTextureCoordinates,4,0.641,1
SetTextureCoordinates,5,0.997,1
SetDecalTransparentColor,255,255,255,
Setcolor,220,220,220,
GenerateNormals,
Translate,-3.8,,21.9

CreateMeshBuilder,
AddVertex,-4.2,6.9,-21.9,
AddVertex, 0.6,6.9,-21.9,
AddVertex, 0.6,6.9,-8,
AddVertex, 0.6,-0.45,-8,
AddVertex, 0.6,-0.45,-21.9,
AddVertex,-4.2,-0.45,-21.9,
AddFace,0,1,4,5,
AddFace,1,2,3,4,
LoadTexture,../other/myoden_D.bmp
SetTextureCoordinates,0,0.998,0.000
SetTextureCoordinates,1,0.602,0.000
SetTextureCoordinates,2,0.004,0.000
SetTextureCoordinates,3,0.004,0.997
SetTextureCoordinates,4,0.602,0.997
SetTextureCoordinates,5,0.998,0.997
SetDecalTransparentColor,255,255,255,
;Setcolor,200,200,200,
GenerateNormals,
Translate,-3.8,,-3

CreateMeshBuilder,
AddVertex, 0.1,2.2,-9,
AddVertex, 0.1,2.2,-0,
AddVertex, 0.1,-0.45,-0,
AddVertex, 0.1,-0.45,-9,
AddFace,0,1,2,3
LoadTexture,../other/myoden_E.bmp
SetTextureCoordinates,0,1,0.001
SetTextureCoordinates,1,0,0.001
SetTextureCoordinates,2,0,1
SetTextureCoordinates,3,1,1
SetDecalTransparentColor,255,255,255,
Setcolor,210,210,205,
GenerateNormals,
Translate,-3.8,,-4.1

CreateMeshBuilder
AddVertex,2.6,3.9,-26
AddVertex,-0.4,3.9,-26
AddVertex,-0.4,3.9,-21.9
AddVertex,-0.4,1.1,-21.9
AddVertex,-0.4,1.1,-26
AddVertex,2.6,1.1,-26
AddFace,5,4,1,0
AddFace,4,3,2,1
LoadTexture,../other/myoden_A.bmp
SetTextureCoordinates,0,0.997,0
SetTextureCoordinates,1,0.641,0
SetTextureCoordinates,2,0.1,0
SetTextureCoordinates,3,0.1,1
SetTextureCoordinates,4,0.641,1
SetTextureCoordinates,5,0.997,1
SetDecalTransparentColor,255,255,255
Setcolor,220,220,220
GenerateNormals
Translate,7.6,,22.3

CreateMeshBuilder,
AddVertex, 0.1,0.7,-0,
AddVertex, 1.1,0.7,-0,
AddVertex, 1.1,-0.45,-0,
AddVertex, 0.1,-0.45,-0,
AddFace2,0,1,2,3
LoadTexture,../Rail/pointA.bmp
SetTextureCoordinates,0,0,0.004
SetTextureCoordinates,1,1,0.004
SetTextureCoordinates,2,1,1
SetTextureCoordinates,3,0,1
SetDecalTransparentColor,255,255,255,
Setcolor,210,210,205,
GenerateNormals,
Translate,7.0,,-14.1
CreateMeshBuilder,
AddVertex, 0.1,0.7,-0,
AddVertex, 1.1,0.7,-0,
AddVertex, 1.1,-0.45,-0,
AddVertex, 0.1,-0.45,-0,
AddFace2,0,1,2,3
LoadTexture,../Rail/pointA.bmp
SetTextureCoordinates,0,1,0.004
SetTextureCoordinates,1,0,0.004
SetTextureCoordinates,2,0,1
SetTextureCoordinates,3,1,1
SetDecalTransparentColor,255,255,255,
Setcolor,210,210,205,
GenerateNormals,
Translate,-5,,-29.1
CreateMeshBuilder,
AddVertex, 0.5,1.4,-0,
AddVertex, 1.2,1.4,-0,
AddVertex, 1.2,-0.45,-0,
AddVertex, 0.5,-0.45,-0,
AddFace2,0,1,2,3
LoadTexture,../Rail/pointB.bmp
SetTextureCoordinates,0,0.990,0.008
SetTextureCoordinates,1,0.004,0.008
SetTextureCoordinates,2,0.004,1
SetTextureCoordinates,3,0.990,1
SetDecalTransparentColor,0,0,0,
Setcolor,210,210,205,
GenerateNormals,
Translate,8,,-22.1
CreateMeshBuilder,
AddVertex,-1.9, 1.3, -0.3
AddVertex,-1.3, 1.3, -0.3
AddVertex,-1.3, -0.1, -0.3
AddVertex,-1.9, -0.1, -0.3
AddFace2,0,1,2,3
LoadTexture,../Signal/postbox1.bmp
SetTextureCoordinates,0,  1,0.004,
SetTextureCoordinates,1,  0.004,0.004,
SetTextureCoordinates,2,  0.004,1,
SetTextureCoordinates,3,  1,1,
GenerateNormals,
SetDecalTransparentColor,0,0,255,
Setcolor,210,210,205,
Translate,-5,-0.34,-33.1
CreateMeshBuilder,
AddVertex,-1.3, 1.3, 0.7
AddVertex,-1.3, 1.3, -0.3
AddVertex,-1.3, -0.1, -0.3
AddVertex,-1.3, -0.1, 0.7
AddFace2,0,1,2,3
LoadTexture,../Signal/postbox2.bmp
SetTextureCoordinates,0,  0.004,0.004,
SetTextureCoordinates,1,  1,0.004,
SetTextureCoordinates,2,  1,1,
SetTextureCoordinates,3,  0.004,1,
GenerateNormals,
Setcolor,210,210,205,
Translate,-5,-0.34,-33.1
CreateMeshBuilder,
AddVertex,-1.9, 1.30, 0.7
AddVertex,-1.6, 1.35, 0.7
AddVertex,-1.3, 1.30, 0.7
AddVertex,-1.3, 1.30, -0.3
AddVertex,-1.6, 1.35, -0.3
AddVertex,-1.9, 1.30, -0.3
AddFace,0,1,4,5,
AddFace,1,2,3,4,
AddFace,5,4,3
LoadTexture,../Signal/postbox2.bmp
SetTextureCoordinates,0,  0.1,0.1,
SetTextureCoordinates,1,  0.2,0.1,
SetTextureCoordinates,2,  0.2,0.2,
SetTextureCoordinates,3,  0.1,0.2,
GenerateNormals,
Setcolor,210,210,205,
Translate,-5,-0.34,-33.1

CreateMeshBuilder,
AddVertex, 0.1,-0.35,-10,
AddVertex, 1.1,-0.35,-10,
AddVertex, 1.1,-0.35,-0,
AddVertex, 0.1,-0.35,-0,
AddFace2,0,1,2,3
LoadTexture,../Rail/RailSetA.bmp
SetTextureCoordinates,0,1,1
SetTextureCoordinates,1,0,1
SetTextureCoordinates,2,0,0
SetTextureCoordinates,3,1,0
SetDecalTransparentColor,0,0,0,
Setcolor,210,210,205,
GenerateNormals,
Translate,-6,,-49.1
CreateMeshBuilder,
AddVertex, 0.1,-0.35,-10,
AddVertex, 1.1,-0.35,-10,
AddVertex, 1.1,-0.35,-0,
AddVertex, 0.1,-0.35,-0,
AddFace2,0,1,2,3
LoadTexture,../Rail/RailSetA.bmp
SetTextureCoordinates,0,1,1
SetTextureCoordinates,1,0,1
SetTextureCoordinates,2,0,0
SetTextureCoordinates,3,1,0
SetDecalTransparentColor,0,0,0,
Setcolor,210,210,205,
GenerateNormals,
Translate,-6.8,,-40.1
CreateMeshBuilder,
AddVertex, 0.1,-0.35,-9,
AddVertex, 1.1,-0.35,-9,
AddVertex, 1.1,-0.35,-0,
AddVertex, 0.1,-0.35,-0,
AddFace2,0,1,2,3
LoadTexture,../Rail/RailSetA.bmp
SetTextureCoordinates,0,1,1
SetTextureCoordinates,1,0,1
SetTextureCoordinates,2,0,0
SetTextureCoordinates,3,1,0
SetDecalTransparentColor,0,0,0,
Setcolor,210,210,205,
GenerateNormals,
Translate,-6,,-38.1