CreateMeshBuilder,
AddVertex,-402.5,-0.8,-25.9,
AddVertex,-12.0,-0.8,-25.3,
AddVertex,-8.5, -0.8,-25.3,
AddVertex,-8.5, -1.0,-25.3,
Addvertex,-0.5, -1.0,-25.3,
AddVertex,-0.5, -1.0, 25,
AddVertex,-8.5, -1.0, 25,
AddVertex,-8.5, -0.8, 25,
AddVertex,-12.0,-0.8, 25,
AddVertex,-402.5,-0.8, 25,
AddFace2,9,8,1,0,
AddFace2,8,7,2,1,
AddFace2,7,6,3,2,
AddFace2,6,5,4,3,
Loadtexture,roadC.bmp
SetTextureCoordinates,0,0,0
SetTextureCoordinates,1,0.05,0
SetTextureCoordinates,2,0.44,0
SetTextureCoordinates,3,0.45,0
SetTextureCoordinates,4,1,0
SetTextureCoordinates,5,1,2
SetTextureCoordinates,6,0.45,2
SetTextureCoordinates,7,0.44,2
SetTextureCoordinates,8,0.05,2
SetTextureCoordinates,9,0.0,2
GenerateNormals,
setcolor,140,140,140,

CreateMeshBuilder,
AddVertex,500.2,-0.8,-85.3,
AddVertex,2.5,-0.8,-25.3,
AddVertex,-0.5, -0.8,-25.3,
AddVertex,-0.5, -1.0,-25.3,
AddVertex,-0.5, -1.0, 25,
AddVertex,-0.5, -0.8, 25,
AddVertex,2.5,-0.8, 25,
AddVertex,500.2,-0.8, 25,
AddFace2,0,1,6,7,
AddFace2,1,2,5,6,
AddFace2,2,3,4,5,
Loadtexture,roadC-1.bmp
SetTextureCoordinates,0,0.0,0
SetTextureCoordinates,1,0.05,0
SetTextureCoordinates,2,0.442,0
SetTextureCoordinates,3,0.46,0
SetTextureCoordinates,4,0.46,2
SetTextureCoordinates,5,0.442,2
SetTextureCoordinates,6,0.05,2
SetTextureCoordinates,7,0.0,2
GenerateNormals,
