CreateMeshBuilder,
AddVertex,-1.5, 1.1, -25,
AddVertex,-1.5, 1.1, 25.3,
AddVertex,-3.0, 1.11, 25.3,
AddVertex,-3.0, 1.11, -25,
AddFace,3, 2, 1, 0,
GenerateNormals,
LoadTexture,(U)FormG1.bmp,
SetTextureCoordinates,0, 0, 24,
SetTextureCoordinates,1, 0, 0,
SetTextureCoordinates,2, 1, 0,
SetTextureCoordinates,3, 1, 24,
Setcolor,200,201,202

CreateMeshBuilder,
AddVertex,-2.0, -0.45, -25,
AddVertex,-2.0, 0.7, -25,
AddVertex,-1.5, 0.9, -25,
AddVertex,-1.5, 1.1, -25,
AddVertex,-1.5, 1.1, 25.3,
AddVertex,-1.5, 0.9, 25.3,
AddVertex,-2.0, 0.7, 25.3,
AddVertex,-2.0, -0.45, 25.3,
AddFace,0,1,6,7,
AddFace,1,2,5,6,
AddFace,2,3,4,5,
GenerateNormals,
LoadTexture,FormWallC.bmp,
SetTextureCoordinates,0, 10, 1,
SetTextureCoordinates,1, 10, 0.2,
SetTextureCoordinates,2, 10, 0.15,
SetTextureCoordinates,3, 10, 0,
SetTextureCoordinates,4, 0, 0,
SetTextureCoordinates,5, 0, 0.15,
SetTextureCoordinates,6, 0, 0.2,
SetTextureCoordinates,7, 0, 1,




CreateMeshBuilder
AddVertex,-7.3, 1.1, -25
AddVertex,-7.3, 1.1, 25.1
AddVertex,-2.0, 1.1, 25.1
AddVertex,-2.0, 1.1, -25
AddFace,0,1,2,3,
GenerateNormals
LoadTexture,FormG.bmp
SetTextureCoordinates,0, 0, 0,
SetTextureCoordinates,1, 21, 0,
SetTextureCoordinates,2, 21, 5,
SetTextureCoordinates,3, 0, 5,
Setcolor,130,131,132

CreateMeshBuilder,
AddVertex,-1.49, 0.90, -25,
AddVertex,-1.49, 1.08, -25,
AddVertex,-1.49, 1.08, 25,
AddVertex,-1.49, 0.90, 25,
AddFace,0,1,2,3
GenerateNormals,
LoadTexture,../Retu1.bmp,
SetTextureCoordinates,0, 0, 1,
SetTextureCoordinates,1, 0, 0,
SetTextureCoordinates,2, 8, 0,
SetTextureCoordinates,3, 8, 1,
SetDecalTransparentColor,255,255,255




;;;;;;;;;;;;;formend;;;;;;;;;;;;;

CreateMeshBuilder,
AddVertex,-3.6, 5.8, 9.5
AddVertex,-3.25, 5.8, 9.5
AddVertex,-3.25, 1.1, 9.5
AddVertex,-3.6, 1.1, 9.5
AddFace,0,1,2,3
Loadtexture,../Roof1/barakipole.bmp,
SetTextureCoordinates,0,0,0,
SetTextureCoordinates,1,1,0,
SetTextureCoordinates,2,1,1,
SetTextureCoordinates,3,0,1,
Setcolor,230,231,232
SetDecalTransparentColor,255,255,255
GenerateNormals,
Translate,0,0,-25,

CreateMeshBuilder,
AddVertex,-3.6, 5.8, 22.0
AddVertex,-3.25, 5.8, 22.0
AddVertex,-3.25, 1.1, 22.0
AddVertex,-3.6, 1.1, 22.0
AddFace,0,1,2,3
Loadtexture,../Roof1/barakipole.bmp,
SetTextureCoordinates,0,0,0,
SetTextureCoordinates,1,1,0,
SetTextureCoordinates,2,1,1,
SetTextureCoordinates,3,0,1,
Setcolor,230,231,232
SetDecalTransparentColor,255,255,255
GenerateNormals,
Translate,0,0,-25,

CreateMeshBuilder,
AddVertex,-3.6, 5.8, 9.5
AddVertex,-3.25, 5.8, 9.5
AddVertex,-3.25, 1.1, 9.5
AddVertex,-3.6, 1.1, 9.5
AddFace,0,1,2,3
Loadtexture,../Roof1/barakipole.bmp,
SetTextureCoordinates,0,0,0,
SetTextureCoordinates,1,1,0,
SetTextureCoordinates,2,1,1,
SetTextureCoordinates,3,0,1,
Setcolor,230,231,232
SetDecalTransparentColor,255,255,255
GenerateNormals,

CreateMeshBuilder,
AddVertex,-3.6, 5.8, 22.0
AddVertex,-3.25, 5.8, 22.0
AddVertex,-3.25, 1.1, 22.0
AddVertex,-3.6, 1.1, 22.0
AddFace,0,1,2,3
Loadtexture,../Roof1/barakipole.bmp,
SetTextureCoordinates,0,0,0,
SetTextureCoordinates,1,1,0,
SetTextureCoordinates,2,1,1,
SetTextureCoordinates,3,0,1,
Setcolor,230,231,232
SetDecalTransparentColor,255,255,255
GenerateNormals,

;;;;;;;;;;;;;;;;;;;;;;;;;;;;;;;;;;;;;;

;roof1
CreateMeshBuilder,
AddVertex,-1.3, 6.1, 25.3,
AddVertex,-1.3, 6.1, -25,
AddVertex,-7.5, 5.2, -25,
AddVertex,-7.5, 5.2, 25.3,
AddFace,3, 2, 1, 0,
SetColor,178, 178, 178,
GenerateNormals,
LoadTexture,../Roof1/RoofA.bmp,
SetTextureCoordinates,0, 0, 8,
SetTextureCoordinates,1, 0, 0,
SetTextureCoordinates,2, 1.5, 0,
SetTextureCoordinates,3, 1.5, 8,

;roof2
CreateMeshBuilder,
AddVertex,-1.3, 6.1, 25.3,
AddVertex,-1.3, 6.1, -25,
AddVertex,-1.3, 5.7, -25,
AddVertex,-1.3, 5.7, 25.3,
AddFace2,3, 2, 1, 0,
GenerateNormals,
LoadTexture,../Roof1/RoofA2.bmp,
SetTextureCoordinates,0, 0, 14,
SetTextureCoordinates,1, 0, 0,
SetTextureCoordinates,2, 1, 0,
SetTextureCoordinates,3, 1, 14,

;;;;;;;;;;;;;;;;;;;;;;;;;;;;;;;;;

;wall
CreateMeshBuilder,
AddVertex,-7.3, 1.1, -25,
AddVertex,-7.3, 1.3, -25,
AddVertex,-7.5, 1.3, -25,
AddVertex,-7.5, 5.2, -25,
AddVertex,-7.5, 5.2, 22,
AddVertex,-7.5, 1.3, 22,
AddVertex,-7.3, 1.3, 22,
AddVertex,-7.3, 1.1, 22,
AddFace,0,1,6,7,
AddFace,1,2,5,6,
AddFace,2,3,4,5,
Loadtexture,../wall/barakiwall.bmp
SetTextureCoordinates,0, 0, 1,
SetTextureCoordinates,1, 0, 0.961,
SetTextureCoordinates,2, 0, 0.96,
SetTextureCoordinates,3, 0, 0,
SetTextureCoordinates,4, 2, 0,
SetTextureCoordinates,5, 2, 0.96,
SetTextureCoordinates,6, 2, 0.961,
SetTextureCoordinates,7, 2, 1,
GenerateNormals,

CreateMeshBuilder,
AddVertex,-7.5, 5.2, 22,
AddVertex,-5.3, 5.5, 25,
AddVertex,-5.3, 1.1, 25,
AddVertex,-7.5, 1.1, 22,
AddFace,0,1,2,3,
LoadTexture,../wall/barakiwall.bmp,
SetTextureCoordinates,0,0.0,0
SetTextureCoordinates,1,0.25,0
SetTextureCoordinates,2,0.25,1.02
SetTextureCoordinates,3,0.0,1.02
GenerateNormals,

;;;;;;;;;;;;;;;;;;;;;;;;;;;;;;;;


;step1
CreateMeshBuilder,
addvertex,0.7, 1.5, 4.6
addvertex,0.7, 1.5,-1.3
addvertex,3.5, 1.5,-1.3
addvertex,3.5, 1.5, 4.6
addvertex,3.5,-0.2, 4.6
addvertex,3.5,-0.2,-1.3
addvertex,0.7,-0.2,-1.3
addvertex,0.7,-0.2, 4.6
addface2,0,1,6,7
addface2,1,2,5,6
addface2,2,3,4,5
loadtexture,../sta/stairB_12.bmp
SetTextureCoordinates,0,0,0,
SetTextureCoordinates,1,2,0,
SetTextureCoordinates,2,3,0,
SetTextureCoordinates,3,5,0,
SetTextureCoordinates,4,5,0.7,
SetTextureCoordinates,5,3,0.7,
SetTextureCoordinates,6,2,0.7,
SetTextureCoordinates,7,0,0.7,
Setcolor,220,210,210
GenerateNormals,
Translate,-8,0.8,10
CreateMeshBuilder,
AddVertex, 0.7,-0.2,-1.3
AddVertex, 3.5,-0.2,-1.3
AddVertex, 3.5,-0.2, 4.6
AddVertex, 0.7,-0.2, 4.6
AddFace,3,2,1,0
GenerateNormals,
Setcolor,20,20,20
Translate,-8,1.35,10
;step2
CreateMeshBuilder,
addvertex,0.7, 1.5, 4.6
addvertex,0.7, 1.5,-1.3
addvertex,3.5, 1.5,-1.3
addvertex,3.5, 1.5, 4.6
addvertex,3.5,-0.2, 4.6
addvertex,3.5,-0.2,-1.3
addvertex,0.7,-0.2,-1.3
addvertex,0.7,-0.2, 4.6
addface2,0,1,6,7
addface2,1,2,5,6
addface2,2,3,4,5
loadtexture,../sta/stairB_12.bmp
SetTextureCoordinates,0,0,0,
SetTextureCoordinates,1,2,0,
SetTextureCoordinates,2,3,0,
SetTextureCoordinates,3,5,0,
SetTextureCoordinates,4,5,0.7,
SetTextureCoordinates,5,3,0.7,
SetTextureCoordinates,6,2,0.7,
SetTextureCoordinates,7,0,0.7,
Setcolor,220,210,210
GenerateNormals,
Translate,3.75,0.8,10
Rotate,0,1,0,180,
CreateMeshBuilder,
AddVertex, 0.7,-0.2,-1.3
AddVertex, 3.5,-0.2,-1.3
AddVertex, 3.5,-0.2, 4.6
AddVertex, 0.7,-0.2, 4.6
AddFace,3,2,1,0
GenerateNormals,
Setcolor,20,20,20
Translate,3.75,1.35,10
Rotate,0,1,0,180,

;a vending machine
CreateMeshBuilder,
AddVertex,-1.0, 3.7, 0.5
AddVertex,-0.2, 3.7, 0.5
AddVertex,-0.2, 3.7, 2
AddVertex,-1.0, 3.7, 2
AddVertex,-1.0, 1.1, 2
AddVertex,-0.2, 1.1, 2
Addvertex,-0.2, 1.1, 0.5
AddVertex,-1.0, 1.1, 0.5
AddFace,0,1,6,7
AddFace,1,2,5,6
AddFace,2,3,4,5
LoadTexture,../sta/automat.bmp,
SetTextureCoordinates,0, 0,0,
SetTextureCoordinates,1, 0.01,0,
SetTextureCoordinates,2, 0.99,0,
SetTextureCoordinates,3, 1,0,
SetTextureCoordinates,4, 1,1,
SetTextureCoordinates,5, 0.99,1,
SetTextureCoordinates,6, 0.01,1,
SetTextureCoordinates,7, 0,1,
GenerateNormals,
Rotate,0,1,0,90
Translate,-7.2,,7.65

;rest
CreateMeshBuilder,
AddVertex, 0.0, 6.3, -5
AddVertex, 2.7, 6.3, -5
AddVertex, 2.7, 6.3, 0
AddVertex, 0.0, 6.3, 0
AddVertex, 0.0, 1.1, 0
AddVertex, 2.7, 1.1, 0
AddVertex, 2.7, 1.1, -5
AddVertex, 0.0, 1.1, -5
AddFace,0,1,6,7
AddFace,1,2,5,6
AddFace,2,3,4,5
AddFace,7,4,3,0
LoadTexture,../sta/myowait.bmp,
SetTextureCoordinates,0,  0.8,1,
SetTextureCoordinates,1,  0.8,0,
SetTextureCoordinates,2,  0.8,1,
SetTextureCoordinates,3,  0.8,0,
SetTextureCoordinates,4,  0,0,
SetTextureCoordinates,5,  0,1,
SetTextureCoordinates,6,  0,0,
SetTextureCoordinates,7,  0,1,
GenerateNormals,
Translate,-7.25,,0,
SetDecalTransparentColor,255,255,255

;exit1
CreateMeshBuilder
AddVertex,-2,4.4,0
AddVertex, 1,4.4,0
AddVertex, 1,4.0,0
AddVertex,-2,4.0,0
AddFace,0,1,2,3
Loadtexture,../sta/EA_exit.bmp
SetTextureCoordinates,0,0,0
SetTextureCoordinates,1,1,0
SetTextureCoordinates,2,1,1
SetTextureCoordinates,3,0,1
Setcolor,200,200,200
GenerateNormals,
Translate,-5,0,-15
CreateMeshBuilder,
AddVertex,-1.72, 1.5, 0.1
AddVertex,-1.68, 1.5, 0.1
AddVertex,-1.68, 0.2, 0.1
AddVertex,-1.72, 0.2, 0.1
AddVertex,-0.32, 1.7, 0.1
AddVertex,-0.28, 1.7, 0.1
AddVertex,-0.28, 0.2, 0.1
AddVertex,-0.32, 0.2, 0.1
AddFace,0,1,2,3
AddFace,4,5,6,7
LoadTexture,../sta/cube.bmp
SetTextureCoordinates,0,  0,0
SetTextureCoordinates,1,  1,0
SetTextureCoordinates,2,  1,1
SetTextureCoordinates,3,  0,1
SetTextureCoordinates,4,  0,0
SetTextureCoordinates,5,  1,0
SetTextureCoordinates,6,  1,1
SetTextureCoordinates,7,  0,1
GenerateNormals,
Translate,-4.5,4,-15

;exit2
CreateMeshBuilder
AddVertex,-2,4.4,0
AddVertex, 1,4.4,0
AddVertex, 1,4.0,0
AddVertex,-2,4.0,0
AddFace,0,1,2,3
Loadtexture,../sta/EA_exit.bmp
SetTextureCoordinates,0,0,0
SetTextureCoordinates,1,1,0
SetTextureCoordinates,2,1,1
SetTextureCoordinates,3,0,1
Setcolor,200,200,200
GenerateNormals,
Translate,-5,0,15
CreateMeshBuilder,
AddVertex,-1.72, 1.5, 0.1
AddVertex,-1.68, 1.5, 0.1
AddVertex,-1.68, 0.2, 0.1
AddVertex,-1.72, 0.2, 0.1
AddVertex,-0.32, 1.7, 0.1
AddVertex,-0.28, 1.7, 0.1
AddVertex,-0.28, 0.2, 0.1
AddVertex,-0.32, 0.2, 0.1
AddFace,0,1,2,3
AddFace,4,5,6,7
LoadTexture,../sta/cube.bmp
SetTextureCoordinates,0,  0,0
SetTextureCoordinates,1,  1,0
SetTextureCoordinates,2,  1,1
SetTextureCoordinates,3,  0,1
SetTextureCoordinates,4,  0,0
SetTextureCoordinates,5,  1,0
SetTextureCoordinates,6,  1,1
SetTextureCoordinates,7,  0,1
GenerateNormals,
Translate,-4.5,4,15

CreateMeshBuilder
AddVertex,-2.0, -0.19, 25
AddVertex,-1.5, -0.19, 25
AddVertex,-1.5, -0.19, -25
AddVertex,-2.0, -0.19, -25
AddFace2,0,1,2,3,
LoadTexture,../EntSlab1.bmp
SetTextureCoordinates,0,  0,1
SetTextureCoordinates,1,  0,-0.07
SetTextureCoordinates,2,  150,-0.07
SetTextureCoordinates,3,  150,1
Setcolor,153,153,157,
GenerateNormals

;shadow
CreateMeshBuilder,
AddVertex,-2.0, 0.05, 25
AddVertex,-1.1, 0.05, 23
AddVertex,-1.1, 0.05, -27
ADdvertex,-2.0, 0.05, -25
AddFace,0,1,2,3
SetColor,20,20,20,100,
GenerateNormals,
