CreateMeshBuilder,
AddVertex,-6.8, 1.1, 0,
AddVertex,-6.8, 1.1, 25.1,
AddVertex,-2.7, 1.1, 25.1,
AddVertex,-2.7, 1.1, 0,
AddFace,0, 1, 2, 3,
GenerateNormals,
LoadTexture,FormD3.bmp
SetTextureCoordinates,0, 1.8, 3,
SetTextureCoordinates,1, 1.8, 0,
SetTextureCoordinates,2, 0, 0,
SetTextureCoordinates,3, 0, 3,

CreateMeshBuilder,
AddVertex,-6.8, -0.45, 0,
AddVertex,-6.8, 1.1, 0,
AddVertex,-2.7, 1.1, 0,
AddVertex,-2.7, -0.45, 0,
AddFace,0, 1, 2, 3,
GenerateNormals,
LoadTexture,FormWallB.bmp,
SetTextureCoordinates,0, 0, 1,
SetTextureCoordinates,1, 0, 0,
SetTextureCoordinates,2, 1, 0,
SetTextureCoordinates,3, 1, 1,