CreateMeshBuilder,
AddVertex,-10.0, 1.1, 0,
AddVertex,-10.0, 1.1, 25.1,
AddVertex,-2.7, 1.1, 25.1,
AddVertex,-2.7, 1.1, 0,
AddFace,0, 1, 2, 3,
GenerateNormals,
LoadTexture,FormD3.bmp
SetTextureCoordinates,0, 1.8, 3,
SetTextureCoordinates,1, 1.8, 0,
SetTextureCoordinates,2, 0, 0,
SetTextureCoordinates,3, 0, 3,

CreateMeshBuilder,
AddVertex,-1.3, 4.1, 0.0
AddVertex,-10.0, 4.1, 0.0
AddVertex,-10.0, 4.1,25.0
AddVertex,-1.3, 4.1,25.0
AddFace,3,2,1,0
LoadTexture,../Roof1/MzRoof2.bmp
SetTextureCoordinates,0, 0, 1,
SetTextureCoordinates,1, 0, 0.0,
SetTextureCoordinates,2, 35, 0.0,
SetTextureCoordinates,3, 35, 1,
GenerateNormals,
CreateMeshBuilder,
AddVertex, 1.3, 4.1, 0.0
AddVertex, 10.0, 4.1, 0.0
AddVertex, 10.0, 4.1,25.0
AddVertex, 1.3, 4.1,25.0
AddFace,0,1,2,3,
LoadTexture,../Roof1/MzRoof2.bmp
SetTextureCoordinates,0, 0, 1,
SetTextureCoordinates,1, 0, 0.0,
SetTextureCoordinates,2, 35, 0.0,
SetTextureCoordinates,3, 35, 1,
GenerateNormals,
Translate,5.55,0,0,

CreateMeshBuilder,
AddVertex,-1.3, 6.4, 0.0
AddVertex,-1.3, 6.4,25.0
AddVertex,-1.3, 4.1,25.0
AddVertex,-1.3, 4.1, 0.0
AddFace,0,1,2,3
LoadTexture,../Roof1/roofB1.bmp
SetTextureCoordinates,0,0,0,
SetTextureCoordinates,1,0,0,
SetTextureCoordinates,2,0.5,6,
SetTextureCoordinates,3,0.5,6,
Setcolor,110,110,90,
GenerateNormals,

CreateMeshBuilder,
AddVertex,-1.3, 6.4,25.0
AddVertex, 1.0, 6.4,25.0
AddVertex, 1.5, 6.0,25.0
AddVertex, 1.5, 6.0, 0.0
AddVertex, 1.0, 6.4, 0.0
AddVertex,-1.3, 6.4, 0.0
AddFace,5,4,1,0
AddFace,4,3,2,1
LoadTexture,../Roof1/roofB1.bmp
SetTextureCoordinates,0, -0.0, 0,
SetTextureCoordinates,1, -1.0, 0,
SetTextureCoordinates,2, -1.1, 0,
SetTextureCoordinates,3, -1.1, 6,
SetTextureCoordinates,4, -1.0, 6,
SetTextureCoordinates,5, -0.0, 6,
Setcolor,200,200,200,
GenerateNormals,


CreateMeshBuilder,
AddVertex,-2.1, 4.1, 25,
AddVertex,-1.9, 6.6, 25,
AddVertex, 3.55, 6.6, 25,
AddVertex, 3.55, 6.6, 0,
AddVertex,-1.9, 6.6, 0,
AddVertex,-2.1, 4.1, 0,
AddFace,5,4,1,0
AddFace,4,3,2,1
LoadTexture,../roof1/roofB1.bmp,
SetTextureCoordinates,0, -0.3, 0,
SetTextureCoordinates,1, 0, 0,
SetTextureCoordinates,2, 1.1, 0,
SetTextureCoordinates,3, 1.1, 6,
SetTextureCoordinates,4, 0, 6,
SetTextureCoordinates,5, -0.3, 6,
Setcolor,180,180,180
GenerateNormals,
CreateMeshBuilder
AddVertex, 8.1, 4.1, 25
AddVertex, 7.5, 6.6, 25
AddVertex, 3.55, 6.6, 25
AddVertex, 3.55, 6.6, 0
AddVertex, 7.5, 6.6, 0
AddVertex, 8.1, 4.1, 0
AddFace,0,1,4,5
AddFace,1,2,3,4
LoadTexture,../Roof1/roofB1.bmp
SetTextureCoordinates,0, -0.3, 0
SetTextureCoordinates,1, 0, 0
SetTextureCoordinates,2, 1.1, 0
SetTextureCoordinates,3, 1.1, 6
SetTextureCoordinates,4, 0, 6
SetTextureCoordinates,5, -0.3, 6
Setcolor,200,200,200,
GenerateNormals


CreateMeshBuilder,
AddVertex,-2.1, 4.1, 0.0
AddVertex,-1.3, 4.1, 0.0
AddVertex,-1.3, 1.1, 0.0
AddVertex,-2.1, 1.1, 0.0
AddFace2,0,1,2,3,
LoadTexture,../Pole/station_pole/ochiP5.bmp
SetTextureCoordinates,0,0,0,
SetTextureCoordinates,1,1,0,
SetTextureCoordinates,2,1,1,
SetTextureCoordinates,3,0,1,
GenerateNormals,
Setcolor,224,224,224,
Translate,-4,0,6.5
CreateMeshBuilder,
AddVertex,-2.1, 4.1, 0.0
AddVertex,-1.3, 4.1, 0.0
AddVertex,-1.3, 1.1, 0.0
AddVertex,-2.1, 1.1, 0.0
AddFace2,0,1,2,3,
LoadTexture,../Pole/station_pole/ochiP5.bmp
SetTextureCoordinates,0,0,0,
SetTextureCoordinates,1,1,0,
SetTextureCoordinates,2,1,1,
SetTextureCoordinates,3,0,1,
GenerateNormals,
Setcolor,224,224,224,
Translate,-4,0,18.5

CreateMeshBuilder,
AddVertex,-10.0, 1.1, 25.0
AddVertex,-10.0, 1.1, 0.0
AddVertex,-10.0, 4.1, 0.0
AddVertex,-10.0, 4.1, 25.0
AddFace2,0,1,2,3
GenerateNormals,
LoadTexture,../wall/toyo.bmp
SetTextureCoordinates,0,1,1
SetTextureCoordinates,1,0,1
SetTextureCoordinates,2,0,0
SetTextureCoordinates,3,1,0