CreateMeshBuilder,
AddVertex,-10.2, 1.1, 0,
AddVertex,-10.2, 1.1, 25.1,
AddVertex,-2.9, 1.1, 25.1,
AddVertex,-2.9, 1.1, 0,
AddFace,0, 1, 2, 3,
LoadTexture,uraForm.bmp
Setcolor,120,120,120
SetTextureCoordinates,0, 0, 2,
SetTextureCoordinates,1, 0, 0,
SetTextureCoordinates,2, 1, 0,
SetTextureCoordinates,3, 1, 2,
GenerateNormals,

CreateMeshBuilder,
AddVertex,-10.2, -0.45, 0,
AddVertex,-10.2, 1.1, 0,
AddVertex,-2.9, 1.1, 0,
AddVertex,-2.9, -0.45, 0,
AddFace,0, 1, 2, 3,
LoadTexture,FormWallB.bmp,
SetTextureCoordinates,0, 2, 1,
SetTextureCoordinates,1, 2, 0,
SetTextureCoordinates,2, 0, 0,
SetTextureCoordinates,3, 0, 1,
GenerateNormals,