CreateMeshBuilder
AddVertex,10.8, 4.7, 0
AddVertex, 1.5, 4.7, 0
AddVertex, 1.5, 1.1, 0
AddVertex,10.8, 1.1, 0
AddFace,3,2,1,0
LoadTexture,../Wall/iidaw.bmp
SetTextureCoordinates,0, 0.6, 0
SetTextureCoordinates,1, 1, 0
SetTextureCoordinates,2, 1, 1
SetTextureCoordinates,3, 0.6, 1
GenerateNormals
Translate,-16.6

CreateMeshBuilder,
AddVertex,-1.3, 6.4,0
AddVertex,-16.3, 6.4,0.0
AddVertex,-16.3, 4.7,0.0
AddVertex,-1.3, 4.7,0
AddFace2,0,1,2,3
LoadTexture,../Roof1/roofB1.bmp
SetTextureCoordinates,0,0.5,0,
SetTextureCoordinates,1,0.5,0,
SetTextureCoordinates,2,0.0,6,
SetTextureCoordinates,3,0.0,6,
Setcolor,110,110,90,
GenerateNormals,
Translate,9,20.9,0

CreateMeshBuilder
AddVertex,10.1, 7.8, 11.2
AddVertex, 1.8, 7.8, 11.2
AddVertex, 1.8, 1.1, 0
AddVertex,10.1, 1.1, 0
AddFace,3,2,1,0
LoadTexture,../sta/stairB.bmp
SetTextureCoordinates,0, 0, 0
SetTextureCoordinates,1, 1, 0
SetTextureCoordinates,2, 1, 2
SetTextureCoordinates,3, 0, 2
GenerateNormals
Translate,-16.25,20
CreateMeshBuilder
AddVertex,1.8, 4.7, 0
AddVertex, 1.8, 13.8, 15
AddVertex, 1.8, 10.2, 15
AddVertex,1.8, 1.1, 0
AddFace,0,1,2,3,
LoadTexture,../Wall/iidaw.bmp
SetTextureCoordinates,0, 0, 0
SetTextureCoordinates,1, 1, 0
SetTextureCoordinates,2, 1, 1
SetTextureCoordinates,3, 0, 1
GenerateNormals
Translate,-16.1,20
CreateMeshBuilder
AddVertex,3.8, 4.7, 0
AddVertex, 2.2, 4.7, 0
AddVertex, 2.2, 1.1, 0
AddVertex,3.8, 1.1, 0
AddFace,3,2,1,0
LoadTexture,../Wall/iidaw.bmp
SetTextureCoordinates,0, 0.2, 0
SetTextureCoordinates,1, 0.4, 0
SetTextureCoordinates,2, 0.4, 1
SetTextureCoordinates,3, 0.2, 1
GenerateNormals
Translate,-9.7,20,-0.2
CreateMeshBuilder
AddVertex,-2,4.4,0
AddVertex, 2,4.4,0
AddVertex, 2,4.0,0
AddVertex,-2,4.0,0
AddFace,0,1,2,3
GenerateNormals,
Loadtexture,../sta/EA_exit.bmp
SetTextureCoordinates,0,0,0
SetTextureCoordinates,1,1,0
SetTextureCoordinates,2,1,1
SetTextureCoordinates,3,0,1
Translate,-9.7,20.3,-0.2
Setcolor,200,200,200,
CreateMeshBuilder,
AddVertex, 2.0, 4.4, 0.0
AddVertex, 2.0, 4.4, 0.2
AddVertex, 2.0, 4.0, 0.2
AddVertex,-2.0, 4.0, 0.2
AddVertex,-2.0, 4.0, 0.0
AddVertex, 2.0, 4.0, 0.0
AddVertex,-2.0, 4.4, 0.2
AddVertex,-2.0, 4.4, 0.0
AddFace,0,1,2,5
AddFace,2,3,4,5
AddFace,6,7,4,3
Setcolor,150,150,150
GenerateNormals,
Translate,-9.7,20.3,-0.2

CreateMeshBuilder
AddVertex,7.8, 4.7, 0
AddVertex, 2.2, 4.7, 0
AddVertex, 2.2, 1.1, 0
AddVertex,7.8, 1.1, 0
AddFace,3,2,1,0
LoadTexture,../Wall/iidaw.bmp
SetTextureCoordinates,0, 0.2, 0
SetTextureCoordinates,1, 0.6, 0
SetTextureCoordinates,2, 0.6, 1
SetTextureCoordinates,3, 0.2, 1
GenerateNormals
Translate,1.2,20,-0.2