CreateMeshBuilder
AddVertex,-1.5, 1.1, 0
AddVertex,-1.5, 1.1, 25.3
AddVertex,-2.7, 1.1, 25.3
AddVertex,-2.7, 1.1, 0
AddFace,3, 2, 1, 0
GenerateNormals
LoadTexture,Tform.bmp
SetTextureCoordinates,0, 0, 18
SetTextureCoordinates,1, 0, 0
SetTextureCoordinates,2, 1, 0
SetTextureCoordinates,3, 1, 18

CreateMeshBuilder
AddVertex,-1.5, -0.45, 0
AddVertex,-1.5, -0.45, 25.3
AddVertex,-1.5, 1.1, 25.3
AddVertex,-1.5, 1.1, 0
AddFace,3, 2, 1, 0
GenerateNormals
LoadTexture,tozaiform.bmp
SetTextureCoordinates,0, 0, 1
SetTextureCoordinates,1, 5, 1
SetTextureCoordinates,2, 5, 0
SetTextureCoordinates,3, 0, 0

;;;;;;;;;;;;;;;;;;;;;;;;;;;;;;;;;;;;;;;;;;;;;;;;;;;
CreateMeshBuilder,
AddVertex,-10.8, 1.1, 0,
AddVertex,-10.8, 1.1, 25.4,
AddVertex,-2.7, 1.1, 25.4,
AddVertex,-2.7, 1.1, 0,
AddFace,0, 1, 2, 3,
GenerateNormals,
LoadTexture,FormD.bmp
SetTextureCoordinates,0, 5, 22,
SetTextureCoordinates,1, 5, 0,
SetTextureCoordinates,2, 0, 0,
SetTextureCoordinates,3, 0, 22,
Setcolor,200,200,200,
;;;;;;;;;;;;;;;;;;;;;;;;;;;;;;;;;;;;;;;;;;;;;;;;
CreateMeshBuilder,
AddVertex,-10.8, 1.1, 0,
AddVertex,-10.8, 4.7, 0,
AddVertex,-10.81, 4.7, 25.4,
AddVertex,-10.81, 1.1, 25.4,
AddFace,0,1,2,3,
LoadTexture,../Wall/iidaw.bmp
SetTextureCoordinates,0, 0, 1,
SetTextureCoordinates,1, 0, 0,
SetTextureCoordinates,2, 1, 0,
SetTextureCoordinates,3, 1, 1,
GenerateNormals,

CreateMeshBuilder,
AddVertex,-10.78, 3.75,11.2,
AddVertex,-10.78, 4.02,11.2,
AddVertex,-10.78, 4.02,13.2,
AddVertex,-10.78, 3.75,13.2,
AddFace,0,1,2,3
LoadTexture,../sta\iida.bmp
GenerateNormals,
SetTextureCoordinates,0, 0, 1,
SetTextureCoordinates,1, 0, 0,
SetTextureCoordinates,2, 1, 0,
SetTextureCoordinates,3, 1, 1,
Translate,0,0.2,0,

CreateMeshBuilder,
Addvertex,-5.3, 4.7,  0.4,  ;0
Addvertex,-5.35, 4.7,  0.18,
AddVertex,-5.55, 4.7,  0.1   ;2
AddVertex,-5.7, 4.7,  0.18
AddVertex,-5.8, 4.7,  0.4   ;4
AddVertex,-5.8, 1.1,  0.4   ;5
AddVertex,-5.7, 1.1,  0.18
AddVertex,-5.55, 1.1,  0.1   ;7
Addvertex,-5.35, 1.1,  0.18,
Addvertex,-5.3, 1.1,  0.4,  ;9
AddFace,9,8,1,0
AddFace,8,7,2,1
AddFace,7,6,3,2
AddFace,6,5,4,3
LoadTexture,../Pole/station_pole/ochiP4.bmp,
SetTextureCoordinates,0  ,0.0,0
SetTextureCoordinates,1  ,0.3,0
SetTextureCoordinates,2  ,0.5,0
SetTextureCoordinates,3  ,0.7,0
SetTextureCoordinates,4  ,1.0,0
SetTextureCoordinates,5  ,1.0,1
SetTextureCoordinates,6  ,0.7,1
SetTextureCoordinates,7  ,0.5,1
SetTextureCoordinates,8  ,0.3,1
SetTextureCoordinates,9  ,0.0,1
GenerateNormals,
;Setcolor,245,240,240,
Translate,-2,0,3

CreateMeshBuilder,
Addvertex,-5.3, 4.7,  0.4,  ;0
Addvertex,-5.35, 4.7,  0.18,
AddVertex,-5.55, 4.7,  0.1   ;2
AddVertex,-5.7, 4.7,  0.18
AddVertex,-5.8, 4.7,  0.4   ;4
AddVertex,-5.8, 1.1,  0.4   ;5
AddVertex,-5.7, 1.1,  0.18
AddVertex,-5.55, 1.1,  0.1   ;7
Addvertex,-5.35, 1.1,  0.18,
Addvertex,-5.3, 1.1,  0.4,  ;9
AddFace,9,8,1,0
AddFace,8,7,2,1
AddFace,7,6,3,2
AddFace,6,5,4,3
LoadTexture,../Pole/station_pole/ochiP4.bmp,
SetTextureCoordinates,0  ,0.0,0
SetTextureCoordinates,1  ,0.3,0
SetTextureCoordinates,2  ,0.5,0
SetTextureCoordinates,3  ,0.7,0
SetTextureCoordinates,4  ,1.0,0
SetTextureCoordinates,5  ,1.0,1
SetTextureCoordinates,6  ,0.7,1
SetTextureCoordinates,7  ,0.5,1
SetTextureCoordinates,8  ,0.3,1
SetTextureCoordinates,9  ,0.0,1
GenerateNormals,
;Setcolor,245,240,240,
Translate,-2,0,8

CreateMeshBuilder,
Addvertex,-5.3, 4.7,  0.4,  ;0
Addvertex,-5.35, 4.7,  0.18,
AddVertex,-5.55, 4.7,  0.1   ;2
AddVertex,-5.7, 4.7,  0.18
AddVertex,-5.8, 4.7,  0.4   ;4
AddVertex,-5.8, 1.1,  0.4   ;5
AddVertex,-5.7, 1.1,  0.18
AddVertex,-5.55, 1.1,  0.1   ;7
Addvertex,-5.35, 1.1,  0.18,
Addvertex,-5.3, 1.1,  0.4,  ;9
AddFace,9,8,1,0
AddFace,8,7,2,1
AddFace,7,6,3,2
AddFace,6,5,4,3
LoadTexture,../Pole/station_pole/ochiP4.bmp,
SetTextureCoordinates,0  ,0.0,0
SetTextureCoordinates,1  ,0.3,0
SetTextureCoordinates,2  ,0.5,0
SetTextureCoordinates,3  ,0.7,0
SetTextureCoordinates,4  ,1.0,0
SetTextureCoordinates,5  ,1.0,1
SetTextureCoordinates,6  ,0.7,1
SetTextureCoordinates,7  ,0.5,1
SetTextureCoordinates,8  ,0.3,1
SetTextureCoordinates,9  ,0.0,1
GenerateNormals,
;Setcolor,245,240,240,
Translate,-2,0,13

CreateMeshBuilder,
Addvertex,-5.3, 4.7,  0.4,  ;0
Addvertex,-5.35, 4.7,  0.18,
AddVertex,-5.55, 4.7,  0.1   ;2
AddVertex,-5.7, 4.7,  0.18
AddVertex,-5.8, 4.7,  0.4   ;4
AddVertex,-5.8, 1.1,  0.4   ;5
AddVertex,-5.7, 1.1,  0.18
AddVertex,-5.55, 1.1,  0.1   ;7
Addvertex,-5.35, 1.1,  0.18,
Addvertex,-5.3, 1.1,  0.4,  ;9
AddFace,9,8,1,0
AddFace,8,7,2,1
AddFace,7,6,3,2
AddFace,6,5,4,3
LoadTexture,../Pole/station_pole/ochiP4.bmp,
SetTextureCoordinates,0  ,0.0,0
SetTextureCoordinates,1  ,0.3,0
SetTextureCoordinates,2  ,0.5,0
SetTextureCoordinates,3  ,0.7,0
SetTextureCoordinates,4  ,1.0,0
SetTextureCoordinates,5  ,1.0,1
SetTextureCoordinates,6  ,0.7,1
SetTextureCoordinates,7  ,0.5,1
SetTextureCoordinates,8  ,0.3,1
SetTextureCoordinates,9  ,0.0,1
GenerateNormals,
;Setcolor,245,240,240,
Translate,-2,0,18

CreateMeshBuilder,
Addvertex,-5.3, 4.7,  0.4,  ;0
Addvertex,-5.35, 4.7,  0.18,
AddVertex,-5.55, 4.7,  0.1   ;2
AddVertex,-5.7, 4.7,  0.18
AddVertex,-5.8, 4.7,  0.4   ;4
AddVertex,-5.8, 1.1,  0.4   ;5
AddVertex,-5.7, 1.1,  0.18
AddVertex,-5.55, 1.1,  0.1   ;7
Addvertex,-5.35, 1.1,  0.18,
Addvertex,-5.3, 1.1,  0.4,  ;9
AddFace,9,8,1,0
AddFace,8,7,2,1
AddFace,7,6,3,2
AddFace,6,5,4,3
LoadTexture,../Pole/station_pole/ochiP4.bmp,
SetTextureCoordinates,0  ,0.0,0
SetTextureCoordinates,1  ,0.3,0
SetTextureCoordinates,2  ,0.5,0
SetTextureCoordinates,3  ,0.7,0
SetTextureCoordinates,4  ,1.0,0
SetTextureCoordinates,5  ,1.0,1
SetTextureCoordinates,6  ,0.7,1
SetTextureCoordinates,7  ,0.5,1
SetTextureCoordinates,8  ,0.3,1
SetTextureCoordinates,9  ,0.0,1
GenerateNormals,
;Setcolor,245,240,240,
Translate,-2,0,23

;;;;;;;;;;;;;;;;;;;;;;;;;;;;;;;;;;;;;;;;;;;;
CreateMeshBuilder,
AddVertex,-7.5, 4.7, 0.0
AddVertex,-10.8, 4.7, 0.0
AddVertex,-10.8, 4.7,25.4
AddVertex,-7.5, 4.7,25.4
AddFace,3,2,1,0
LoadTexture,../Roof1/MzRoof2.bmp
SetTextureCoordinates,0, 0, -1.0,
SetTextureCoordinates,1, 0, -0.2,
SetTextureCoordinates,2, 35, -0.2,
SetTextureCoordinates,3, 35, -1.0,
GenerateNormals,

CreateMeshBuilder,
AddVertex,-1.49, 0.88, 0,
AddVertex,-1.49, 1.1, 0,
AddVertex,-1.49, 1.1, 25,
AddVertex,-1.49, 0.88, 25,
AddFace,0,1,2,3
GenerateNormals,
LoadTexture,../Retu1.bmp,
SetTextureCoordinates,0, 0, 1,
SetTextureCoordinates,1, 0, 0,
SetTextureCoordinates,2, 4, 0,
SetTextureCoordinates,3, 4, 1,
SetDecalTransparentColor,255,255,255