CreateMeshBuilder,
AddVertex,-1.5, 1.1, 0,
AddVertex,-1.5, 1.1, 25.3,
AddVertex,-3.0, 1.11, 25.3,
AddVertex,-3.0, 1.11, 0,
AddFace,3, 2, 1, 0,
GenerateNormals,
LoadTexture,Tform.bmp,
SetTextureCoordinates,0, 0, 28,
SetTextureCoordinates,1, 0, 0,
SetTextureCoordinates,2, 1, 0,
SetTextureCoordinates,3, 1, 28,
Setcolor,255,255,200

CreateMeshBuilder,
AddVertex,-2.1, -0.45, 0,
AddVertex,-2.1, 0.7, 0,
AddVertex,-1.5, 0.9, 0,
AddVertex,-1.5, 1.1, 0,
AddVertex,-1.5, 1.1, 25.3,
AddVertex,-1.5, 0.9, 25.3,
AddVertex,-2.1, 0.7, 25.3,
AddVertex,-2.1, -0.45, 25.3,
AddFace,0,1,6,7,
AddFace,1,2,5,6,
AddFace,2,3,4,5,
GenerateNormals,
LoadTexture,FormWallC.bmp,
SetTextureCoordinates,0, 5, 1,
SetTextureCoordinates,1, 5, 0.2,
SetTextureCoordinates,2, 5, 0.15,
SetTextureCoordinates,3, 5, 0,
SetTextureCoordinates,4, 0, 0,
SetTextureCoordinates,5, 0, 0.15,
SetTextureCoordinates,6, 0, 0.2,
SetTextureCoordinates,7, 0, 1,

CreateMeshBuilder,
AddVertex,-2.1, -0.45, 0,
AddVertex,-2.1, 0.7, 0,
AddVertex,-1.5, 0.9, 0,
AddVertex,-3.0, 0.9, 0,
AddVertex,-3.0, -0.45, 0,
AddFace2,0,1,3,4,
AddFace2,1,2,3,
Setcolor,30,30,30,
GenerateNormals,

CreateMeshBuilder,
AddVertex,-1.5, 0.9, 0,
AddVertex,-1.5, 1.1, 0,
AddVertex,-3.0, 1.1, 0,
AddVertex,-3.0, 0.9, 0,
AddFace2,0,1,2,3,
GenerateNormals,
LoadTexture,FormWallB.bmp,
SetTextureCoordinates,0, 0.5, .1,
SetTextureCoordinates,1, 0.5, 0,
SetTextureCoordinates,2, 0.7, 0,
SetTextureCoordinates,3, 0.7, .1,


CreateMeshBuilder
AddVertex,-2.1, -0.19, 25
AddVertex,-1.6, -0.19, 25
AddVertex,-1.6, -0.19, 0
AddVertex,-2.1, -0.19, 0
AddFace2,0,1,2,3,
LoadTexture,../EntSlab1.bmp
SetTextureCoordinates,0,  0,1
SetTextureCoordinates,1,  0,-0.07
SetTextureCoordinates,2,  30,-0.07
SetTextureCoordinates,3,  30,1
Setcolor,153,153,157,
GenerateNormals

CreateMeshBuilder,
AddVertex,-1.49, 0.88, 0,
AddVertex,-1.49, 1.1, 0,
AddVertex,-1.49, 1.1, 25,
AddVertex,-1.49, 0.88, 25,
AddFace,0,1,2,3
GenerateNormals,
LoadTexture,../Retu1.bmp,
SetTextureCoordinates,0, 0, 1,
SetTextureCoordinates,1, 0, 0,
SetTextureCoordinates,2, 4, 0,
SetTextureCoordinates,3, 4, 1,
SetDecalTransparentColor,255,255,255