CreateMeshBuilder,
AddVertex,-0.95, -0.134, -80
AddVertex,-0.95, -5.134, 25
AddVertex,0.95, -5.134, 25
AddVertex,0.95, -0.134, -80
AddFace,0, 1, 2, 3
GenerateNormals
LoadTexture,../Tie_c1.png
SetTextureCoordinates,0,0.095,32
SetTextureCoordinates,1,0.095,0
SetTextureCoordinates,2,0.85,0
SetTextureCoordinates,3,0.85,32
Translate,-0.08,,

CreateMeshBuilder,
AddVertex,-0.95, -0.134, -80
AddVertex,-0.95, -5.134, 25
AddVertex,0.95, -5.134, 25
AddVertex,0.95, -0.134, -80
AddFace,0, 1, 2, 3
GenerateNormals
LoadTexture,../Tie_c1.png
SetTextureCoordinates,0,0.095,32
SetTextureCoordinates,1,0.095,0
SetTextureCoordinates,2,0.85,0
SetTextureCoordinates,3,0.85,32
Translate,3.6,,

CreateMeshBuilder,,,,
AddVertex, 5.95,-0.145,-80,
AddVertex,-2.5,-0.145,-80,
AddVertex,-2.5,-5.146,25,
AddVertex, 5.95,-5.146,25,
AddFace,0,1,2,3
GenerateNormals,,,,
Setcolor,200,210,220
LoadTexture,../ballast_c.png,,,
SetTextureCoordinates,0,3,20,
SetTextureCoordinates,1,0,20,
SetTextureCoordinates,2,0,0,
SetTextureCoordinates,3,3,0,
Translate,,,

CreateMeshBuilder,
AddVertex,-0.602, 0, -80
AddVertex,-0.602, -5, 25.5
AddVertex,-0.534, -5, 25.5
AddVertex,-0.534, 0, -80
AddFace,0, 1, 2, 3
Setcolor,200,200,200
LoadTexture,../../Rail\Railb.bmp
SetTextureCoordinates,0,0,0,
SetTextureCoordinates,1,0,4,
SetTextureCoordinates,2,1,4,
SetTextureCoordinates,3,1,0,
GenerateNormals,
Translate,-0.08,,

CreateMeshBuilder,
AddVertex,0.534, 0, -80
AddVertex,0.534, -5, 25.5
AddVertex,0.602, -5, 25.5
AddVertex,0.602, 0, -80
AddFace,0, 1, 2, 3
Setcolor,200,200,200
LoadTexture,../../Rail\Railb.bmp
SetTextureCoordinates,0,1,0,
SetTextureCoordinates,1,1,4,
SetTextureCoordinates,2,0,4,
SetTextureCoordinates,3,0,0,
GenerateNormals
Translate,-0.08,,

CreateMeshBuilder,
AddVertex,-0.602, 0, -80
AddVertex,-0.602, -5, 25.5
AddVertex,-0.534, -5, 25.5
AddVertex,-0.534, 0, -80
AddFace,0, 1, 2, 3
Setcolor,200,200,200
LoadTexture,../../Rail\Railb.bmp
SetTextureCoordinates,0,0,0,
SetTextureCoordinates,1,0,4,
SetTextureCoordinates,2,1,4,
SetTextureCoordinates,3,1,0,
GenerateNormals
translate,3.6,,

CreateMeshBuilder,
AddVertex,0.534, 0, -80
AddVertex,0.534, -5, 25.5
AddVertex,0.602, -5, 25.5
AddVertex,0.602, 0, -80
AddFace,0, 1, 2, 3
Setcolor,200,200,200
LoadTexture,../../Rail\Railb.bmp
SetTextureCoordinates,0,1,0,
SetTextureCoordinates,1,1,4,
SetTextureCoordinates,2,0,4,
SetTextureCoordinates,3,0,0,
GenerateNormals
Translate,3.6,,

CreateMeshBuilder,
AddVertex,-0.012, 5.1, -80,
AddVertex,-0.012, -3.1, 25.2,
AddVertex,-0.024, -3.1, 25.2,
AddVertex,-0.024, 5.1, -80,
AddFace,0,1,2,3,
SetColor,48,40,32,
Translate,-0.08,,
GenerateNormals,

CreateMeshBuilder,
AddVertex,-0.012, 5.7, -80,
AddVertex,-0.012, -3.7, 25.2,
AddVertex,-0.024, -3.7, 25.2,
AddVertex,-0.024, 5.7, -80,
AddFace,0,1,2,3,
SetColor,48,40,32,
Translate,-0.08,,
GenerateNormals,

CreateMeshBuilder,
AddVertex,0.012, 5.1, -80,
AddVertex,0.012, -3.1, 25.2,
AddVertex,0.024, -3.1, 25.2,
AddVertex,0.024, 5.1, -80,
AddFace,3,2,1,0,
SetColor,48,40,32,
Translate,-0.08,,
GenerateNormals,

CreateMeshBuilder,
AddVertex,0.012, 5.7, -80,
AddVertex,0.012, -3.7, 25.2,
AddVertex,0.024, -3.7, 25.2,
AddVertex,0.024, 5.7, -80,
AddFace,3,2,1,0,
SetColor,48,40,32,
Translate,-0.08,,
GenerateNormals,


CreateMeshBuilder,
AddVertex,-0.012, 5.1, -80,
AddVertex,-0.012, -3.1, 25.2,
AddVertex,-0.024, -3.1, 25.2,
AddVertex,-0.024, 5.1, -80,
AddFace,0,1,2,3,
SetColor,48,40,32,
Translate,3.6,,
GenerateNormals,

CreateMeshBuilder,
AddVertex,-0.012, 5.7, -80,
AddVertex,-0.012, -3.7, 25.2,
AddVertex,-0.024, -3.7, 25.2,
AddVertex,-0.024, 5.7, -80,
AddFace,0,1,2,3,
SetColor,48,40,32,
Translate,3.6,,
GenerateNormals,

CreateMeshBuilder,
AddVertex,0.012, 5.1, -80,
AddVertex,0.012, -3.1, 25.2,
AddVertex,0.024, -3.1, 25.2,
AddVertex,0.024, 5.1, -80,
AddFace,3,2,1,0,
SetColor,48,40,32,
Translate,3.6,,
GenerateNormals,

CreateMeshBuilder,
AddVertex,0.012, 5.7, -80,
AddVertex,0.012, -3.7, 25.2,
AddVertex,0.024, -3.7, 25.2,
AddVertex,0.024, 5.7, -80,
AddFace,3,2,1,0,
SetColor,48,40,32,
Translate,3.6,,
GenerateNormals,

CreateMeshBuilder,
AddVertex,-0.568,-0.01,-80,
AddVertex,-0.568,-5.01,25.5,
AddVertex,-0.568,-5.13,25.5,
AddVertex,-0.568,-0.13,-80,
AddVertex, 0.568,-0.01,-80,
AddVertex, 0.568,-5.01,25.5,
AddVertex, 0.568,-5.13,25.5,
AddVertex, 0.568,-0.13,-80,
AddFace2,0,1,2,3
AddFace2,4,5,6,7
SetColor,80,51,37
Translate,3.6,
GenerateNormals,

CreateMeshBuilder
AddVertex,3.01,11.0,-80
AddVertex,3,11.0,25
AddVertex,3, 9.5,25
AddVertex,2, 9.5,25
AddVertex,2, 2.5,25
AddVertex,2.01, 2.5,-80
AddVertex,2.01, 9.5,-80
AddVertex,3.01, 9.5,-80
AddFace2,7,2,1,0
AddFace2,6,3,2,7
AddFace2,6,5,4,3
Loadtexture,../../../Con3.bmp
SetTextureCoordinates,0,0,0
SetTextureCoordinates,1,2.0,0
SetTextureCoordinates,2,2.0,0.5
SetTextureCoordinates,3,2.0,1
SetTextureCoordinates,4,2.0,2
SetTextureCoordinates,5,0,2
SetTextureCoordinates,6,0,1
SetTextureCoordinates,7,0,0.5
GenerateNormals,
Translate,3.95,-9,

CreateMeshBuilder,
AddVertex,-3.01,11.0,-80
AddVertex,-3.0,11.0,25
AddVertex,-3.0, 9.5,25
AddVertex,-2.0, 9.5,25
AddVertex,-2.0, 0.5,25
AddVertex,-2.01, 0.5,-80
AddVertex,-2.01, 9.5,-80
AddVertex,-3.01, 9.5,-80
AddFace2,7,2,1,0,
AddFace2,6,3,2,7,
AddFace2,6,5,4,3,
Loadtexture,../../../Con3.bmp
SetTextureCoordinates,0,0,0
SetTextureCoordinates,1,2.0,0
SetTextureCoordinates,2,2.0,0.5
SetTextureCoordinates,3,2.0,1
SetTextureCoordinates,4,2.0,2
SetTextureCoordinates,5,0,2
SetTextureCoordinates,6,0,1
SetTextureCoordinates,7,0,0.5
GenerateNormals,
Translate,-0.5,-9,

CreateMeshBuilder,
Addvertex,-2.5, -3.5, -80,
AddVertex,-2.5, -3.5, 25,
AddVertex,-250, -3.5, 0,
AddVertex,-250, -3.5, -136,
AddFace,3,2,1,0,
LoadTexture,../../con2.bmp
SetTextureCoordinates,0, 0, 0,
SetTextureCoordinates,1, 4, 0,
SetTextureCoordinates,2, 4, 10,
SetTextureCoordinates,3, 0, 10,
GenerateNormals,
Setcolor,170,160,160,

CreateMeshBuilder,
Addvertex,6.0, -3.5, -80,
AddVertex,6.0, -3.5, 25,
AddVertex,250, -3.5, 25,
AddVertex,250, -3.5, -80,
AddFace,0,1,2,3,
LoadTexture,../../con2.bmp
SetTextureCoordinates,0, 0, 0,
SetTextureCoordinates,1, 4, 0,
SetTextureCoordinates,2, 4, 10,
SetTextureCoordinates,3, 0, 10,
GenerateNormals,
Setcolor,170,160,160,
