CreateMeshBuilder,
AddVertex,0.4, 6.0, 0.235
AddVertex,0.6, 6.0, 0.235
AddVertex,0.6,-0.0, 0.235
AddVertex,0.4,-0.0, 0.235
AddFace2,0,1,2,3
LoadTexture,../../../EDtozai/pole/Tpole.bmp
SetTextureCoordinates,0,0,0,
SetTextureCoordinates,1,1,0,
SetTextureCoordinates,2,1,1,
SetTextureCoordinates,3,0,1,
GenerateNormals,
SetEmissiveColor,45,45,45
Translate,-0.5

CreateMeshBuilder,
AddVertex,0.0, 5.35, 0.235
AddVertex,1.2, 5.35, 0.235
AddVertex,1.2, 5.25, 0.235
AddVertex,0.0, 5.25, 0.235
AddVertex,0.00, 4.70, 0.235
AddVertex,0.00, 4.60, 0.235
AddVertex,1.22, 5.15, 0.235
AddVertex,1.22, 5.25, 0.235
AddFace2,0,1,2,3
AddFace2,7,6,5,4
SetColor,126,126,126
SetEmissiveColor,45,45,45
GenerateNormals,

CreateMeshBuilder,
AddVertex, 1.72, 5.5, 0.23
AddVertex, 2.98, 5.5, 0.23
AddVertex, 2.98, 5.1, 0.23
AddVertex, 1.72, 5.1, 0.23
AddFace2,0,1,2,3
LoadTexture,../../Road\(R)sig.bmp
SetTextureCoordinates,0,0,0,
SetTextureCoordinates,1,1,0,
SetTextureCoordinates,2,1,1,
SetTextureCoordinates,3,0,1,
Translate,-0.6,-0.05,0
SetEmissiveColor,45,45,45
SetDecalTransparentColor,0,0,255
GenerateNormals,

CreateMeshBuilder
AddVertex,-0.27,-0.7662, 0.23
AddVertex,-0.27,-0.4962, 0.23
AddVertex,0.02,-0.4962, 0.23
AddVertex,0.02,-0.7662, 0.23
AddFace2,0,1,2,3
SetTextureCoordinates,0,0.0,1.0
SetTextureCoordinates,1,0.0,0.0
SetTextureCoordinates,2,1.0,0.0
SetTextureCoordinates,3,1.0,1.0
LoadTexture,../light_red.png
SetEmissiveColor,255,255,255,
SetBlendMode,Additive
Translate,2.2,5.86,-0.02
CreateMeshBuilder
AddVertex,-0.22,-0.7262, 0.23
AddVertex,-0.22,-0.4962, 0.23
AddVertex,0.00,-0.4962, 0.23
AddVertex,0.00,-0.7262, 0.23
AddFace2,0,1,2,3
SetTextureCoordinates,0,0.0,1.0
SetTextureCoordinates,1,0.0,0.0
SetTextureCoordinates,2,1.0,0.0
SetTextureCoordinates,3,1.0,1.0
LoadTexture,../light_red.png
SetEmissiveColor,255,255,255,
SetBlendMode,Additive
Translate,-0.36,3.90,-0.02

CreateMeshBuilder
AddVertex,-0.77,-0.8662, 0.23
AddVertex,-0.77,-0.3962, 0.23
AddVertex,0.52,-0.3962, 0.23
AddVertex,0.52,-0.8662, 0.23
AddFace2,0,1,2,3
SetTextureCoordinates,0,0.0,1.0
SetTextureCoordinates,1,0.0,0.0
SetTextureCoordinates,2,1.0,0.0
SetTextureCoordinates,3,1.0,1.0
LoadTexture,../glow_red.png
SetEmissiveColor,255,255,255,
SetBlendMode,Additive,40,DivideExponent2
Translate,2.2,5.86,-0.02
CreateMeshBuilder
AddVertex,-0.72,-0.8462, 0.23
AddVertex,-0.72,-0.3962, 0.23
AddVertex,0.50,-0.3962, 0.23
AddVertex,0.50,-0.8262, 0.23
AddFace2,0,1,2,3
SetTextureCoordinates,0,0.0,1.0
SetTextureCoordinates,1,0.0,0.0
SetTextureCoordinates,2,1.0,0.0
SetTextureCoordinates,3,1.0,1.0
LoadTexture,../glow_red.png
SetEmissiveColor,255,255,255,
SetBlendMode,Additive,40,DivideExponent2
Translate,-0.36,3.90,-0.02


CreateMeshBuilder,
AddVertex,-0.59, 2.5, 0.23
AddVertex,-0.09, 2.5, 0.23
AddVertex,-0.09, 1.8, 0.23
AddVertex,-0.59, 1.8, 0.23
AddFace2,0,1,2,3,
LoadTexture,../../Road\sigcross.bmp
SetTextureCoordinates,0, 0, 0,
SetTextureCoordinates,1, 1, 0,
SetTextureCoordinates,2, 1, 1,
SetTextureCoordinates,3, 0, 1,
GenerateNormals,
SetEmissiveColor,45,45,45
SetDecalTransparentColor,253,253,253
Translate,0,1,0