CreateMeshBuilder,
AddVertex, 75, -4.8, 0,
AddVertex, 75, -4.8, 25,
AddVertex, 29, -4.8, 25,
AddVertex, 29, -4.8, 0,
AddFace,3,2,1,0
GenerateNormals,
;LoadTexture,River_23.bmp
LoadTexture,../riverB.jpg
SetTextureCoordinates,0, 1, 0,
SetTextureCoordinates,1, 1, 1,
SetTextureCoordinates,2, 0, 1,
SetTextureCoordinates,3, 0, 0,
Setcolor,250,250,200,200

CreateMeshBuilder,
AddVertex, 75, -1114.8, 0,
AddVertex, 75, -1114.8, 25,
AddVertex, 29, -1114.8, 25,
AddVertex, 29, -1114.8, 0,
AddFace,3,2,1,0
GenerateNormals,
;LoadTexture,River_23.bmp
LoadTexture,../riverB.jpg
SetTextureCoordinates,0, 1, 0,
SetTextureCoordinates,1, 1, 1,
SetTextureCoordinates,2, 0, 1,
SetTextureCoordinates,3, 0, 0,
Setcolor,250,250,200,100