CreateMeshBuilder,
AddVertex,-1.9, -1.2, 0
AddVertex,-1.9, -1.2, 26.3
AddVertex, 8.9, -1.2, 26.3
AddVertex, 8.9, -1.2, 0
AddFace2,0,1,2,3
LoadTexture,../../Road\road(K).bmp
SetTextureCoordinates,0,0,5,
SetTextureCoordinates,1,0,0,
SetTextureCoordinates,2,2,0,
SetTextureCoordinates,3,2,5,
GenerateNormals,

CreateMeshBuilder,,,,
AddVertex,-2.4,-0.47,24,
AddVertex,-2.4,0.6,24,
AddVertex,-2.4,0.6,0,
AddVertex,-2.4,-0.47,0,
AddFace2,0,1,2,3
GenerateNormals,,,,
LoadTexture,../../Road\guardrail3.bmp
SetTextureCoordinates,0,0,1,
SetTextureCoordinates,1,0,0,
SetTextureCoordinates,2,4,0,
SetTextureCoordinates,3,4,1,
Translate,0.7,-0.73,0,
SetDecalTransparentColor,0,0,255


CreateMeshBuilder,,,,
AddVertex,-2.6,-0.45,0,
AddVertex,-2.6,0.5,0,
AddVertex,-2.4,0.5,0,
AddVertex,-2.4,-0.45,0,
AddFace2,0,1,2,3
GenerateNormals,,,,
LoadTexture,../../Road\guardrail.bmp,,,
SetTextureCoordinates,0,1,1,
SetTextureCoordinates,1,0,1,
SetTextureCoordinates,2,0,0.5,
SetTextureCoordinates,3,1,0.5,
Translate,0.7,-0.73,0,

CreateMeshBuilder,
AddVertex,-3.45, 0.37, 0
AddVertex,-2.63, 0.37, 0
AddVertex,-2.63,-0.45, 0
AddVertex,-2.63,-0.45, 24
ADdVertex,-2.63, 0.37, 24
AddVertex,-3.45, 0.37, 24
AddFace2,5,4,1,0
AddFace2,4,3,2,1
LoadTexture,../../../bg1.bmp
SetTextureCoordinates,0,0,1,
SetTextureCoordinates,1,0,0.5,
SetTextureCoordinates,2,0,0,
SetTextureCoordinates,3,2,0,
SetTextureCoordinates,4,2,0.5,
SetTextureCoordinates,5,2,1,
Setcolor,170,170,170
GenerateNormals,
Translate,6.5,-0.8,0
CreateMeshBuilder,
AddVertex,-2.63,-0.45, 0
AddVertex,-3.45,-0.45, 0
AddVertex,-3.45,-0.45, 24
AddVertex,-3.45, 0.37, 24
AddVertex,-3.45, 0.37, 0
AddVertex,-2.63, 0.37, 0
AddFace2,0,1,4,5
AddFace2,1,2,3,4
LoadTexture,../../../bg1.bmp
SetTextureCoordinates,0,0,6,
SetTextureCoordinates,1,0,5.5,
SetTextureCoordinates,2,0,0,
SetTextureCoordinates,3,1,0,
SetTextureCoordinates,4,1,5.5,
SetTextureCoordinates,5,1,6,
Setcolor,170,170,170
GenerateNormals,
Translate,6.5,-0.8,0

CreateMeshBuilder
AddVertex,2.4,-0.47,24
AddVertex,2.4,0.6,24
AddVertex,2.4,0.6,0
AddVertex,2.4,-0.47,0
AddFace2,3,2,1,0
GenerateNormals
LoadTexture,../../Road\guardrail3.bmp
SetTextureCoordinates,0,0,1
SetTextureCoordinates,1,0,0
SetTextureCoordinates,2,4,0
SetTextureCoordinates,3,4,1
Translate, 6.3,-0.73,0
SetDecalTransparentColor,0,0,255

CreateMeshBuilder,,,,
AddVertex,2.6,-0.45,0,
AddVertex,2.6,0.5,0,
AddVertex,2.4,0.5,0,
AddVertex,2.4,-0.45,0,
AddFace2,3,2,1,0
GenerateNormals,,,,
LoadTexture,../../Road\guardrail.bmp,,,
SetTextureCoordinates,0,1,1,
SetTextureCoordinates,1,0,1,
SetTextureCoordinates,2,0,0.5,
SetTextureCoordinates,3,1,0.5,
Translate,6.3,-0.73,0,


CreateMeshBuilder,
AddVertex,-3, -2, 0
AddVertex,-3,  4.2, 0
AddVertex,-0.7,  4.2, 0
AddVertex,-0.7, -2, 0
AddFace2,0,1,2,3
LoadTexture,../../Road\right2.bmp,
SetTextureCoordinates,0,0,1,
SetTextureCoordinates,1,0,0,
SetTextureCoordinates,2,1,0,
SetTextureCoordinates,3,1,1,
SetEmissiveColor,155,155,155
SetDecalTransparentColor,0,0,0
GenerateNormals,
Translate,1.3,0.8,0

CreateMeshBuilder
AddVertex,3, -2, 0
AddVertex,3,  4.2, 0
AddVertex,0.7,  4.2, 0
AddVertex,0.7, -2, 0
AddFace2,3,2,1,0
LoadTexture,../../Road\right2.bmp
SetTextureCoordinates,0,0,1
SetTextureCoordinates,1,0,0
SetTextureCoordinates,2,1,0
SetTextureCoordinates,3,1,1
SetEmissiveColor,155,165,155
SetDecalTransparentColor,0,0,0
GenerateNormals
Translate,5.7,0.8,0

CreateMeshBuilder
AddVertex,-0.35,-0.7262,-0.01
AddVertex,-0.35,-0.5562,-0.01
AddVertex,0.02,-0.4962,-0.01
AddVertex,0.02,-0.6862,-0.01
AddVertex,-0.35,-0.7262,0.01
AddVertex,-0.35,-0.5562,0.01
AddVertex,0.02,-0.4962,0.01
AddVertex,0.02,-0.6862,0.01
AddFace2,0,1,2,3
AddFace2,4,5,6,7,
SetTextureCoordinates,0,0.0,1.0
SetTextureCoordinates,1,0.0,0.0
SetTextureCoordinates,2,1.0,0.0
SetTextureCoordinates,3,1.0,1.0
SetTextureCoordinates,4,0.0,1.0
SetTextureCoordinates,5,0.0,0.0
SetTextureCoordinates,6,1.0,0.0
SetTextureCoordinates,7,1.0,1.0
LoadTexture,../light_white.png
SetEmissiveColor,255,255,255
SetBlendMode,Additive
Translate,0.39,5.48,0
CreateMeshBuilder
AddVertex,-0.35,-0.6962,-0.01
AddVertex,-0.35,-0.5062,-0.01
AddVertex,0.02,-0.5262,-0.01
AddVertex,0.02,-0.7262,-0.01
AddVertex,-0.35,-0.6962,0.01
AddVertex,-0.35,-0.5062,0.01
AddVertex,0.02,-0.5262,0.01
AddVertex,0.02,-0.7262,0.01
AddFace2,0,1,2,3
AddFace2,4,5,6,7
SetTextureCoordinates,0,0.0,1.0
SetTextureCoordinates,1,0.0,0.0
SetTextureCoordinates,2,1.0,0.0
SetTextureCoordinates,3,1.0,1.0
SetTextureCoordinates,4,0.0,1.0
SetTextureCoordinates,5,0.0,0.0
SetTextureCoordinates,6,1.0,0.0
SetTextureCoordinates,7,1.0,1.0
LoadTexture,../light_white.png
SetEmissiveColor,255,255,255
SetBlendMode,Additive
Translate,6.89,5.48,0
CreateMeshBuilder
AddVertex,-0.30,-0.8162,-0.01
AddVertex,-0.30,-0.5562,-0.01
AddVertex,0.02,-0.4962,-0.01
AddVertex,0.02,-0.7562,-0.01
AddFace2,0,1,2,3
SetTextureCoordinates,0,0.0,1.0
SetTextureCoordinates,1,0.0,0.0
SetTextureCoordinates,2,1.0,0.0
SetTextureCoordinates,3,1.0,1.0
LoadTexture,../glow_whiteX.png
SetEmissiveColor,255,255,255
SetBlendMode,Additive,130,DivideExponent4
scale,5,5,5
Translate,1.09,8.26,0
CreateMeshBuilder
AddVertex,-0.30,-0.7562,-0.01
AddVertex,-0.30,-0.4962,-0.01
AddVertex,0.02,-0.5562,-0.01
AddVertex,0.02,-0.8162,-0.01
AddFace2,0,1,2,3
SetTextureCoordinates,0,0.0,1.0
SetTextureCoordinates,1,0.0,0.0
SetTextureCoordinates,2,1.0,0.0
SetTextureCoordinates,3,1.0,1.0
LoadTexture,../glow_whiteX.png
SetEmissiveColor,255,255,255
SetBlendMode,Additive,130,DivideExponent4
scale,5,5,5
Translate,7.49,8.16,0


CreateMeshBuilder
AddVertex,-2.90,-0.0125,-8.5
AddVertex,-2.90,-0.7125,-8.5
AddVertex, 2.47,-0.7125,-8.5
AddVertex, 2.47,-0.7125,-0.5
AddVertex,-2.90,-0.7125,-0.5
AddVertex,-2.90,-0.0125,-0.5
AddFace2,0,1,4,5
AddFace2,1,2,3,4
SetTextureCoordinates,0,0.0,0.0
SetTextureCoordinates,1,0.3,0.0
SetTextureCoordinates,2,1.0,0.0
SetTextureCoordinates,3,1.0,1.0
SetTextureCoordinates,4,0.3,1.0
SetTextureCoordinates,5,0.0,1.0
LoadTexture,../glow_white.png
setcolor,255,255,255,120
SetEmissiveColor,85,85,85,
SetBlendMode,Additive,30,DivideExponent2
Translate,1.02,-0.43,5


CreateMeshBuilder
AddVertex,2.9,-0.0125,-8.5
AddVertex,2.9,-0.7125,-8.5
AddVertex,-2.47,-0.7125,-8.5
AddVertex,-2.47,-0.7125,-0.5
AddVertex,2.9,-0.7125,-0.5
AddVertex,2.9,-0.0125,-0.5
AddFace2,5,4,1,0
AddFace2,4,3,2,1
SetTextureCoordinates,0,0.0,0.0
SetTextureCoordinates,1,0.3,0.0
SetTextureCoordinates,2,1.0,0.0
SetTextureCoordinates,3,1.0,1.0
SetTextureCoordinates,4,0.3,1.0
SetTextureCoordinates,5,0.0,1.0
LoadTexture,../glow_white.png
setcolor,255,255,255,120
SetEmissiveColor,85,85,85
SetBlendMode,Additive,30,DivideExponent2
Translate,5.82,-0.43,5