CreateMeshBuilder,
AddVertex,-0.69, 1.36, -1
AddVertex,-0.69, 1.71, -1
AddVertex,-0.23, 1.71, -1
AddVertex,-0.23, 1.36, -1
AddFace2,0,1,2,3
LoadTexture,45.bmp,
SetTextureCoordinates,0,0,1,
SetTextureCoordinates,1,0,0,
SetTextureCoordinates,2,1,0,
SetTextureCoordinates,3,1,1,
GenerateNormals,
Translate,-1.73,-1.1,-0.01
Setcolor,220,220,220,

CreateMeshBuilder,
AddVertex,-0.53, 0.3, -1
AddVertex,-0.53, 1.3, -1
AddVertex,-0.47, 1.3, -1
AddVertex,-0.47, 0.3, -1
AddFace2,0,1,2,3,
Setcolor,45,35,32
GenerateNormals,
Translate,-1.7,-1,0