CreateMeshBuilder,
AddVertex,-0.70, 1.3, -1
AddVertex,-0.70, 1.65, -1
AddVertex,-0.35, 1.65, -1
AddVertex,-0.35, 1.3, -1
AddFace2,0,1,2,3
LoadTexture,P_1.bmp,
SetTextureCoordinates,0,0,1,
SetTextureCoordinates,1,0,0,
SetTextureCoordinates,2,1,0,
SetTextureCoordinates,3,1,1,
GenerateNormals,
Translate,-1.7,0,0.02

CreateMeshBuilder,
AddVertex,-0.516, 0.6, -1
AddVertex,-0.516, 2.3, -1
AddVertex,-0.494, 2.3, -1
AddVertex,-0.494, 0.6, -1
AddFace2,0,1,2,3,
Setcolor,85,85,82
GenerateNormals,
Translate,-1.72,-1,0.02