CreateMeshBuilder,
AddVertex, 0, 3.7, 2.2,
AddVertex, 0, 3.7, 0,
AddVertex, 3, 3.7, 0,
AddVertex, 3, 1.1, 0,
AddVertex, 0, 1.1, 0,
AddVertex, 0, 1.1, 2.2,
AddFace,0,1,4,5,
AddFace,1,2,3,4,
LoadTexture,CV_ez2.bmp
SetTextureCoordinates,0  ,0,0
SetTextureCoordinates,1  ,0.5,0
SetTextureCoordinates,2  ,1,0
SetTextureCoordinates,3  ,1,1
SetTextureCoordinates,4  ,0.5,1
SetTextureCoordinates,5  ,0,1
GenerateNormals,

CreateMeshBuilder,
AddVertex, 0, 3.7, 3,
AddVertex, 0, 3.7, 2.2,
AddVertex, 0, 1.1, 2.2,
AddVertex, 0, 1.1, 3,
AddFace,0,1,2,3
LoadTexture,../Pole\station_pole/kayawall3.bmp
SetTextureCoordinates,0  ,0,0
SetTextureCoordinates,1  ,0.2,0
SetTextureCoordinates,2  ,0.2,1
SetTextureCoordinates,3  ,0,1
GenerateNormals,