CreateMeshBuilder,
AddVertex, 0.7,-0.2,-1.3
AddVertex, 3.5,-0.2,-1.3
AddVertex, 3.5,-0.2, 4.6
AddVertex, 0.7,-0.2, 4.6
AddFace,3,2,1,0
Loadtexture,stairB.bmp
SetTextureCoordinates,0,1,0,
SetTextureCoordinates,1,0,0,
SetTextureCoordinates,2,0,1,
SetTextureCoordinates,3,1,1,
GenerateNormals,
Setcolor,150,150,150,

CreateMeshBuilder,
AddVertex, 0.7,-0.2,4.6
AddVertex, 3.5,-0.2,4.6
AddVertex, 3.5,-0.3,4.6
AddVertex, 0.7,-0.3,4.6
AddFace,3,2,1,0
GenerateNormals,
Loadtexture,../Wall\boadwall.bmp
Setcolor,100,100,100
SetTextureCoordinates,0,0,1
SetTextureCoordinates,1,0,0
SetTextureCoordinates,2,0.4,0
SetTextureCoordinates,3,0.4,1


CreateMeshBuilder
addvertex,0.7, 0.8, 4.6
addvertex,0.7, 0.8,-1.3
addvertex,0.7,-0.3,-1.3
addvertex,0.7,-0.3, 4.6
addvertex,3.5, 0.8, 4.6
addvertex,3.5, 0.8,-1.3
addvertex,3.5,-0.3,-1.3
addvertex,3.5,-0.3, 4.6
addface2,0,1,2,3,
addface2,4,5,6,7,
Loadtexture,stairB_13B.bmp
SetTextureCoordinates,0,0,0,
SetTextureCoordinates,1,1,0,
SetTextureCoordinates,2,1,1,
SetTextureCoordinates,3,0,1,
SetTextureCoordinates,4,0,0,
SetTextureCoordinates,5,1,0,
SetTextureCoordinates,6,1,1,
SetTextureCoordinates,7,0,1,
GenerateNormals,

CreateMeshBuilder
addvertex,0.73, 0.8,-1.3
addvertex,0.7, 0.8, 4.6
addvertex,0.7,-0.3, 4.6
addvertex,0.73,-0.3,-1.3
addvertex,3.47, 0.8, 4.6
addvertex,3.5, 0.8,-1.3
addvertex,3.5,-0.3,-1.3
addvertex,3.47,-0.3, 4.6
addface2,0,1,2,3,
addface2,4,5,6,7,
Loadtexture,stairB_13A.bmp
SetTextureCoordinates,0,1,0,
SetTextureCoordinates,1,0,0,
SetTextureCoordinates,2,0,1,
SetTextureCoordinates,3,1,1,
SetTextureCoordinates,4,0,0,
SetTextureCoordinates,5,1,0,
SetTextureCoordinates,6,1,1,
SetTextureCoordinates,7,0,1,
GenerateNormals,
;translate,2.7,0,0,

CreateMeshBuilder
addvertex,0.7, 0.8, -1.3
addvertex,3.5, 0.8, -1.3
addvertex,3.5,-0.3, -1.3
addvertex,0.7,-0.3, -1.3
addface2,0,1,2,3,
Loadtexture,stairB_13B.bmp
SetTextureCoordinates,0,1.0,0,
SetTextureCoordinates,1,0.5,0,
SetTextureCoordinates,2,0.5,1,
SetTextureCoordinates,3,1.0,1,
Setcolor,200,200,200,
GenerateNormals,

