CreateMeshBuilder,
AddVertex, 1.0, 1.2,-1.3
AddVertex, 3.5, 1.2,-1.3
AddVertex, 3.5, 1.2, 4.6
AddVertex, 1.0, 1.2, 4.6
AddFace,3,2,1,0
GenerateNormals,
Setcolor,20,20,20

CreateMeshBuilder,
AddVertex, 1.0, 1.1,4.6
AddVertex, 3.5, 1.1,4.6
AddVertex, 3.5, 1.2,4.6
AddVertex, 1.0, 1.2,4.6
AddFace2,3,2,1,0
GenerateNormals,
Loadtexture,../Wall\boadwall.bmp
Setcolor,150,150,150
SetTextureCoordinates,0,0,1
SetTextureCoordinates,1,0,0
SetTextureCoordinates,2,0.4,0
SetTextureCoordinates,3,0.4,1

CreateMeshBuilder,
addvertex,1.0, 1.2, 4.6
addvertex,1.0, 1.2,-1.3
addvertex,3.5, 1.2,-1.3
addvertex,3.5, 1.2, 4.6
addvertex,3.5,-0.0, 4.6
addvertex,3.5,-0.0,-1.3
addvertex,1.0,-0.0,-1.3
addvertex,1.0,-0.0, 4.6
addface2,0,1,6,7
addface2,1,2,5,6
addface2,2,3,4,5
loadtexture,stairE.bmp
SetTextureCoordinates,0,0,0,
SetTextureCoordinates,1,2,0,
SetTextureCoordinates,2,3,0,
SetTextureCoordinates,3,5,0,
SetTextureCoordinates,4,5,1,
SetTextureCoordinates,5,3,1,
SetTextureCoordinates,6,2,1,
SetTextureCoordinates,7,0,1,
GenerateNormals,
Translate,0,1.1,0