CreateMeshBuilder,
AddVertex,-0.56, 5.08, 2
AddVertex, 0.00, 5.08, 2
AddVertex, 0.00, 5.08, 2.56
AddVertex, 0.00, 1.10, 2.56
AddVertex, 0.00, 1.10, 2
AddVertex,-0.56, 1.10, 2
AddFace,0,1,4,5
AddFace,1,2,3,4
LoadTexture,OedoPole2.bmp
SetTextureCoordinates,0,0,1,
SetTextureCoordinates,1,0,0.5,
SetTextureCoordinates,2,0,0,
SetTextureCoordinates,3,1,0,
SetTextureCoordinates,4,1,0.5,
SetTextureCoordinates,5,1,1,
Translate,-7,0,-25
GenerateNormals,

CreateMeshBuilder,
AddVertex,-0.56, 5.08, 12
AddVertex, 0.00, 5.08, 12
AddVertex, 0.00, 5.08, 12.56
AddVertex, 0.00, 1.10, 12.56
AddVertex, 0.00, 1.10, 12
AddVertex,-0.56, 1.10, 12
AddFace,0,1,4,5
AddFace,1,2,3,4
LoadTexture,OedoPole2.bmp
SetTextureCoordinates,0,0,1,
SetTextureCoordinates,1,0,0.5,
SetTextureCoordinates,2,0,0,
SetTextureCoordinates,3,1,0,
SetTextureCoordinates,4,1,0.5,
SetTextureCoordinates,5,1,1,
Translate,-7,0,-25
GenerateNormals,

CreateMeshBuilder,
AddVertex,-0.56, 5.08, 22
AddVertex, 0.00, 5.08, 22
AddVertex, 0.00, 5.08, 22.56
AddVertex, 0.00, 1.10, 22.56
AddVertex, 0.00, 1.10, 22
AddVertex,-0.56, 1.10, 22
AddFace,0,1,4,5
AddFace,1,2,3,4
LoadTexture,OedoPole2.bmp
SetTextureCoordinates,0,0,1,
SetTextureCoordinates,1,0,0.5,
SetTextureCoordinates,2,0,0,
SetTextureCoordinates,3,1,0,
SetTextureCoordinates,4,1,0.5,
SetTextureCoordinates,5,1,1,
Translate,-7,0,-25
GenerateNormals,

CreateMeshBuilder,
AddVertex,-0.56, 5.08, 32
AddVertex, 0.00, 5.08, 32
AddVertex, 0.00, 5.08, 32.56
AddVertex, 0.00, 1.10, 32.56
AddVertex, 0.00, 1.10, 32
AddVertex,-0.56, 1.10, 32
AddFace,0,1,4,5
AddFace,1,2,3,4
LoadTexture,OedoPole2.bmp
SetTextureCoordinates,0,0,1,
SetTextureCoordinates,1,0,0.5,
SetTextureCoordinates,2,0,0,
SetTextureCoordinates,3,1,0,
SetTextureCoordinates,4,1,0.5,
SetTextureCoordinates,5,1,1,
Translate,-7,0,-25
GenerateNormals,

CreateMeshBuilder,
AddVertex,-0.56, 5.08, 42
AddVertex, 0.00, 5.08, 42
AddVertex, 0.00, 5.08, 42.56
AddVertex, 0.00, 1.10, 42.56
AddVertex, 0.00, 1.10, 42
AddVertex,-0.56, 1.10, 42
AddFace,0,1,4,5
AddFace,1,2,3,4
LoadTexture,OedoPole2.bmp
SetTextureCoordinates,0,0,1,
SetTextureCoordinates,1,0,0.5,
SetTextureCoordinates,2,0,0,
SetTextureCoordinates,3,1,0,
SetTextureCoordinates,4,1,0.5,
SetTextureCoordinates,5,1,1,
Translate,-7,0,-25
GenerateNormals,

CreateMeshBuilder,
AddVertex,-0.56, 5.08, 52
AddVertex, 0.00, 5.08, 52
AddVertex, 0.00, 5.08, 52.56
AddVertex, 0.00, 1.10, 52.56
AddVertex, 0.00, 1.10, 52
AddVertex,-0.56, 1.10, 52
AddFace,0,1,4,5
AddFace,1,2,3,4
LoadTexture,OedoPole2.bmp
SetTextureCoordinates,0,0,1,
SetTextureCoordinates,1,0,0.5,
SetTextureCoordinates,2,0,0,
SetTextureCoordinates,3,1,0,
SetTextureCoordinates,4,1,0.5,
SetTextureCoordinates,5,1,1,
Translate,-7,0,-25
GenerateNormals,

;;;;;Wall
CreateMeshBuilder,
AddVertex,-12.2, 1.0, 5,
AddVertex,-12.2, 4.7, 5,
AddVertex,-12.2, 4.7, 65.1,
AddVertex,-12.2, 1.0, 65.1,
AddVertex,-12.2, 1.0, -25,
AddVertex,-12.2, 4.7, -25,
AddVertex,-12.2, 4.7, -10,
AddVertex,-12.2, 1.0, -10,
AddFace,0,1,2,3,
AddFace,4,5,6,7,
SetColor,245,245,245
GenerateNormals,
LoadTexture,../Wall/mowall.bmp
SetTextureCoordinates,0, 0, 1,
SetTextureCoordinates,1, 0, 0,
SetTextureCoordinates,2, 5, 0,
SetTextureCoordinates,3, 5, 1,
SetTextureCoordinates,4, 0, 1,
SetTextureCoordinates,5, 0, 0,
SetTextureCoordinates,6, 1, 0,
SetTextureCoordinates,7, 1, 1,
CreateMeshBuilder,
AddVertex,-12.2, 1.0, -10,
AddVertex,-12.2, 4.7, -10,
AddVertex,-12.2, 4.7,  5,
AddVertex,-12.2, 1.0,  5,
AddFace,0,1,2,3,
LoadTexture,../sta/kudan.bmp
SetTextureCoordinates,0, 0, 1,
SetTextureCoordinates,1, 0, 0,
SetTextureCoordinates,2, 1, 0,
SetTextureCoordinates,3, 1, 1,
GenerateNormals,

CreateMeshBuilder,
AddVertex,-12.2, 1.05,-25.1,
AddVertex,-2.7, 1.05,-25.1,
AddVertex,-2.7, 1.05, 50.1,
AddVertex,-12.2, 1.05, 50.1,
AddFace,3,2,1,0
SetColor,245,245,245
GenerateNormals,
LoadTexture,../Form/FormD.bmp
SetTextureCoordinates,0, 0, 18,
SetTextureCoordinates,1, 0, 0,
SetTextureCoordinates,2, 65, 0,
SetTextureCoordinates,3, 65, 18,

CreateMeshBuilder,
AddVertex,-12.2, 4.7,-25
AddVertex,-7.5, 4.7,-25
AddVertex,-7.5, 4.7, 58.1
AddVertex,-12.2, 4.7, 58.1
AddVertex,-7.5, 4.7, 25.2
AddVertex,-7.5, 4.7, 58.1
AddVertex,-2.7, 4.7, 58.1
AddVertex,-2.7, 4.7, 25.2
AddFace,0,1,2,3
AddFace,7,6,5,4
LoadTexture,../Roof1/MzRoof2.bmp
SetTextureCoordinates,0, 0, 1,
SetTextureCoordinates,1, 0, 0,
SetTextureCoordinates,2, 62, 0,
SetTextureCoordinates,3, 62, 1,
SetTextureCoordinates,4, 0, 0,
SetTextureCoordinates,5, 22, 0,
SetTextureCoordinates,6, 22, 0.8,
SetTextureCoordinates,7, 0, 0.8,
GenerateNormals,

CreateMeshBuilder,
AddVertex,-5.8, 4.9, 55.5
AddVertex,-12.2, 4.9, 55.5
AddVertex,-12.2, 1.0, 48.5
AddVertex,-5.8, 1.0, 48.5
AddFace,3,2,1,0
LoadTexture,stairB.bmp
SetTextureCoordinates,0, 0, 0,
SetTextureCoordinates,1, 1, 0,
SetTextureCoordinates,2, 1, 1,
SetTextureCoordinates,3, 0, 1,
GenerateNormals,
CreateMeshBuilder,
AddVertex,-5.8, 4.7, 25
AddVertex,-11.2, 4.7, 25
AddVertex,-11.2, 1.0, 25
AddVertex,-5.8, 1.0, 25
AddFace2,3,2,1,0
LoadTexture,stairC-1.bmp
SetTextureCoordinates,0, 0, 0,
SetTextureCoordinates,1, 1, 0,
SetTextureCoordinates,2, 1, 1,
SetTextureCoordinates,3, 0, 1,
GenerateNormals,
Translate,18.3

CreateMeshBuilder,
AddVertex,-2.7, 4.9, 48.5
AddVertex,-5.8, 4.9, 48.5
AddVertex,-5.8, 1.0, 48.5
AddVertex,-2.7, 1.0, 48.5
AddVertex,-2.6, 4.9, 24.8
AddVertex,-2.8, 4.9, 24.8
AddVertex,-2.8, 1.1, 24.8
AddVertex,-2.6, 1.1, 24.8
AddFace,3,2,1,0
AddFace,7,6,5,4,
LoadTexture,../Pole/station_pole/MSpole2.bmp
SetTextureCoordinates,0, 0, 1,
SetTextureCoordinates,1, 0, 0,
SetTextureCoordinates,2, 1, 0,
SetTextureCoordinates,3, 1, 1,
SetTextureCoordinates,4, 0, 1,
SetTextureCoordinates,5, 0, 0.5,
SetTextureCoordinates,6, 1, 0.5,
SetTextureCoordinates,7, 1, 1,
GenerateNormals,
Setcolor,230,240,255

CreateMeshBuilder
AddVertex,-2,4.4,0
AddVertex, 2,4.4,0
AddVertex, 2,4.0,0
AddVertex,-2,4.0,0
AddFace,0,1,2,3
GenerateNormals,
Loadtexture,EA_exit.bmp
SetTextureCoordinates,0,0,0
SetTextureCoordinates,1,1,0
SetTextureCoordinates,2,1,1
SetTextureCoordinates,3,0,1
Translate,-9,0,48.5
CreateMeshBuilder,
AddVertex, 2.0, 4.4, 0.0
AddVertex, 2.0, 4.4, 0.2
AddVertex, 2.0, 4.0, 0.2
AddVertex,-2.0, 4.0, 0.2
AddVertex,-2.0, 4.0, 0.0
AddVertex, 2.0, 4.0, 0.0
AddVertex,-2.0, 4.4, 0.2
AddVertex,-2.0, 4.4, 0.0
AddFace,0,1,2,5
AddFace,2,3,4,5
AddFace,6,7,4,3
Setcolor,180,180,180
GenerateNormals,
Translate,-9,0,48.5

CreateMeshBuilder,
AddVertex,-1.3, 6.4,0
AddVertex,-16.3, 6.4,0.0
AddVertex,-16.3, 4.7,0.0
AddVertex,-1.3, 4.7,0
AddFace2,0,1,2,3
LoadTexture,../Roof1/roofB1.bmp
SetTextureCoordinates,0,0.5,0,
SetTextureCoordinates,1,0.5,0,
SetTextureCoordinates,2,0.0,6,
SetTextureCoordinates,3,0.0,6,
Setcolor,110,110,90,
GenerateNormals,
Translate,8,1,25