CreateMeshBuilder,
AddVertex,0.49, 5.1, 11.5
AddVertex,2.5, 5.1, 11.5
AddVertex,2.5, 5.1, 5.5
AddVertex,3.92, 5.1, 5.5
AddVertex,3.92, 1.1, 5.5
AddVertex,2.5, 1.1, 5.5
AddVertex,2.5, 1.1, 11.5
AddVertex,0.49, 1.1, 11.5
AddFace,0,1,6,7
AddFace,1,2,5,6
AddFace,2,3,4,5
LoadTexture,../Pole\station_pole\MSpole2.bmp
SetTextureCoordinates,0,  0,0,
SetTextureCoordinates,1,  0,1,
SetTextureCoordinates,2,  0,3,
SetTextureCoordinates,3,  0,4,
SetTextureCoordinates,4,  1,4,
SetTextureCoordinates,5,  1,3,
SetTextureCoordinates,6,  1,1,
SetTextureCoordinates,7,  1,0,
GenerateNormals,
Setcolor,220,230,255

CreateMeshBuilder,
AddVertex,6.2, 5.1, 5.5
AddVertex,6.2, 1.1, 5.5
AddVertex,6.2, 1.1, 15.5
AddVertex,6.2, 5.1, 15.5
AddFace,0,1,2,3
LoadTexture,../Pole\station_pole\MSpole2.bmp
SetTextureCoordinates,0, 0, 0,
SetTextureCoordinates,1, 1, 0,
SetTextureCoordinates,2, 1, 3,
SetTextureCoordinates,3, 0, 3,
GenerateNormals,
Setcolor,220,230,255

CreateMeshBuilder
AddVertex,0.5, 5.05, 0.0
AddVertex,7.5, 5.05, 0.0
AddVertex,7.5, 5.05,25.0
AddVertex,0.5, 5.05,25.0
AddFace,0,1,2,3
LoadTexture,../Roof1/MzRoof1.bmp
SetTextureCoordinates,0, 0, 1
SetTextureCoordinates,1, 0, 0
SetTextureCoordinates,2, 15, 0
SetTextureCoordinates,3, 15, 1
GenerateNormals

CreateMeshBuilder,
AddVertex,0.49, 5.05, 25.4
AddVertex,0.49, 5.05, 11.5
AddVertex,0.49, 0.8, 11.5
AddVertex,0.49, 0.8, 25.4
AddFace,0,1,2,3
LoadTexture,../Wall6A.bmp
Setcolor,236,236,208
SetTextureCoordinates,0, 0.6, 0,
SetTextureCoordinates,1, 0.3, 0,
SetTextureCoordinates,2, 0.3, 1,
SetTextureCoordinates,3, 0.6, 1,
GenerateNormals,

CreateMeshBuilder,
AddVertex,-3.72, 4.8, 0.10
AddVertex,-3.72, 4.8, 24.0
AddVertex,-3.72, 0.3, 24.0
AddVertex,-3.72, 0.3, 0.10
AddFace,0,1,2,3
LoadTexture,kiba3.bmp
Setcolor,249,230,227
SetTextureCoordinates,0, 0, 0,
SetTextureCoordinates,1, 1, 0,
SetTextureCoordinates,2, 1, 1,
SetTextureCoordinates,3, 0, 1,
GenerateNormals,

CreateMeshBuilder,
AddVertex,6.2, 5.1, 5.5
AddVertex,7.5, 5.1, 5.5
AddVertex,7.5, 1.1, 5.5
AddVertex,6.2, 1.1, 5.5
AddFace,0,1,2,3
LoadTexture,../Pole\station_pole\MSpole2.bmp
SetTextureCoordinates,0, 0, 1,
SetTextureCoordinates,1, 0, 0,
SetTextureCoordinates,2, 1, 0,
SetTextureCoordinates,3, 1, 1,
GenerateNormals,
Setcolor,220,230,255